trip_id,time_s,phase,lon_deg,lat_deg,altitude_m,payload_kg
T001,0.0,准备装载,109.2308517,23.0085095,127.7,14.0
T001,10.0,准备装载,109.2308517,23.0085095,127.7,14.0
T001,20.0,准备装载,109.2308517,23.0085095,127.7,14.0
T001,30.0,准备装载,109.2308517,23.0085095,127.7,14.0
T001,40.0,准备装载,109.2308517,23.0085095,127.7,14.0
T001,50.0,准备装载,109.2308517,23.0085095,127.7,14.0
T001,60.0,准备装载,109.2308517,23.0085095,127.7,14.0
T001,70.0,准备装载,109.2308517,23.0085095,127.7,14.0
T001,80.0,准备装载,109.2308517,23.0085095,127.7,14.0
T001,90.0,准备装载,109.2308517,23.0085095,127.7,14.0
T001,100.0,准备装载,109.2308517,23.0085095,127.7,14.0
T001,110.00000000000001,准备装载,109.2308517,23.0085095,127.7,14.0
T001,120.0,准备装载,109.2308517,23.0085095,127.7,14.0
T001,130.0,准备装载,109.2308517,23.0085095,127.7,14.0
T001,140.0,准备装载,109.2308517,23.0085095,127.7,14.0
T001,150.0,准备装载,109.2308517,23.0085095,127.7,14.0
T001,160.0,准备装载,109.2308517,23.0085095,127.7,14.0
T001,170.0,准备装载,109.2308517,23.0085095,127.7,14.0
T001,180.0,准备装载,109.2308517,23.0085095,127.7,14.0
T001,190.00000000000003,准备装载,109.2308517,23.0085095,127.7,14.0
T001,200.0,准备装载,109.2308517,23.0085095,127.7,14.0
T001,210.0,准备装载,109.2308517,23.0085095,127.7,14.0
T001,220.00000000000003,准备装载,109.2308517,23.0085095,127.7,14.0
T001,230.00000000000003,准备装载,109.2308517,23.0085095,127.7,14.0
T001,240.0,准备装载,109.2308517,23.0085095,127.7,14.0
T001,250.0,准备装载,109.2308517,23.0085095,127.7,14.0
T001,260.0,准备装载,109.2308517,23.0085095,127.7,14.0
T001,270.0,准备装载,109.2308517,23.0085095,127.7,14.0
T001,280.0,准备装载,109.2308517,23.0085095,127.7,14.0
T001,290.0,准备装载,109.2308517,23.0085095,127.7,14.0
T001,300.0,准备装载,109.2308517,23.0085095,127.7,14.0
T001,310.0,准备装载,109.2308517,23.0085095,127.7,14.0
T001,320.0,准备装载,109.2308517,23.0085095,127.7,14.0
T001,330.0,准备装载,109.2308517,23.0085095,127.7,14.0
T001,330.0,爬升,109.2308517,23.0085095,127.7,14.0
T001,339.93324330647783,爬升,109.2308517,23.0085095,157.4997299194336,14.0
T001,349.8664866129557,爬升,109.2308517,23.0085095,187.2994598388672,14.0
T001,359.7997299194336,爬升,109.2308517,23.0085095,217.09918975830078,14.0
T001,369.73297322591145,爬升,109.2308517,23.0085095,246.8989196777344,14.0
T001,379.6662165323893,爬升,109.2308517,23.0085095,276.69864959716796,14.0
T001,389.5994598388672,爬升,109.2308517,23.0085095,306.4983795166016,14.0
T001,399.53270314534507,爬升,109.2308517,23.0085095,336.2981094360352,14.0
T001,409.4659464518229,爬升,109.2308517,23.0085095,366.09783935546875,14.0
T001,409.4659464518229,巡航,109.2308517,23.0085095,366.09783935546875,14.0
T001,419.2999223111243,巡航,109.22970102962964,23.008480037037035,366.09783935546875,14.0
T001,429.1338981704257,巡航,109.22855035925926,23.00845057407407,366.09783935546875,14.0
T001,438.9678740297271,巡航,109.2273996888889,23.00842111111111,366.09783935546875,14.0
T001,448.8018498890285,巡航,109.22624901851852,23.008391648148148,366.09783935546875,14.0
T001,458.6358257483299,巡航,109.22509834814815,23.008362185185185,366.09783935546875,14.0
T001,468.4698016076313,巡航,109.22394767777779,23.00833272222222,366.09783935546875,14.0
T001,478.30377746693273,巡航,109.22279700740741,23.008303259259257,366.09783935546875,14.0
T001,488.13775332623413,巡航,109.22164633703704,23.008273796296294,366.09783935546875,14.0
T001,497.97172918553554,巡航,109.22049566666666,23.008244333333334,366.09783935546875,14.0
T001,507.805705044837,巡航,109.2193449962963,23.00821487037037,366.09783935546875,14.0
T001,517.6396809041383,巡航,109.21819432592594,23.008185407407407,366.09783935546875,14.0
T001,527.4736567634397,巡航,109.21704365555556,23.008155944444443,366.09783935546875,14.0
T001,537.3076326227412,巡航,109.21589298518519,23.00812648148148,366.09783935546875,14.0
T001,547.1416084820426,巡航,109.21474231481481,23.00809701851852,366.09783935546875,14.0
T001,556.9755843413441,巡航,109.21359164444445,23.008067555555556,366.09783935546875,14.0
T001,566.8095602006454,巡航,109.21244097407407,23.008038092592592,366.09783935546875,14.0
T001,576.6435360599469,巡航,109.2112903037037,23.00800862962963,366.09783935546875,14.0
T001,586.4775119192482,巡航,109.21013963333334,23.007979166666665,366.09783935546875,14.0
T001,596.3114877785497,巡航,109.20898896296296,23.007949703703705,366.09783935546875,14.0
T001,606.1454636378511,巡航,109.2078382925926,23.00792024074074,366.09783935546875,14.0
T001,615.9794394971525,巡航,109.20668762222222,23.007890777777778,366.09783935546875,14.0
T001,625.8134153564539,巡航,109.20553695185185,23.007861314814814,366.09783935546875,14.0
T001,635.6473912157553,巡航,109.20438628148149,23.00783185185185,366.09783935546875,14.0
T001,645.4813670750567,巡航,109.20323561111111,23.007802388888887,366.09783935546875,14.0
T001,655.3153429343581,巡航,109.20208494074075,23.007772925925927,366.09783935546875,14.0
T001,665.1493187936595,巡航,109.20093427037037,23.007743462962964,366.09783935546875,14.0
T001,674.9832946529609,巡航,109.1997836,23.007714,366.09783935546875,14.0
T001,674.9832946529609,下降,109.1997836,23.007714,366.09783935546875,14.0
T001,681.8230065670234,下降,109.1997836,23.007714,348.9985595703125,14.0
T001,688.6627184810859,下降,109.1997836,23.007714,331.89927978515624,14.0
T001,695.5024303951484,下降,109.1997836,23.007714,314.8,14.0
T001,695.5024303951484,交接,109.1997836,23.007714,314.8,14.0
T001,705.5024303951484,交接,109.1997836,23.007714,314.8,14.0
T001,715.5024303951484,交接,109.1997836,23.007714,314.8,14.0
T001,725.5024303951484,交接,109.1997836,23.007714,314.8,14.0
T001,735.5024303951484,交接,109.1997836,23.007714,314.8,14.0
T001,745.5024303951484,交接,109.1997836,23.007714,314.8,14.0
T001,755.5024303951484,交接,109.1997836,23.007714,314.8,14.0
T001,765.5024303951484,交接,109.1997836,23.007714,314.8,14.0
T001,775.5024303951484,交接,109.1997836,23.007714,314.8,14.0
T001,785.5024303951484,交接,109.1997836,23.007714,314.8,14.0
T001,795.5024303951484,交接,109.1997836,23.007714,314.8,14.0
T001,805.5024303951484,交接,109.1997836,23.007714,314.8,14.0
T001,815.5024303951484,交接,109.1997836,23.007714,314.8,14.0
T001,825.5024303951484,交接,109.1997836,23.007714,314.8,14.0
T001,835.5024303951484,交接,109.1997836,23.007714,314.8,14.0
T001,845.5024303951484,交接,109.1997836,23.007714,314.8,14.0
T001,855.5024303951484,交接,109.1997836,23.007714,314.8,14.0
T001,865.5024303951484,交接,109.1997836,23.007714,314.8,14.0
T001,875.5024303951484,交接,109.1997836,23.007714,314.8,14.0
T001,875.5024303951484,爬升,109.1997836,23.007714,314.8,0.0
T001,884.0520702877266,爬升,109.1997836,23.007714,340.44891967773435,0.0
T001,892.6017101803046,爬升,109.1997836,23.007714,366.09783935546875,0.0
T001,892.6017101803046,巡航,109.1997836,23.007714,366.09783935546875,0.0
T001,902.435686039606,巡航,109.20093427037037,23.007743462962964,366.09783935546875,0.0
T001,912.2696618989074,巡航,109.20208494074075,23.007772925925927,366.09783935546875,0.0
T001,922.1036377582088,巡航,109.20323561111111,23.007802388888887,366.09783935546875,0.0
T001,931.9376136175102,巡航,109.20438628148149,23.00783185185185,366.09783935546875,0.0
T001,941.7715894768116,巡航,109.20553695185185,23.007861314814814,366.09783935546875,0.0
T001,951.605565336113,巡航,109.20668762222222,23.007890777777778,366.09783935546875,0.0
T001,961.4395411954144,巡航,109.2078382925926,23.00792024074074,366.09783935546875,0.0
T001,971.2735170547159,巡航,109.20898896296296,23.007949703703705,366.09783935546875,0.0
T001,981.1074929140173,巡航,109.21013963333334,23.007979166666665,366.09783935546875,0.0
T001,990.9414687733187,巡航,109.2112903037037,23.00800862962963,366.09783935546875,0.0
T001,1000.7754446326201,巡航,109.21244097407407,23.008038092592592,366.09783935546875,0.0
T001,1010.6094204919215,巡航,109.21359164444445,23.008067555555556,366.09783935546875,0.0
T001,1020.4433963512229,巡航,109.21474231481481,23.00809701851852,366.09783935546875,0.0
T001,1030.2773722105244,巡航,109.21589298518519,23.00812648148148,366.09783935546875,0.0
T001,1040.1113480698257,巡航,109.21704365555556,23.008155944444443,366.09783935546875,0.0
T001,1049.945323929127,巡航,109.21819432592594,23.008185407407407,366.09783935546875,0.0
T001,1059.7792997884285,巡航,109.2193449962963,23.00821487037037,366.09783935546875,0.0
T001,1069.61327564773,巡航,109.22049566666666,23.008244333333334,366.09783935546875,0.0
T001,1079.4472515070313,巡航,109.22164633703704,23.008273796296294,366.09783935546875,0.0
T001,1089.2812273663326,巡航,109.22279700740741,23.008303259259257,366.09783935546875,0.0
T001,1099.115203225634,巡航,109.22394767777779,23.00833272222222,366.09783935546875,0.0
T001,1108.9491790849356,巡航,109.22509834814815,23.008362185185185,366.09783935546875,0.0
T001,1118.783154944237,巡航,109.22624901851852,23.008391648148148,366.09783935546875,0.0
T001,1128.6171308035382,巡航,109.2273996888889,23.00842111111111,366.09783935546875,0.0
T001,1138.4511066628397,巡航,109.22855035925926,23.00845057407407,366.09783935546875,0.0
T001,1148.2850825221412,巡航,109.22970102962964,23.008480037037035,366.09783935546875,0.0
T001,1158.1190583814425,巡航,109.2308517,23.0085095,366.09783935546875,0.0
T001,1158.1190583814425,下降,109.2308517,23.0085095,366.09783935546875,0.0
T001,1167.6549719556613,下降,109.2308517,23.0085095,342.2580554199219,0.0
T001,1177.19088552988,下降,109.2308517,23.0085095,318.418271484375,0.0
T001,1186.7267991040987,下降,109.2308517,23.0085095,294.5784875488281,0.0
T001,1196.2627126783175,下降,109.2308517,23.0085095,270.73870361328125,0.0
T001,1205.7986262525365,下降,109.2308517,23.0085095,246.89891967773437,0.0
T001,1215.3345398267552,下降,109.2308517,23.0085095,223.05913574218746,0.0
T001,1224.870453400974,下降,109.2308517,23.0085095,199.2193518066406,0.0
T001,1234.4063669751927,下降,109.2308517,23.0085095,175.37956787109374,0.0
T001,1243.9422805494114,下降,109.2308517,23.0085095,151.53978393554686,0.0
T001,1253.4781941236301,下降,109.2308517,23.0085095,127.69999999999999,0.0
T002,0.0,准备装载,109.2308517,23.0085095,127.7,14.0
T002,10.0,准备装载,109.2308517,23.0085095,127.7,14.0
T002,20.0,准备装载,109.2308517,23.0085095,127.7,14.0
T002,30.0,准备装载,109.2308517,23.0085095,127.7,14.0
T002,40.0,准备装载,109.2308517,23.0085095,127.7,14.0
T002,50.0,准备装载,109.2308517,23.0085095,127.7,14.0
T002,60.0,准备装载,109.2308517,23.0085095,127.7,14.0
T002,70.0,准备装载,109.2308517,23.0085095,127.7,14.0
T002,80.0,准备装载,109.2308517,23.0085095,127.7,14.0
T002,90.0,准备装载,109.2308517,23.0085095,127.7,14.0
T002,100.0,准备装载,109.2308517,23.0085095,127.7,14.0
T002,110.00000000000001,准备装载,109.2308517,23.0085095,127.7,14.0
T002,120.0,准备装载,109.2308517,23.0085095,127.7,14.0
T002,130.0,准备装载,109.2308517,23.0085095,127.7,14.0
T002,140.0,准备装载,109.2308517,23.0085095,127.7,14.0
T002,150.0,准备装载,109.2308517,23.0085095,127.7,14.0
T002,160.0,准备装载,109.2308517,23.0085095,127.7,14.0
T002,170.0,准备装载,109.2308517,23.0085095,127.7,14.0
T002,180.0,准备装载,109.2308517,23.0085095,127.7,14.0
T002,190.00000000000003,准备装载,109.2308517,23.0085095,127.7,14.0
T002,200.0,准备装载,109.2308517,23.0085095,127.7,14.0
T002,210.0,准备装载,109.2308517,23.0085095,127.7,14.0
T002,220.00000000000003,准备装载,109.2308517,23.0085095,127.7,14.0
T002,230.00000000000003,准备装载,109.2308517,23.0085095,127.7,14.0
T002,240.0,准备装载,109.2308517,23.0085095,127.7,14.0
T002,250.0,准备装载,109.2308517,23.0085095,127.7,14.0
T002,260.0,准备装载,109.2308517,23.0085095,127.7,14.0
T002,270.0,准备装载,109.2308517,23.0085095,127.7,14.0
T002,280.0,准备装载,109.2308517,23.0085095,127.7,14.0
T002,290.0,准备装载,109.2308517,23.0085095,127.7,14.0
T002,300.0,准备装载,109.2308517,23.0085095,127.7,14.0
T002,310.0,准备装载,109.2308517,23.0085095,127.7,14.0
T002,320.0,准备装载,109.2308517,23.0085095,127.7,14.0
T002,330.0,准备装载,109.2308517,23.0085095,127.7,14.0
T002,330.0,爬升,109.2308517,23.0085095,127.7,14.0
T002,339.3314101710464,爬升,109.2308517,23.0085095,155.69423051313922,14.0
T002,348.6628203420928,爬升,109.2308517,23.0085095,183.68846102627842,14.0
T002,357.9942305131392,爬升,109.2308517,23.0085095,211.68269153941762,14.0
T002,367.3256406841856,爬升,109.2308517,23.0085095,239.67692205255685,14.0
T002,376.657050855232,爬升,109.2308517,23.0085095,267.67115256569605,14.0
T002,385.9884610262784,爬升,109.2308517,23.0085095,295.66538307883525,14.0
T002,395.3198711973248,爬升,109.2308517,23.0085095,323.65961359197445,14.0
T002,404.6512813683712,爬升,109.2308517,23.0085095,351.65384410511365,14.0
T002,413.9826915394176,爬升,109.2308517,23.0085095,379.64807461825285,14.0
T002,423.314101710464,爬升,109.2308517,23.0085095,407.64230513139205,14.0
T002,432.6455118815104,爬升,109.2308517,23.0085095,435.63653564453125,14.0
T002,432.6455118815104,巡航,109.2308517,23.0085095,435.63653564453125,14.0
T002,442.6132094891013,巡航,109.2319808275,23.008781785,435.63653564453125,14.0
T002,452.5809070966922,巡航,109.233109955,23.009054069999998,435.63653564453125,14.0
T002,462.5486047042831,巡航,109.2342390825,23.009326355,435.63653564453125,14.0
T002,472.51630231187397,巡航,109.23536821,23.00959864,435.63653564453125,14.0
T002,482.48399991946485,巡航,109.2364973375,23.009870924999998,435.63653564453125,14.0
T002,492.4516975270558,巡航,109.237626465,23.01014321,435.63653564453125,14.0
T002,502.41939513464666,巡航,109.2387555925,23.010415495,435.63653564453125,14.0
T002,512.3870927422375,巡航,109.23988472,23.010687779999998,435.63653564453125,14.0
T002,522.3547903498285,巡航,109.2410138475,23.010960065,435.63653564453125,14.0
T002,532.3224879574193,巡航,109.24214297500001,23.01123235,435.63653564453125,14.0
T002,542.2901855650102,巡航,109.2432721025,23.011504634999998,435.63653564453125,14.0
T002,552.2578831726012,巡航,109.24440123,23.01177692,435.63653564453125,14.0
T002,562.2255807801921,巡航,109.2455303575,23.012049205,435.63653564453125,14.0
T002,572.1932783877829,巡航,109.246659485,23.012321489999998,435.63653564453125,14.0
T002,582.1609759953739,巡航,109.2477886125,23.012593775,435.63653564453125,14.0
T002,592.1286736029647,巡航,109.24891774,23.01286606,435.63653564453125,14.0
T002,602.0963712105556,巡航,109.2500468675,23.013138344999998,435.63653564453125,14.0
T002,612.0640688181466,巡航,109.251175995,23.01341063,435.63653564453125,14.0
T002,622.0317664257375,巡航,109.2523051225,23.013682915,435.63653564453125,14.0
T002,631.9994640333283,巡航,109.25343425,23.013955199999998,435.63653564453125,14.0
T002,641.9671616409192,巡航,109.25456337749999,23.014227485,435.63653564453125,14.0
T002,651.9348592485101,巡航,109.255692505,23.01449977,435.63653564453125,14.0
T002,661.902556856101,巡航,109.25682163249999,23.014772055,435.63653564453125,14.0
T002,671.8702544636919,巡航,109.25795076,23.01504434,435.63653564453125,14.0
T002,681.8379520712828,巡航,109.2590798875,23.015316625,435.63653564453125,14.0
T002,691.8056496788737,巡航,109.260209015,23.01558891,435.63653564453125,14.0
T002,701.7733472864645,巡航,109.2613381425,23.015861195,435.63653564453125,14.0
T002,711.7410448940554,巡航,109.26246727,23.01613348,435.63653564453125,14.0
T002,721.7087425016464,巡航,109.2635963975,23.016405765000002,435.63653564453125,14.0
T002,731.6764401092373,巡航,109.26472552499999,23.01667805,435.63653564453125,14.0
T002,741.6441377168281,巡航,109.2658546525,23.016950335,435.63653564453125,14.0
T002,751.6118353244191,巡航,109.26698377999999,23.017222620000002,435.63653564453125,14.0
T002,761.5795329320099,巡航,109.2681129075,23.017494905,435.63653564453125,14.0
T002,771.5472305396008,巡航,109.26924203499999,23.01776719,435.63653564453125,14.0
T002,781.5149281471918,巡航,109.2703711625,23.018039475000002,435.63653564453125,14.0
T002,791.4826257547827,巡航,109.27150028999999,23.01831176,435.63653564453125,14.0
T002,801.4503233623735,巡航,109.2726294175,23.018584045,435.63653564453125,14.0
T002,811.4180209699645,巡航,109.27375854499999,23.018856330000002,435.63653564453125,14.0
T002,821.3857185775553,巡航,109.2748876725,23.019128615,435.63653564453125,14.0
T002,831.3534161851462,巡航,109.2760168,23.0194009,435.63653564453125,14.0
T002,831.3534161851462,下降,109.2760168,23.0194009,435.63653564453125,14.0
T002,839.7570697495994,下降,109.2760168,23.0194009,414.6274017333984,14.0
T002,848.1607233140525,下降,109.2760168,23.0194009,393.61826782226564,14.0
T002,856.5643768785055,下降,109.2760168,23.0194009,372.60913391113286,14.0
T002,864.9680304429587,下降,109.2760168,23.0194009,351.6,14.0
T002,864.9680304429587,交接,109.2760168,23.0194009,351.6,14.0
T002,874.9680304429587,交接,109.2760168,23.0194009,351.6,14.0
T002,884.9680304429587,交接,109.2760168,23.0194009,351.6,14.0
T002,894.9680304429587,交接,109.2760168,23.0194009,351.6,14.0
T002,904.9680304429587,交接,109.2760168,23.0194009,351.6,14.0
T002,914.9680304429587,交接,109.2760168,23.0194009,351.6,14.0
T002,924.9680304429587,交接,109.2760168,23.0194009,351.6,14.0
T002,934.9680304429587,交接,109.2760168,23.0194009,351.6,14.0
T002,944.9680304429587,交接,109.2760168,23.0194009,351.6,14.0
T002,954.9680304429587,交接,109.2760168,23.0194009,351.6,14.0
T002,964.9680304429587,交接,109.2760168,23.0194009,351.6,14.0
T002,974.9680304429587,交接,109.2760168,23.0194009,351.6,14.0
T002,984.9680304429587,交接,109.2760168,23.0194009,351.6,14.0
T002,994.9680304429587,交接,109.2760168,23.0194009,351.6,14.0
T002,1004.9680304429587,交接,109.2760168,23.0194009,351.6,14.0
T002,1014.9680304429587,交接,109.2760168,23.0194009,351.6,14.0
T002,1024.9680304429587,交接,109.2760168,23.0194009,351.6,14.0
T002,1034.9680304429587,交接,109.2760168,23.0194009,351.6,14.0
T002,1044.9680304429587,交接,109.2760168,23.0194009,351.6,14.0
T002,1044.9680304429587,爬升,109.2760168,23.0194009,351.6,0.0
T002,1054.3054232923512,爬升,109.2760168,23.0194009,379.6121785481771,0.0
T002,1063.6428161417434,爬升,109.2760168,23.0194009,407.6243570963542,0.0
T002,1072.980208991136,爬升,109.2760168,23.0194009,435.63653564453125,0.0
T002,1072.980208991136,巡航,109.2760168,23.0194009,435.63653564453125,0.0
T002,1082.9479065987268,巡航,109.2748876725,23.019128615,435.63653564453125,0.0
T002,1092.9156042063178,巡航,109.27375854499999,23.018856330000002,435.63653564453125,0.0
T002,1102.8833018139085,巡航,109.2726294175,23.018584045,435.63653564453125,0.0
T002,1112.8509994214994,巡航,109.27150028999999,23.01831176,435.63653564453125,0.0
T002,1122.8186970290903,巡航,109.2703711625,23.018039475000002,435.63653564453125,0.0
T002,1132.7863946366813,巡航,109.26924203499999,23.01776719,435.63653564453125,0.0
T002,1142.7540922442722,巡航,109.2681129075,23.017494905,435.63653564453125,0.0
T002,1152.7217898518632,巡航,109.26698377999999,23.017222620000002,435.63653564453125,0.0
T002,1162.6894874594539,巡航,109.2658546525,23.016950335,435.63653564453125,0.0
T002,1172.6571850670448,巡航,109.26472552499999,23.01667805,435.63653564453125,0.0
T002,1182.6248826746357,巡航,109.2635963975,23.016405765000002,435.63653564453125,0.0
T002,1192.5925802822267,巡航,109.26246727,23.01613348,435.63653564453125,0.0
T002,1202.5602778898176,巡航,109.2613381425,23.015861195,435.63653564453125,0.0
T002,1212.5279754974085,巡航,109.260209015,23.01558891,435.63653564453125,0.0
T002,1222.4956731049992,巡航,109.2590798875,23.015316625,435.63653564453125,0.0
T002,1232.4633707125902,巡航,109.25795076,23.01504434,435.63653564453125,0.0
T002,1242.431068320181,巡航,109.25682163249999,23.014772055,435.63653564453125,0.0
T002,1252.398765927772,巡航,109.255692505,23.01449977,435.63653564453125,0.0
T002,1262.366463535363,巡航,109.25456337749999,23.014227485,435.63653564453125,0.0
T002,1272.3341611429537,巡航,109.25343425,23.013955199999998,435.63653564453125,0.0
T002,1282.3018587505446,巡航,109.2523051225,23.013682915,435.63653564453125,0.0
T002,1292.2695563581356,巡航,109.251175995,23.01341063,435.63653564453125,0.0
T002,1302.2372539657265,巡航,109.2500468675,23.013138344999998,435.63653564453125,0.0
T002,1312.2049515733174,巡航,109.24891774,23.01286606,435.63653564453125,0.0
T002,1322.1726491809084,巡航,109.2477886125,23.012593775,435.63653564453125,0.0
T002,1332.1403467884993,巡航,109.246659485,23.012321489999998,435.63653564453125,0.0
T002,1342.10804439609,巡航,109.2455303575,23.012049205,435.63653564453125,0.0
T002,1352.075742003681,巡航,109.24440123,23.01177692,435.63653564453125,0.0
T002,1362.0434396112719,巡航,109.2432721025,23.011504634999998,435.63653564453125,0.0
T002,1372.0111372188628,巡航,109.24214297500001,23.01123235,435.63653564453125,0.0
T002,1381.9788348264537,巡航,109.2410138475,23.010960065,435.63653564453125,0.0
T002,1391.9465324340445,巡航,109.23988472,23.010687779999998,435.63653564453125,0.0
T002,1401.9142300416354,巡航,109.2387555925,23.010415495,435.63653564453125,0.0
T002,1411.8819276492263,巡航,109.237626465,23.01014321,435.63653564453125,0.0
T002,1421.8496252568173,巡航,109.2364973375,23.009870924999998,435.63653564453125,0.0
T002,1431.8173228644082,巡航,109.23536821,23.00959864,435.63653564453125,0.0
T002,1441.785020471999,巡航,109.2342390825,23.009326355,435.63653564453125,0.0
T002,1451.75271807959,巡航,109.233109955,23.009054069999998,435.63653564453125,0.0
T002,1461.7204156871808,巡航,109.2319808275,23.008781785,435.63653564453125,0.0
T002,1471.6881132947717,巡航,109.2308517,23.0085095,435.63653564453125,0.0
T002,1471.6881132947717,下降,109.2308517,23.0085095,435.63653564453125,0.0
T002,1481.1630836222957,下降,109.2308517,23.0085095,411.94910982572117,0.0
T002,1490.6380539498198,下降,109.2308517,23.0085095,388.2616840069111,0.0
T002,1500.1130242773438,下降,109.2308517,23.0085095,364.57425818810094,0.0
T002,1509.5879946048678,下降,109.2308517,23.0085095,340.88683236929086,0.0
T002,1519.0629649323919,下降,109.2308517,23.0085095,317.1994065504808,0.0
T002,1528.537935259916,下降,109.2308517,23.0085095,293.51198073167063,0.0
T002,1538.01290558744,下降,109.2308517,23.0085095,269.82455491286055,0.0
T002,1547.487875914964,下降,109.2308517,23.0085095,246.13712909405047,0.0
T002,1556.962846242488,下降,109.2308517,23.0085095,222.44970327524038,0.0
T002,1566.437816570012,下降,109.2308517,23.0085095,198.76227745643027,0.0
T002,1575.912786897536,下降,109.2308517,23.0085095,175.07485163762016,0.0
T002,1585.38775722506,下降,109.2308517,23.0085095,151.38742581881007,0.0
T002,1594.8627275525841,下降,109.2308517,23.0085095,127.69999999999999,0.0
T003,0.0,准备装载,109.2308517,23.0085095,127.7,14.0
T003,10.0,准备装载,109.2308517,23.0085095,127.7,14.0
T003,20.0,准备装载,109.2308517,23.0085095,127.7,14.0
T003,30.0,准备装载,109.2308517,23.0085095,127.7,14.0
T003,40.0,准备装载,109.2308517,23.0085095,127.7,14.0
T003,50.0,准备装载,109.2308517,23.0085095,127.7,14.0
T003,60.0,准备装载,109.2308517,23.0085095,127.7,14.0
T003,70.0,准备装载,109.2308517,23.0085095,127.7,14.0
T003,80.0,准备装载,109.2308517,23.0085095,127.7,14.0
T003,90.0,准备装载,109.2308517,23.0085095,127.7,14.0
T003,100.0,准备装载,109.2308517,23.0085095,127.7,14.0
T003,110.00000000000001,准备装载,109.2308517,23.0085095,127.7,14.0
T003,120.0,准备装载,109.2308517,23.0085095,127.7,14.0
T003,130.0,准备装载,109.2308517,23.0085095,127.7,14.0
T003,140.0,准备装载,109.2308517,23.0085095,127.7,14.0
T003,150.0,准备装载,109.2308517,23.0085095,127.7,14.0
T003,160.0,准备装载,109.2308517,23.0085095,127.7,14.0
T003,170.0,准备装载,109.2308517,23.0085095,127.7,14.0
T003,180.0,准备装载,109.2308517,23.0085095,127.7,14.0
T003,190.00000000000003,准备装载,109.2308517,23.0085095,127.7,14.0
T003,200.0,准备装载,109.2308517,23.0085095,127.7,14.0
T003,210.0,准备装载,109.2308517,23.0085095,127.7,14.0
T003,220.00000000000003,准备装载,109.2308517,23.0085095,127.7,14.0
T003,230.00000000000003,准备装载,109.2308517,23.0085095,127.7,14.0
T003,240.0,准备装载,109.2308517,23.0085095,127.7,14.0
T003,250.0,准备装载,109.2308517,23.0085095,127.7,14.0
T003,260.0,准备装载,109.2308517,23.0085095,127.7,14.0
T003,270.0,准备装载,109.2308517,23.0085095,127.7,14.0
T003,280.0,准备装载,109.2308517,23.0085095,127.7,14.0
T003,290.0,准备装载,109.2308517,23.0085095,127.7,14.0
T003,300.0,准备装载,109.2308517,23.0085095,127.7,14.0
T003,310.0,准备装载,109.2308517,23.0085095,127.7,14.0
T003,320.0,准备装载,109.2308517,23.0085095,127.7,14.0
T003,330.0,准备装载,109.2308517,23.0085095,127.7,14.0
T003,330.0,爬升,109.2308517,23.0085095,127.7,14.0
T003,339.04939412434896,爬升,109.2308517,23.0085095,154.84818237304688,14.0
T003,348.09878824869793,爬升,109.2308517,23.0085095,181.99636474609378,14.0
T003,357.1481823730469,爬升,109.2308517,23.0085095,209.14454711914064,14.0
T003,366.19757649739586,爬升,109.2308517,23.0085095,236.2927294921875,14.0
T003,375.2469706217448,爬升,109.2308517,23.0085095,263.4409118652344,14.0
T003,384.2963647460938,爬升,109.2308517,23.0085095,290.5890942382813,14.0
T003,393.3457588704427,爬升,109.2308517,23.0085095,317.7372766113281,14.0
T003,402.39515299479166,爬升,109.2308517,23.0085095,344.885458984375,14.0
T003,411.4445471191406,爬升,109.2308517,23.0085095,372.0336413574219,14.0
T003,420.4939412434896,爬升,109.2308517,23.0085095,399.18182373046875,14.0
T003,420.4939412434896,巡航,109.2308517,23.0085095,399.18182373046875,14.0
T003,430.35012493704755,巡航,109.23184029024391,23.0090602,399.18182373046875,14.0
T003,440.20630863060546,巡航,109.2328288804878,23.0096109,399.18182373046875,14.0
T003,450.06249232416343,巡航,109.23381747073171,23.0101616,399.18182373046875,14.0
T003,459.9186760177214,巡航,109.23480606097561,23.010712299999998,399.18182373046875,14.0
T003,469.7748597112793,巡航,109.23579465121952,23.011263,399.18182373046875,14.0
T003,479.63104340483727,巡航,109.23678324146341,23.011813699999998,399.18182373046875,14.0
T003,489.48722709839524,巡航,109.23777183170732,23.0123644,399.18182373046875,14.0
T003,499.3434107919532,巡航,109.23876042195123,23.012915099999997,399.18182373046875,14.0
T003,509.1995944855111,巡航,109.23974901219512,23.0134658,399.18182373046875,14.0
T003,519.0557781790691,巡航,109.24073760243903,23.0140165,399.18182373046875,14.0
T003,528.911961872627,巡航,109.24172619268293,23.0145672,399.18182373046875,14.0
T003,538.768145566185,巡航,109.24271478292683,23.0151179,399.18182373046875,14.0
T003,548.6243292597429,巡航,109.24370337317073,23.015668599999998,399.18182373046875,14.0
T003,558.4805129533008,巡航,109.24469196341464,23.0162193,399.18182373046875,14.0
T003,568.3366966468589,巡航,109.24568055365854,23.016769999999998,399.18182373046875,14.0
T003,578.1928803404168,巡航,109.24666914390244,23.0173207,399.18182373046875,14.0
T003,588.0490640339748,巡航,109.24765773414634,23.0178714,399.18182373046875,14.0
T003,597.9052477275327,巡航,109.24864632439025,23.0184221,399.18182373046875,14.0
T003,607.7614314210906,巡航,109.24963491463414,23.0189728,399.18182373046875,14.0
T003,617.6176151146485,巡航,109.25062350487805,23.0195235,399.18182373046875,14.0
T003,627.4737988082065,巡航,109.25161209512196,23.0200742,399.18182373046875,14.0
T003,637.3299825017646,巡航,109.25260068536586,23.020624899999998,399.18182373046875,14.0
T003,647.1861661953225,巡航,109.25358927560976,23.0211756,399.18182373046875,14.0
T003,657.0423498888804,巡航,109.25457786585366,23.021726299999997,399.18182373046875,14.0
T003,666.8985335824383,巡航,109.25556645609757,23.022277,399.18182373046875,14.0
T003,676.7547172759962,巡航,109.25655504634146,23.0228277,399.18182373046875,14.0
T003,686.6109009695542,巡航,109.25754363658537,23.0233784,399.18182373046875,14.0
T003,696.4670846631122,巡航,109.25853222682927,23.0239291,399.18182373046875,14.0
T003,706.3232683566702,巡航,109.25952081707318,23.024479799999998,399.18182373046875,14.0
T003,716.1794520502281,巡航,109.26050940731707,23.0250305,399.18182373046875,14.0
T003,726.0356357437861,巡航,109.26149799756098,23.025581199999998,399.18182373046875,14.0
T003,735.891819437344,巡航,109.26248658780489,23.0261319,399.18182373046875,14.0
T003,745.7480031309019,巡航,109.26347517804878,23.0266826,399.18182373046875,14.0
T003,755.6041868244599,巡航,109.26446376829269,23.0272333,399.18182373046875,14.0
T003,765.4603705180178,巡航,109.26545235853659,23.027784,399.18182373046875,14.0
T003,775.3165542115757,巡航,109.26644094878048,23.0283347,399.18182373046875,14.0
T003,785.1727379051338,巡航,109.26742953902439,23.0288854,399.18182373046875,14.0
T003,795.0289215986917,巡航,109.2684181292683,23.029436099999998,399.18182373046875,14.0
T003,804.8851052922496,巡航,109.2694067195122,23.0299868,399.18182373046875,14.0
T003,814.7412889858076,巡航,109.2703953097561,23.030537499999998,399.18182373046875,14.0
T003,824.5974726793655,巡航,109.2713839,23.0310882,399.18182373046875,14.0
T003,824.5974726793655,下降,109.2713839,23.0310882,399.18182373046875,14.0
T003,834.0938374254592,下降,109.2713839,23.0310882,375.4409118652344,14.0
T003,843.5902021715531,下降,109.2713839,23.0310882,351.7,14.0
T003,843.5902021715531,交接,109.2713839,23.0310882,351.7,14.0
T003,853.5902021715531,交接,109.2713839,23.0310882,351.7,14.0
T003,863.5902021715531,交接,109.2713839,23.0310882,351.7,14.0
T003,873.5902021715531,交接,109.2713839,23.0310882,351.7,14.0
T003,883.5902021715531,交接,109.2713839,23.0310882,351.7,14.0
T003,893.5902021715531,交接,109.2713839,23.0310882,351.7,14.0
T003,903.5902021715531,交接,109.2713839,23.0310882,351.7,14.0
T003,913.5902021715531,交接,109.2713839,23.0310882,351.7,14.0
T003,923.5902021715531,交接,109.2713839,23.0310882,351.7,14.0
T003,933.5902021715531,交接,109.2713839,23.0310882,351.7,14.0
T003,943.5902021715531,交接,109.2713839,23.0310882,351.7,14.0
T003,953.5902021715531,交接,109.2713839,23.0310882,351.7,14.0
T003,963.5902021715531,交接,109.2713839,23.0310882,351.7,14.0
T003,973.5902021715531,交接,109.2713839,23.0310882,351.7,14.0
T003,983.5902021715531,交接,109.2713839,23.0310882,351.7,14.0
T003,993.5902021715531,交接,109.2713839,23.0310882,351.7,14.0
T003,1003.5902021715531,交接,109.2713839,23.0310882,351.7,14.0
T003,1013.5902021715531,交接,109.2713839,23.0310882,351.7,14.0
T003,1023.5902021715531,交接,109.2713839,23.0310882,351.7,14.0
T003,1023.5902021715531,爬升,109.2713839,23.0310882,351.7,0.0
T003,1031.5038394599646,爬升,109.2713839,23.0310882,375.4409118652344,0.0
T003,1039.417476748376,爬升,109.2713839,23.0310882,399.18182373046875,0.0
T003,1039.417476748376,巡航,109.2713839,23.0310882,399.18182373046875,0.0
T003,1049.273660441934,巡航,109.2703953097561,23.030537499999998,399.18182373046875,0.0
T003,1059.1298441354918,巡航,109.2694067195122,23.0299868,399.18182373046875,0.0
T003,1068.9860278290498,巡航,109.2684181292683,23.029436099999998,399.18182373046875,0.0
T003,1078.8422115226078,巡航,109.26742953902439,23.0288854,399.18182373046875,0.0
T003,1088.6983952161656,巡航,109.26644094878048,23.0283347,399.18182373046875,0.0
T003,1098.5545789097237,巡航,109.26545235853659,23.027784,399.18182373046875,0.0
T003,1108.4107626032817,巡航,109.26446376829269,23.0272333,399.18182373046875,0.0
T003,1118.2669462968397,巡航,109.26347517804878,23.0266826,399.18182373046875,0.0
T003,1128.1231299903975,巡航,109.26248658780489,23.0261319,399.18182373046875,0.0
T003,1137.9793136839555,巡航,109.26149799756098,23.025581199999998,399.18182373046875,0.0
T003,1147.8354973775135,巡航,109.26050940731707,23.0250305,399.18182373046875,0.0
T003,1157.6916810710713,巡航,109.25952081707318,23.024479799999998,399.18182373046875,0.0
T003,1167.5478647646294,巡航,109.25853222682927,23.0239291,399.18182373046875,0.0
T003,1177.4040484581874,巡航,109.25754363658537,23.0233784,399.18182373046875,0.0
T003,1187.2602321517452,巡航,109.25655504634146,23.0228277,399.18182373046875,0.0
T003,1197.1164158453032,巡航,109.25556645609757,23.022277,399.18182373046875,0.0
T003,1206.9725995388612,巡航,109.25457786585366,23.021726299999997,399.18182373046875,0.0
T003,1216.828783232419,巡航,109.25358927560976,23.0211756,399.18182373046875,0.0
T003,1226.684966925977,巡航,109.25260068536586,23.020624899999998,399.18182373046875,0.0
T003,1236.541150619535,巡航,109.25161209512196,23.0200742,399.18182373046875,0.0
T003,1246.3973343130929,巡航,109.25062350487805,23.0195235,399.18182373046875,0.0
T003,1256.253518006651,巡航,109.24963491463414,23.0189728,399.18182373046875,0.0
T003,1266.109701700209,巡航,109.24864632439025,23.0184221,399.18182373046875,0.0
T003,1275.9658853937667,巡航,109.24765773414634,23.0178714,399.18182373046875,0.0
T003,1285.8220690873247,巡航,109.24666914390244,23.0173207,399.18182373046875,0.0
T003,1295.6782527808828,巡航,109.24568055365854,23.016769999999998,399.18182373046875,0.0
T003,1305.5344364744406,巡航,109.24469196341464,23.0162193,399.18182373046875,0.0
T003,1315.3906201679986,巡航,109.24370337317073,23.015668599999998,399.18182373046875,0.0
T003,1325.2468038615566,巡航,109.24271478292683,23.0151179,399.18182373046875,0.0
T003,1335.1029875551144,巡航,109.24172619268293,23.0145672,399.18182373046875,0.0
T003,1344.9591712486724,巡航,109.24073760243903,23.0140165,399.18182373046875,0.0
T003,1354.8153549422304,巡航,109.23974901219512,23.0134658,399.18182373046875,0.0
T003,1364.6715386357882,巡航,109.23876042195123,23.012915099999997,399.18182373046875,0.0
T003,1374.5277223293463,巡航,109.23777183170732,23.0123644,399.18182373046875,0.0
T003,1384.3839060229043,巡航,109.23678324146341,23.011813699999998,399.18182373046875,0.0
T003,1394.240089716462,巡航,109.23579465121952,23.011263,399.18182373046875,0.0
T003,1404.09627341002,巡航,109.23480606097561,23.010712299999998,399.18182373046875,0.0
T003,1413.9524571035781,巡航,109.23381747073171,23.0101616,399.18182373046875,0.0
T003,1423.8086407971361,巡航,109.2328288804878,23.0096109,399.18182373046875,0.0
T003,1433.664824490694,巡航,109.23184029024391,23.0090602,399.18182373046875,0.0
T003,1443.521008184252,巡航,109.2308517,23.0085095,399.18182373046875,0.0
T003,1443.521008184252,下降,109.2308517,23.0085095,399.18182373046875,0.0
T003,1453.3930745017235,下降,109.2308517,23.0085095,374.5016579367898,0.0
T003,1463.2651408191953,下降,109.2308517,23.0085095,349.8214921431108,0.0
T003,1473.1372071366668,下降,109.2308517,23.0085095,325.14132634943184,0.0
T003,1483.0092734541383,下降,109.2308517,23.0085095,300.4611605557528,0.0
T003,1492.8813397716099,下降,109.2308517,23.0085095,275.7809947620739,0.0
T003,1502.7534060890816,下降,109.2308517,23.0085095,251.1008289683949,0.0
T003,1512.6254724065532,下降,109.2308517,23.0085095,226.4206631747159,0.0
T003,1522.4975387240247,下降,109.2308517,23.0085095,201.74049738103693,0.0
T003,1532.3696050414965,下降,109.2308517,23.0085095,177.06033158735792,0.0
T003,1542.241671358968,下降,109.2308517,23.0085095,152.38016579367894,0.0
T003,1552.1137376764395,下降,109.2308517,23.0085095,127.69999999999999,0.0
T004,0.0,准备装载,109.2308517,23.0085095,127.7,14.0
T004,10.0,准备装载,109.2308517,23.0085095,127.7,14.0
T004,20.0,准备装载,109.2308517,23.0085095,127.7,14.0
T004,30.0,准备装载,109.2308517,23.0085095,127.7,14.0
T004,40.0,准备装载,109.2308517,23.0085095,127.7,14.0
T004,50.0,准备装载,109.2308517,23.0085095,127.7,14.0
T004,60.0,准备装载,109.2308517,23.0085095,127.7,14.0
T004,70.0,准备装载,109.2308517,23.0085095,127.7,14.0
T004,80.0,准备装载,109.2308517,23.0085095,127.7,14.0
T004,90.0,准备装载,109.2308517,23.0085095,127.7,14.0
T004,100.0,准备装载,109.2308517,23.0085095,127.7,14.0
T004,110.00000000000001,准备装载,109.2308517,23.0085095,127.7,14.0
T004,120.0,准备装载,109.2308517,23.0085095,127.7,14.0
T004,130.0,准备装载,109.2308517,23.0085095,127.7,14.0
T004,140.0,准备装载,109.2308517,23.0085095,127.7,14.0
T004,150.0,准备装载,109.2308517,23.0085095,127.7,14.0
T004,160.0,准备装载,109.2308517,23.0085095,127.7,14.0
T004,170.0,准备装载,109.2308517,23.0085095,127.7,14.0
T004,180.0,准备装载,109.2308517,23.0085095,127.7,14.0
T004,190.00000000000003,准备装载,109.2308517,23.0085095,127.7,14.0
T004,200.0,准备装载,109.2308517,23.0085095,127.7,14.0
T004,210.0,准备装载,109.2308517,23.0085095,127.7,14.0
T004,220.00000000000003,准备装载,109.2308517,23.0085095,127.7,14.0
T004,230.00000000000003,准备装载,109.2308517,23.0085095,127.7,14.0
T004,240.0,准备装载,109.2308517,23.0085095,127.7,14.0
T004,250.0,准备装载,109.2308517,23.0085095,127.7,14.0
T004,260.0,准备装载,109.2308517,23.0085095,127.7,14.0
T004,270.0,准备装载,109.2308517,23.0085095,127.7,14.0
T004,280.0,准备装载,109.2308517,23.0085095,127.7,14.0
T004,290.0,准备装载,109.2308517,23.0085095,127.7,14.0
T004,300.0,准备装载,109.2308517,23.0085095,127.7,14.0
T004,310.0,准备装载,109.2308517,23.0085095,127.7,14.0
T004,320.0,准备装载,109.2308517,23.0085095,127.7,14.0
T004,330.0,准备装载,109.2308517,23.0085095,127.7,14.0
T004,330.0,爬升,109.2308517,23.0085095,127.7,14.0
T004,339.0179722086589,爬升,109.2308517,23.0085095,154.75391662597656,14.0
T004,348.0359444173177,爬升,109.2308517,23.0085095,181.80783325195313,14.0
T004,357.05391662597657,爬升,109.2308517,23.0085095,208.8617498779297,14.0
T004,366.0718888346354,爬升,109.2308517,23.0085095,235.91566650390627,14.0
T004,375.08986104329426,爬升,109.2308517,23.0085095,262.96958312988284,14.0
T004,384.10783325195314,爬升,109.2308517,23.0085095,290.0234997558594,14.0
T004,393.12580546061196,爬升,109.2308517,23.0085095,317.077416381836,14.0
T004,402.14377766927083,爬升,109.2308517,23.0085095,344.13133300781254,14.0
T004,411.16174987792965,爬升,109.2308517,23.0085095,371.18524963378906,14.0
T004,420.1797220865885,爬升,109.2308517,23.0085095,398.2391662597656,14.0
T004,420.1797220865885,巡航,109.2308517,23.0085095,398.2391662597656,14.0
T004,430.07035855981565,巡航,109.23096431076924,23.009576144615384,398.2391662597656,14.0
T004,439.9609950330428,巡航,109.23107692153846,23.01064278923077,398.2391662597656,14.0
T004,449.85163150626994,巡航,109.2311895323077,23.011709433846153,398.2391662597656,14.0
T004,459.74226797949706,巡航,109.23130214307693,23.01277607846154,398.2391662597656,14.0
T004,469.63290445272423,巡航,109.23141475384615,23.013842723076923,398.2391662597656,14.0
T004,479.52354092595135,巡航,109.23152736461539,23.014909367692308,398.2391662597656,14.0
T004,489.41417739917847,巡航,109.23163997538462,23.015976012307693,398.2391662597656,14.0
T004,499.30481387240565,巡航,109.23175258615385,23.017042656923078,398.2391662597656,14.0
T004,509.19545034563276,巡航,109.23186519692308,23.01810930153846,398.2391662597656,14.0
T004,519.0860868188599,巡航,109.2319778076923,23.019175946153844,398.2391662597656,14.0
T004,528.9767232920871,巡航,109.23209041846154,23.02024259076923,398.2391662597656,14.0
T004,538.8673597653142,巡航,109.23220302923077,23.021309235384614,398.2391662597656,14.0
T004,548.7579962385413,巡航,109.23231564,23.02237588,398.2391662597656,14.0
T004,558.6486327117684,巡航,109.23242825076923,23.023442524615383,398.2391662597656,14.0
T004,568.5392691849956,巡航,109.23254086153847,23.024509169230768,398.2391662597656,14.0
T004,578.4299056582228,巡航,109.23265347230769,23.025575813846153,398.2391662597656,14.0
T004,588.3205421314499,巡航,109.23276608307692,23.026642458461538,398.2391662597656,14.0
T004,598.211178604677,巡航,109.23287869384616,23.027709103076923,398.2391662597656,14.0
T004,608.1018150779041,巡航,109.23299130461538,23.028775747692308,398.2391662597656,14.0
T004,617.9924515511314,巡航,109.23310391538462,23.029842392307692,398.2391662597656,14.0
T004,627.8830880243585,巡航,109.23321652615385,23.030909036923077,398.2391662597656,14.0
T004,637.7737244975856,巡航,109.23332913692307,23.031975681538462,398.2391662597656,14.0
T004,647.6643609708127,巡航,109.23344174769231,23.033042326153847,398.2391662597656,14.0
T004,657.5549974440398,巡航,109.23355435846155,23.034108970769232,398.2391662597656,14.0
T004,667.445633917267,巡航,109.23366696923077,23.035175615384613,398.2391662597656,14.0
T004,677.3362703904941,巡航,109.23377958,23.036242259999998,398.2391662597656,14.0
T004,687.2269068637213,巡航,109.23389219076923,23.037308904615383,398.2391662597656,14.0
T004,697.1175433369484,巡航,109.23400480153846,23.038375549230768,398.2391662597656,14.0
T004,707.0081798101755,巡航,109.2341174123077,23.039442193846153,398.2391662597656,14.0
T004,716.8988162834027,巡航,109.23423002307692,23.040508838461538,398.2391662597656,14.0
T004,726.7894527566298,巡航,109.23434263384615,23.041575483076922,398.2391662597656,14.0
T004,736.680089229857,巡航,109.23445524461539,23.042642127692307,398.2391662597656,14.0
T004,746.570725703084,巡航,109.23456785538461,23.043708772307692,398.2391662597656,14.0
T004,756.4613621763112,巡航,109.23468046615385,23.044775416923077,398.2391662597656,14.0
T004,766.3519986495385,巡航,109.23479307692308,23.045842061538462,398.2391662597656,14.0
T004,776.2426351227655,巡航,109.2349056876923,23.046908706153847,398.2391662597656,14.0
T004,786.1332715959926,巡航,109.23501829846154,23.04797535076923,398.2391662597656,14.0
T004,796.0239080692197,巡航,109.23513090923078,23.049041995384616,398.2391662597656,14.0
T004,805.914544542447,巡航,109.23524352,23.05010864,398.2391662597656,14.0
T004,815.8051810156741,巡航,109.23535613076923,23.051175284615386,398.2391662597656,14.0
T004,825.6958174889012,巡航,109.23546874153845,23.052241929230767,398.2391662597656,14.0
T004,835.5864539621284,巡航,109.23558135230769,23.053308573846152,398.2391662597656,14.0
T004,845.4770904353555,巡航,109.23569396307693,23.054375218461537,398.2391662597656,14.0
T004,855.3677269085827,巡航,109.23580657384615,23.055441863076922,398.2391662597656,14.0
T004,865.2583633818097,巡航,109.23591918461538,23.056508507692307,398.2391662597656,14.0
T004,875.1489998550369,巡航,109.23603179538462,23.05757515230769,398.2391662597656,14.0
T004,885.0396363282641,巡航,109.23614440615384,23.058641796923077,398.2391662597656,14.0
T004,894.9302728014911,巡航,109.23625701692308,23.05970844153846,398.2391662597656,14.0
T004,904.8209092747182,巡航,109.23636962769231,23.060775086153846,398.2391662597656,14.0
T004,914.7115457479454,巡航,109.23648223846153,23.06184173076923,398.2391662597656,14.0
T004,924.6021822211726,巡航,109.23659484923077,23.062908375384616,398.2391662597656,14.0
T004,934.4928186943997,巡航,109.23670746,23.06397502,398.2391662597656,14.0
T004,944.3834551676268,巡航,109.23682007076923,23.065041664615386,398.2391662597656,14.0
T004,954.274091640854,巡航,109.23693268153846,23.06610830923077,398.2391662597656,14.0
T004,964.1647281140812,巡航,109.2370452923077,23.067174953846155,398.2391662597656,14.0
T004,974.0553645873083,巡航,109.23715790307692,23.06824159846154,398.2391662597656,14.0
T004,983.9460010605354,巡航,109.23727051384616,23.06930824307692,398.2391662597656,14.0
T004,993.8366375337625,巡航,109.23738312461538,23.070374887692306,398.2391662597656,14.0
T004,1003.7272740069898,巡航,109.23749573538461,23.07144153230769,398.2391662597656,14.0
T004,1013.6179104802168,巡航,109.23760834615385,23.072508176923076,398.2391662597656,14.0
T004,1023.5085469534439,巡航,109.23772095692307,23.07357482153846,398.2391662597656,14.0
T004,1033.3991834266712,巡航,109.2378335676923,23.074641466153846,398.2391662597656,14.0
T004,1043.2898198998982,巡航,109.23794617846154,23.07570811076923,398.2391662597656,14.0
T004,1053.1804563731253,巡航,109.23805878923076,23.076774755384616,398.2391662597656,14.0
T004,1063.0710928463525,巡航,109.2381714,23.0778414,398.2391662597656,14.0
T004,1063.0710928463525,下降,109.2381714,23.0778414,398.2391662597656,14.0
T004,1072.7819023469106,下降,109.2381714,23.0778414,373.96214250837056,14.0
T004,1082.4927118474686,下降,109.2381714,23.0778414,349.68511875697544,14.0
T004,1092.2035213480267,下降,109.2381714,23.0778414,325.4080950055804,14.0
T004,1101.9143308485845,下降,109.2381714,23.0778414,301.13107125418526,14.0
T004,1111.6251403491426,下降,109.2381714,23.0778414,276.8540475027902,14.0
T004,1121.3359498497007,下降,109.2381714,23.0778414,252.5770237513951,14.0
T004,1131.0467593502588,下降,109.2381714,23.0778414,228.3,14.0
T004,1131.0467593502588,交接,109.2381714,23.0778414,228.3,14.0
T004,1141.0467593502588,交接,109.2381714,23.0778414,228.3,14.0
T004,1151.0467593502588,交接,109.2381714,23.0778414,228.3,14.0
T004,1161.0467593502588,交接,109.2381714,23.0778414,228.3,14.0
T004,1171.0467593502588,交接,109.2381714,23.0778414,228.3,14.0
T004,1181.0467593502588,交接,109.2381714,23.0778414,228.3,14.0
T004,1191.0467593502588,交接,109.2381714,23.0778414,228.3,14.0
T004,1201.0467593502588,交接,109.2381714,23.0778414,228.3,14.0
T004,1211.0467593502588,交接,109.2381714,23.0778414,228.3,14.0
T004,1221.0467593502588,交接,109.2381714,23.0778414,228.3,14.0
T004,1231.0467593502588,交接,109.2381714,23.0778414,228.3,14.0
T004,1241.0467593502588,交接,109.2381714,23.0778414,228.3,14.0
T004,1251.0467593502588,交接,109.2381714,23.0778414,228.3,14.0
T004,1261.0467593502588,交接,109.2381714,23.0778414,228.3,14.0
T004,1271.0467593502588,交接,109.2381714,23.0778414,228.3,14.0
T004,1281.0467593502588,交接,109.2381714,23.0778414,228.3,14.0
T004,1291.0467593502588,交接,109.2381714,23.0778414,228.3,14.0
T004,1301.0467593502588,交接,109.2381714,23.0778414,228.3,14.0
T004,1311.0467593502588,交接,109.2381714,23.0778414,228.3,14.0
T004,1311.0467593502588,爬升,109.2381714,23.0778414,228.3,0.0
T004,1320.487824142468,爬升,109.2381714,23.0778414,256.6231943766276,0.0
T004,1329.9288889346772,爬升,109.2381714,23.0778414,284.94638875325523,0.0
T004,1339.3699537268863,爬升,109.2381714,23.0778414,313.2695831298828,0.0
T004,1348.8110185190956,爬升,109.2381714,23.0778414,341.5927775065104,0.0
T004,1358.2520833113047,爬升,109.2381714,23.0778414,369.915971883138,0.0
T004,1367.693148103514,爬升,109.2381714,23.0778414,398.2391662597656,0.0
T004,1367.693148103514,巡航,109.2381714,23.0778414,398.2391662597656,0.0
T004,1377.5837845767412,巡航,109.23805878923076,23.076774755384616,398.2391662597656,0.0
T004,1387.4744210499682,巡航,109.23794617846154,23.07570811076923,398.2391662597656,0.0
T004,1397.3650575231954,巡航,109.2378335676923,23.074641466153846,398.2391662597656,0.0
T004,1407.2556939964225,巡航,109.23772095692307,23.07357482153846,398.2391662597656,0.0
T004,1417.1463304696497,巡航,109.23760834615385,23.072508176923076,398.2391662597656,0.0
T004,1427.036966942877,巡航,109.23749573538461,23.07144153230769,398.2391662597656,0.0
T004,1436.927603416104,巡航,109.23738312461538,23.070374887692306,398.2391662597656,0.0
T004,1446.8182398893312,巡航,109.23727051384616,23.06930824307692,398.2391662597656,0.0
T004,1456.7088763625582,巡航,109.23715790307692,23.06824159846154,398.2391662597656,0.0
T004,1466.5995128357854,巡航,109.2370452923077,23.067174953846155,398.2391662597656,0.0
T004,1476.4901493090124,巡航,109.23693268153846,23.06610830923077,398.2391662597656,0.0
T004,1486.3807857822396,巡航,109.23682007076923,23.065041664615386,398.2391662597656,0.0
T004,1496.2714222554669,巡航,109.23670746,23.06397502,398.2391662597656,0.0
T004,1506.1620587286939,巡航,109.23659484923077,23.062908375384616,398.2391662597656,0.0
T004,1516.052695201921,巡航,109.23648223846153,23.06184173076923,398.2391662597656,0.0
T004,1525.943331675148,巡航,109.23636962769231,23.060775086153846,398.2391662597656,0.0
T004,1535.8339681483753,巡航,109.23625701692308,23.05970844153846,398.2391662597656,0.0
T004,1545.7246046216026,巡航,109.23614440615384,23.058641796923077,398.2391662597656,0.0
T004,1555.6152410948296,巡航,109.23603179538462,23.05757515230769,398.2391662597656,0.0
T004,1565.5058775680568,巡航,109.23591918461538,23.056508507692307,398.2391662597656,0.0
T004,1575.3965140412838,巡航,109.23580657384615,23.055441863076922,398.2391662597656,0.0
T004,1585.287150514511,巡航,109.23569396307693,23.054375218461537,398.2391662597656,0.0
T004,1595.1777869877383,巡航,109.23558135230769,23.053308573846152,398.2391662597656,0.0
T004,1605.0684234609653,巡航,109.23546874153845,23.052241929230767,398.2391662597656,0.0
T004,1614.9590599341925,巡航,109.23535613076923,23.051175284615386,398.2391662597656,0.0
T004,1624.8496964074195,巡航,109.23524352,23.05010864,398.2391662597656,0.0
T004,1634.7403328806467,巡航,109.23513090923078,23.049041995384616,398.2391662597656,0.0
T004,1644.6309693538738,巡航,109.23501829846154,23.04797535076923,398.2391662597656,0.0
T004,1654.521605827101,巡航,109.2349056876923,23.046908706153847,398.2391662597656,0.0
T004,1664.4122423003282,巡航,109.23479307692308,23.045842061538462,398.2391662597656,0.0
T004,1674.3028787735552,巡航,109.23468046615385,23.044775416923077,398.2391662597656,0.0
T004,1684.1935152467825,巡航,109.23456785538461,23.043708772307692,398.2391662597656,0.0
T004,1694.0841517200095,巡航,109.23445524461539,23.042642127692307,398.2391662597656,0.0
T004,1703.9747881932367,巡航,109.23434263384615,23.041575483076922,398.2391662597656,0.0
T004,1713.865424666464,巡航,109.23423002307692,23.040508838461538,398.2391662597656,0.0
T004,1723.756061139691,巡航,109.2341174123077,23.039442193846153,398.2391662597656,0.0
T004,1733.6466976129182,巡航,109.23400480153846,23.038375549230768,398.2391662597656,0.0
T004,1743.5373340861452,巡航,109.23389219076923,23.037308904615383,398.2391662597656,0.0
T004,1753.4279705593724,巡航,109.23377958,23.036242259999998,398.2391662597656,0.0
T004,1763.3186070325996,巡航,109.23366696923077,23.035175615384613,398.2391662597656,0.0
T004,1773.2092435058266,巡航,109.23355435846155,23.034108970769232,398.2391662597656,0.0
T004,1783.0998799790539,巡航,109.23344174769231,23.033042326153847,398.2391662597656,0.0
T004,1792.990516452281,巡航,109.23332913692307,23.031975681538462,398.2391662597656,0.0
T004,1802.881152925508,巡航,109.23321652615385,23.030909036923077,398.2391662597656,0.0
T004,1812.771789398735,巡航,109.23310391538462,23.029842392307692,398.2391662597656,0.0
T004,1822.6624258719623,巡航,109.23299130461538,23.028775747692308,398.2391662597656,0.0
T004,1832.5530623451896,巡航,109.23287869384616,23.027709103076923,398.2391662597656,0.0
T004,1842.4436988184166,巡航,109.23276608307692,23.026642458461538,398.2391662597656,0.0
T004,1852.3343352916436,巡航,109.23265347230769,23.025575813846153,398.2391662597656,0.0
T004,1862.2249717648708,巡航,109.23254086153847,23.024509169230768,398.2391662597656,0.0
T004,1872.115608238098,巡航,109.23242825076923,23.023442524615383,398.2391662597656,0.0
T004,1882.006244711325,巡航,109.23231564,23.02237588,398.2391662597656,0.0
T004,1891.8968811845523,巡航,109.23220302923077,23.021309235384614,398.2391662597656,0.0
T004,1901.7875176577795,巡航,109.23209041846154,23.02024259076923,398.2391662597656,0.0
T004,1911.6781541310065,巡航,109.2319778076923,23.019175946153844,398.2391662597656,0.0
T004,1921.5687906042338,巡航,109.23186519692308,23.01810930153846,398.2391662597656,0.0
T004,1931.459427077461,巡航,109.23175258615385,23.017042656923078,398.2391662597656,0.0
T004,1941.350063550688,巡航,109.23163997538462,23.015976012307693,398.2391662597656,0.0
T004,1951.2407000239152,巡航,109.23152736461539,23.014909367692308,398.2391662597656,0.0
T004,1961.1313364971422,巡航,109.23141475384615,23.013842723076923,398.2391662597656,0.0
T004,1971.0219729703695,巡航,109.23130214307693,23.01277607846154,398.2391662597656,0.0
T004,1980.9126094435965,巡航,109.2311895323077,23.011709433846153,398.2391662597656,0.0
T004,1990.8032459168237,巡航,109.23107692153846,23.01064278923077,398.2391662597656,0.0
T004,2000.693882390051,巡航,109.23096431076924,23.009576144615384,398.2391662597656,0.0
T004,2010.584518863278,巡航,109.2308517,23.0085095,398.2391662597656,0.0
T004,2010.584518863278,下降,109.2308517,23.0085095,398.2391662597656,0.0
T004,2020.4223067272694,下降,109.2308517,23.0085095,373.6446965997869,0.0
T004,2030.260094591261,下降,109.2308517,23.0085095,349.0502269398082,0.0
T004,2040.0978824552524,下降,109.2308517,23.0085095,324.4557572798295,0.0
T004,2049.935670319244,下降,109.2308517,23.0085095,299.8612876198508,0.0
T004,2059.773458183235,下降,109.2308517,23.0085095,275.2668179598721,0.0
T004,2069.611246047227,下降,109.2308517,23.0085095,250.67234829989346,0.0
T004,2079.449033911218,下降,109.2308517,23.0085095,226.07787863991476,0.0
T004,2089.28682177521,下降,109.2308517,23.0085095,201.48340897993606,0.0
T004,2099.124609639201,下降,109.2308517,23.0085095,176.88893931995736,0.0
T004,2108.9623975031927,下降,109.2308517,23.0085095,152.29446965997866,0.0
T004,2118.800185367184,下降,109.2308517,23.0085095,127.69999999999999,0.0
T005,0.0,准备装载,109.2308517,23.0085095,127.7,3.0
T005,10.0,准备装载,109.2308517,23.0085095,127.7,3.0
T005,20.0,准备装载,109.2308517,23.0085095,127.7,3.0
T005,30.0,准备装载,109.2308517,23.0085095,127.7,3.0
T005,40.0,准备装载,109.2308517,23.0085095,127.7,3.0
T005,50.0,准备装载,109.2308517,23.0085095,127.7,3.0
T005,60.0,准备装载,109.2308517,23.0085095,127.7,3.0
T005,70.0,准备装载,109.2308517,23.0085095,127.7,3.0
T005,80.0,准备装载,109.2308517,23.0085095,127.7,3.0
T005,90.0,准备装载,109.2308517,23.0085095,127.7,3.0
T005,100.0,准备装载,109.2308517,23.0085095,127.7,3.0
T005,110.00000000000001,准备装载,109.2308517,23.0085095,127.7,3.0
T005,120.0,准备装载,109.2308517,23.0085095,127.7,3.0
T005,130.0,准备装载,109.2308517,23.0085095,127.7,3.0
T005,140.0,准备装载,109.2308517,23.0085095,127.7,3.0
T005,150.0,准备装载,109.2308517,23.0085095,127.7,3.0
T005,160.0,准备装载,109.2308517,23.0085095,127.7,3.0
T005,170.0,准备装载,109.2308517,23.0085095,127.7,3.0
T005,180.0,准备装载,109.2308517,23.0085095,127.7,3.0
T005,190.00000000000003,准备装载,109.2308517,23.0085095,127.7,3.0
T005,200.0,准备装载,109.2308517,23.0085095,127.7,3.0
T005,210.0,准备装载,109.2308517,23.0085095,127.7,3.0
T005,220.00000000000003,准备装载,109.2308517,23.0085095,127.7,3.0
T005,230.00000000000003,准备装载,109.2308517,23.0085095,127.7,3.0
T005,240.0,准备装载,109.2308517,23.0085095,127.7,3.0
T005,250.0,准备装载,109.2308517,23.0085095,127.7,3.0
T005,260.0,准备装载,109.2308517,23.0085095,127.7,3.0
T005,270.0,准备装载,109.2308517,23.0085095,127.7,3.0
T005,280.0,准备装载,109.2308517,23.0085095,127.7,3.0
T005,290.0,准备装载,109.2308517,23.0085095,127.7,3.0
T005,300.0,准备装载,109.2308517,23.0085095,127.7,3.0
T005,310.0,准备装载,109.2308517,23.0085095,127.7,3.0
T005,320.0,准备装载,109.2308517,23.0085095,127.7,3.0
T005,330.0,准备装载,109.2308517,23.0085095,127.7,3.0
T005,330.0,爬升,109.2308517,23.0085095,127.7,3.0
T005,339.3314101710464,爬升,109.2308517,23.0085095,155.69423051313922,3.0
T005,348.6628203420928,爬升,109.2308517,23.0085095,183.68846102627842,3.0
T005,357.9942305131392,爬升,109.2308517,23.0085095,211.68269153941762,3.0
T005,367.3256406841856,爬升,109.2308517,23.0085095,239.67692205255685,3.0
T005,376.657050855232,爬升,109.2308517,23.0085095,267.67115256569605,3.0
T005,385.9884610262784,爬升,109.2308517,23.0085095,295.66538307883525,3.0
T005,395.3198711973248,爬升,109.2308517,23.0085095,323.65961359197445,3.0
T005,404.6512813683712,爬升,109.2308517,23.0085095,351.65384410511365,3.0
T005,413.9826915394176,爬升,109.2308517,23.0085095,379.64807461825285,3.0
T005,423.314101710464,爬升,109.2308517,23.0085095,407.64230513139205,3.0
T005,432.6455118815104,爬升,109.2308517,23.0085095,435.63653564453125,3.0
T005,432.6455118815104,巡航,109.2308517,23.0085095,435.63653564453125,3.0
T005,442.6132094891013,巡航,109.232263109375,23.00884985625,435.63653564453125,3.0
T005,452.5809070966922,巡航,109.23367451875001,23.0091902125,435.63653564453125,3.0
T005,462.5486047042831,巡航,109.235085928125,23.009530568749998,435.63653564453125,3.0
T005,472.51630231187397,巡航,109.2364973375,23.009870924999998,435.63653564453125,3.0
T005,482.48399991946485,巡航,109.23790874687501,23.010211281249997,435.63653564453125,3.0
T005,492.4516975270558,巡航,109.23932015625,23.0105516375,435.63653564453125,3.0
T005,502.41939513464666,巡航,109.240731565625,23.01089199375,435.63653564453125,3.0
T005,512.3870927422375,巡航,109.24214297500001,23.01123235,435.63653564453125,3.0
T005,522.3547903498285,巡航,109.243554384375,23.01157270625,435.63653564453125,3.0
T005,532.3224879574193,巡航,109.24496579375,23.0119130625,435.63653564453125,3.0
T005,542.2901855650102,巡航,109.246377203125,23.01225341875,435.63653564453125,3.0
T005,552.2578831726012,巡航,109.2477886125,23.012593775,435.63653564453125,3.0
T005,562.2255807801921,巡航,109.249200021875,23.01293413125,435.63653564453125,3.0
T005,572.1932783877829,巡航,109.25061143125,23.0132744875,435.63653564453125,3.0
T005,582.1609759953739,巡航,109.252022840625,23.01361484375,435.63653564453125,3.0
T005,592.1286736029647,巡航,109.25343425,23.013955199999998,435.63653564453125,3.0
T005,602.0963712105556,巡航,109.254845659375,23.01429555625,435.63653564453125,3.0
T005,612.0640688181466,巡航,109.25625706875,23.0146359125,435.63653564453125,3.0
T005,622.0317664257375,巡航,109.257668478125,23.01497626875,435.63653564453125,3.0
T005,631.9994640333283,巡航,109.2590798875,23.015316625,435.63653564453125,3.0
T005,641.9671616409192,巡航,109.260491296875,23.01565698125,435.63653564453125,3.0
T005,651.9348592485101,巡航,109.26190270625,23.0159973375,435.63653564453125,3.0
T005,661.902556856101,巡航,109.263314115625,23.01633769375,435.63653564453125,3.0
T005,671.8702544636919,巡航,109.26472552499999,23.01667805,435.63653564453125,3.0
T005,681.8379520712829,巡航,109.266136934375,23.01701840625,435.63653564453125,3.0
T005,691.8056496788737,巡航,109.26754834375,23.0173587625,435.63653564453125,3.0
T005,701.7733472864645,巡航,109.26895975312499,23.017699118750002,435.63653564453125,3.0
T005,711.7410448940554,巡航,109.2703711625,23.018039475000002,435.63653564453125,3.0
T005,721.7087425016464,巡航,109.271782571875,23.01837983125,435.63653564453125,3.0
T005,731.6764401092373,巡航,109.27319398124999,23.0187201875,435.63653564453125,3.0
T005,741.6441377168283,巡航,109.274605390625,23.01906054375,435.63653564453125,3.0
T005,751.6118353244191,巡航,109.2760168,23.0194009,435.63653564453125,3.0
T005,751.6118353244191,下降,109.2760168,23.0194009,435.63653564453125,3.0
T005,760.0154888888721,下降,109.2760168,23.0194009,414.6274017333984,3.0
T005,768.4191424533253,下降,109.2760168,23.0194009,393.61826782226564,3.0
T005,776.8227960177785,下降,109.2760168,23.0194009,372.60913391113286,3.0
T005,785.2264495822316,下降,109.2760168,23.0194009,351.6,3.0
T005,785.2264495822316,交接,109.2760168,23.0194009,351.6,3.0
T005,795.2264495822316,交接,109.2760168,23.0194009,351.6,3.0
T005,805.2264495822316,交接,109.2760168,23.0194009,351.6,3.0
T005,815.2264495822316,交接,109.2760168,23.0194009,351.6,3.0
T005,825.2264495822316,交接,109.2760168,23.0194009,351.6,3.0
T005,835.2264495822316,交接,109.2760168,23.0194009,351.6,3.0
T005,845.2264495822316,交接,109.2760168,23.0194009,351.6,3.0
T005,855.2264495822316,交接,109.2760168,23.0194009,351.6,3.0
T005,865.2264495822316,交接,109.2760168,23.0194009,351.6,3.0
T005,875.2264495822316,交接,109.2760168,23.0194009,351.6,3.0
T005,885.2264495822316,交接,109.2760168,23.0194009,351.6,3.0
T005,895.2264495822316,交接,109.2760168,23.0194009,351.6,3.0
T005,905.2264495822316,交接,109.2760168,23.0194009,351.6,3.0
T005,915.2264495822316,交接,109.2760168,23.0194009,351.6,3.0
T005,925.2264495822316,交接,109.2760168,23.0194009,351.6,3.0
T005,935.2264495822316,交接,109.2760168,23.0194009,351.6,3.0
T005,945.2264495822316,交接,109.2760168,23.0194009,351.6,3.0
T005,955.2264495822316,交接,109.2760168,23.0194009,351.6,3.0
T005,965.2264495822316,交接,109.2760168,23.0194009,351.6,3.0
T005,965.2264495822316,爬升,109.2760168,23.0194009,351.6,0.0
T005,974.5638424316239,爬升,109.2760168,23.0194009,379.6121785481771,0.0
T005,983.9012352810163,爬升,109.2760168,23.0194009,407.6243570963542,0.0
T005,993.2386281304086,爬升,109.2760168,23.0194009,435.63653564453125,0.0
T005,993.2386281304086,巡航,109.2760168,23.0194009,435.63653564453125,0.0
T005,1003.2063257379996,巡航,109.274605390625,23.01906054375,435.63653564453125,0.0
T005,1013.1740233455904,巡航,109.27319398124999,23.0187201875,435.63653564453125,0.0
T005,1023.1417209531813,巡航,109.271782571875,23.01837983125,435.63653564453125,0.0
T005,1033.1094185607722,巡航,109.2703711625,23.018039475000002,435.63653564453125,0.0
T005,1043.077116168363,巡航,109.26895975312499,23.017699118750002,435.63653564453125,0.0
T005,1053.044813775954,巡航,109.26754834375,23.0173587625,435.63653564453125,0.0
T005,1063.012511383545,巡航,109.266136934375,23.01701840625,435.63653564453125,0.0
T005,1072.980208991136,巡航,109.26472552499999,23.01667805,435.63653564453125,0.0
T005,1082.9479065987268,巡航,109.263314115625,23.01633769375,435.63653564453125,0.0
T005,1092.9156042063175,巡航,109.26190270625,23.0159973375,435.63653564453125,0.0
T005,1102.8833018139085,巡航,109.260491296875,23.01565698125,435.63653564453125,0.0
T005,1112.8509994214994,巡航,109.2590798875,23.015316625,435.63653564453125,0.0
T005,1122.8186970290903,巡航,109.257668478125,23.01497626875,435.63653564453125,0.0
T005,1132.7863946366813,巡航,109.25625706875,23.0146359125,435.63653564453125,0.0
T005,1142.7540922442722,巡航,109.254845659375,23.01429555625,435.63653564453125,0.0
T005,1152.721789851863,巡航,109.25343425,23.013955199999998,435.63653564453125,0.0
T005,1162.6894874594539,巡航,109.252022840625,23.01361484375,435.63653564453125,0.0
T005,1172.6571850670448,巡航,109.25061143125,23.0132744875,435.63653564453125,0.0
T005,1182.6248826746357,巡航,109.249200021875,23.01293413125,435.63653564453125,0.0
T005,1192.5925802822267,巡航,109.2477886125,23.012593775,435.63653564453125,0.0
T005,1202.5602778898176,巡航,109.246377203125,23.01225341875,435.63653564453125,0.0
T005,1212.5279754974085,巡航,109.24496579375,23.0119130625,435.63653564453125,0.0
T005,1222.4956731049992,巡航,109.243554384375,23.01157270625,435.63653564453125,0.0
T005,1232.4633707125902,巡航,109.24214297500001,23.01123235,435.63653564453125,0.0
T005,1242.431068320181,巡航,109.240731565625,23.01089199375,435.63653564453125,0.0
T005,1252.398765927772,巡航,109.23932015625,23.0105516375,435.63653564453125,0.0
T005,1262.366463535363,巡航,109.23790874687501,23.010211281249997,435.63653564453125,0.0
T005,1272.3341611429537,巡航,109.2364973375,23.009870924999998,435.63653564453125,0.0
T005,1282.3018587505449,巡航,109.235085928125,23.009530568749998,435.63653564453125,0.0
T005,1292.2695563581356,巡航,109.23367451875001,23.0091902125,435.63653564453125,0.0
T005,1302.2372539657265,巡航,109.232263109375,23.00884985625,435.63653564453125,0.0
T005,1312.2049515733174,巡航,109.2308517,23.0085095,435.63653564453125,0.0
T005,1312.2049515733174,下降,109.2308517,23.0085095,435.63653564453125,0.0
T005,1321.6799219008415,下降,109.2308517,23.0085095,411.94910982572117,0.0
T005,1331.1548922283655,下降,109.2308517,23.0085095,388.2616840069111,0.0
T005,1340.6298625558895,下降,109.2308517,23.0085095,364.57425818810094,0.0
T005,1350.1048328834136,下降,109.2308517,23.0085095,340.88683236929086,0.0
T005,1359.5798032109376,下降,109.2308517,23.0085095,317.1994065504808,0.0
T005,1369.0547735384616,下降,109.2308517,23.0085095,293.51198073167063,0.0
T005,1378.5297438659857,下降,109.2308517,23.0085095,269.82455491286055,0.0
T005,1388.0047141935097,下降,109.2308517,23.0085095,246.13712909405047,0.0
T005,1397.4796845210337,下降,109.2308517,23.0085095,222.44970327524038,0.0
T005,1406.9546548485578,下降,109.2308517,23.0085095,198.76227745643027,0.0
T005,1416.4296251760818,下降,109.2308517,23.0085095,175.07485163762016,0.0
T005,1425.9045955036058,下降,109.2308517,23.0085095,151.38742581881007,0.0
T005,1435.3795658311299,下降,109.2308517,23.0085095,127.69999999999999,0.0
T006,0.0,准备装载,109.2308517,23.0085095,127.7,3.0
T006,10.0,准备装载,109.2308517,23.0085095,127.7,3.0
T006,20.0,准备装载,109.2308517,23.0085095,127.7,3.0
T006,30.0,准备装载,109.2308517,23.0085095,127.7,3.0
T006,40.0,准备装载,109.2308517,23.0085095,127.7,3.0
T006,50.0,准备装载,109.2308517,23.0085095,127.7,3.0
T006,60.0,准备装载,109.2308517,23.0085095,127.7,3.0
T006,70.0,准备装载,109.2308517,23.0085095,127.7,3.0
T006,80.0,准备装载,109.2308517,23.0085095,127.7,3.0
T006,90.0,准备装载,109.2308517,23.0085095,127.7,3.0
T006,100.0,准备装载,109.2308517,23.0085095,127.7,3.0
T006,110.00000000000001,准备装载,109.2308517,23.0085095,127.7,3.0
T006,120.0,准备装载,109.2308517,23.0085095,127.7,3.0
T006,130.0,准备装载,109.2308517,23.0085095,127.7,3.0
T006,140.0,准备装载,109.2308517,23.0085095,127.7,3.0
T006,150.0,准备装载,109.2308517,23.0085095,127.7,3.0
T006,160.0,准备装载,109.2308517,23.0085095,127.7,3.0
T006,170.0,准备装载,109.2308517,23.0085095,127.7,3.0
T006,180.0,准备装载,109.2308517,23.0085095,127.7,3.0
T006,190.00000000000003,准备装载,109.2308517,23.0085095,127.7,3.0
T006,200.0,准备装载,109.2308517,23.0085095,127.7,3.0
T006,210.0,准备装载,109.2308517,23.0085095,127.7,3.0
T006,220.00000000000003,准备装载,109.2308517,23.0085095,127.7,3.0
T006,230.00000000000003,准备装载,109.2308517,23.0085095,127.7,3.0
T006,240.0,准备装载,109.2308517,23.0085095,127.7,3.0
T006,250.0,准备装载,109.2308517,23.0085095,127.7,3.0
T006,260.0,准备装载,109.2308517,23.0085095,127.7,3.0
T006,270.0,准备装载,109.2308517,23.0085095,127.7,3.0
T006,280.0,准备装载,109.2308517,23.0085095,127.7,3.0
T006,290.0,准备装载,109.2308517,23.0085095,127.7,3.0
T006,300.0,准备装载,109.2308517,23.0085095,127.7,3.0
T006,310.0,准备装载,109.2308517,23.0085095,127.7,3.0
T006,320.0,准备装载,109.2308517,23.0085095,127.7,3.0
T006,330.0,准备装载,109.2308517,23.0085095,127.7,3.0
T006,330.0,爬升,109.2308517,23.0085095,127.7,3.0
T006,339.04939412434896,爬升,109.2308517,23.0085095,154.84818237304688,3.0
T006,348.09878824869793,爬升,109.2308517,23.0085095,181.99636474609378,3.0
T006,357.1481823730469,爬升,109.2308517,23.0085095,209.14454711914064,3.0
T006,366.19757649739586,爬升,109.2308517,23.0085095,236.2927294921875,3.0
T006,375.2469706217448,爬升,109.2308517,23.0085095,263.4409118652344,3.0
T006,384.2963647460938,爬升,109.2308517,23.0085095,290.5890942382813,3.0
T006,393.3457588704427,爬升,109.2308517,23.0085095,317.7372766113281,3.0
T006,402.39515299479166,爬升,109.2308517,23.0085095,344.885458984375,3.0
T006,411.4445471191406,爬升,109.2308517,23.0085095,372.0336413574219,3.0
T006,420.4939412434896,爬升,109.2308517,23.0085095,399.18182373046875,3.0
T006,420.4939412434896,巡航,109.2308517,23.0085095,399.18182373046875,3.0
T006,430.2903904904199,巡航,109.23207994848485,23.009193703030302,399.18182373046875,3.0
T006,440.08683973735026,巡航,109.2333081969697,23.009877906060606,399.18182373046875,3.0
T006,449.88328898428057,巡航,109.23453644545455,23.01056210909091,399.18182373046875,3.0
T006,459.6797382312109,巡航,109.2357646939394,23.011246312121212,399.18182373046875,3.0
T006,469.47618747814124,巡航,109.23699294242425,23.011930515151516,399.18182373046875,3.0
T006,479.27263672507155,巡航,109.23822119090909,23.012614718181815,399.18182373046875,3.0
T006,489.06908597200186,巡航,109.23944943939394,23.01329892121212,399.18182373046875,3.0
T006,498.8655352189322,巡航,109.24067768787879,23.013983124242422,399.18182373046875,3.0
T006,508.6619844658625,巡航,109.24190593636364,23.014667327272726,399.18182373046875,3.0
T006,518.4584337127928,巡航,109.24313418484849,23.01535153030303,399.18182373046875,3.0
T006,528.2548829597232,巡航,109.24436243333334,23.016035733333332,399.18182373046875,3.0
T006,538.0513322066535,巡航,109.24559068181819,23.016719936363636,399.18182373046875,3.0
T006,547.8477814535838,巡航,109.24681893030304,23.01740413939394,399.18182373046875,3.0
T006,557.6442307005142,巡航,109.24804717878789,23.018088342424242,399.18182373046875,3.0
T006,567.4406799474446,巡航,109.24927542727274,23.018772545454546,399.18182373046875,3.0
T006,577.2371291943748,巡航,109.25050367575759,23.01945674848485,399.18182373046875,3.0
T006,587.033578441305,巡航,109.25173192424242,23.02014095151515,399.18182373046875,3.0
T006,596.8300276882354,巡航,109.25296017272727,23.020825154545452,399.18182373046875,3.0
T006,606.6264769351658,巡航,109.25418842121212,23.021509357575756,399.18182373046875,3.0
T006,616.422926182096,巡航,109.25541666969697,23.02219356060606,399.18182373046875,3.0
T006,626.2193754290264,巡航,109.25664491818182,23.022877763636362,399.18182373046875,3.0
T006,636.0158246759568,巡航,109.25787316666667,23.023561966666666,399.18182373046875,3.0
T006,645.812273922887,巡航,109.25910141515152,23.02424616969697,399.18182373046875,3.0
T006,655.6087231698174,巡航,109.26032966363637,23.024930372727272,399.18182373046875,3.0
T006,665.4051724167477,巡航,109.26155791212122,23.025614575757576,399.18182373046875,3.0
T006,675.201621663678,巡航,109.26278616060607,23.02629877878788,399.18182373046875,3.0
T006,684.9980709106084,巡航,109.26401440909092,23.026982981818183,399.18182373046875,3.0
T006,694.7945201575387,巡航,109.26524265757575,23.027667184848482,399.18182373046875,3.0
T006,704.590969404469,巡航,109.2664709060606,23.028351387878786,399.18182373046875,3.0
T006,714.3874186513995,巡航,109.26769915454545,23.02903559090909,399.18182373046875,3.0
T006,724.1838678983297,巡航,109.2689274030303,23.029719793939393,399.18182373046875,3.0
T006,733.98031714526,巡航,109.27015565151515,23.030403996969696,399.18182373046875,3.0
T006,743.7767663921903,巡航,109.2713839,23.0310882,399.18182373046875,3.0
T006,743.7767663921903,下降,109.2713839,23.0310882,399.18182373046875,3.0
T006,753.273131138284,下降,109.2713839,23.0310882,375.4409118652344,3.0
T006,762.7694958843779,下降,109.2713839,23.0310882,351.7,3.0
T006,762.7694958843779,交接,109.2713839,23.0310882,351.7,3.0
T006,772.7694958843779,交接,109.2713839,23.0310882,351.7,3.0
T006,782.7694958843779,交接,109.2713839,23.0310882,351.7,3.0
T006,792.7694958843779,交接,109.2713839,23.0310882,351.7,3.0
T006,802.7694958843779,交接,109.2713839,23.0310882,351.7,3.0
T006,812.7694958843779,交接,109.2713839,23.0310882,351.7,3.0
T006,822.7694958843779,交接,109.2713839,23.0310882,351.7,3.0
T006,832.7694958843779,交接,109.2713839,23.0310882,351.7,3.0
T006,842.7694958843779,交接,109.2713839,23.0310882,351.7,3.0
T006,852.7694958843779,交接,109.2713839,23.0310882,351.7,3.0
T006,862.7694958843779,交接,109.2713839,23.0310882,351.7,3.0
T006,872.7694958843779,交接,109.2713839,23.0310882,351.7,3.0
T006,882.7694958843779,交接,109.2713839,23.0310882,351.7,3.0
T006,892.7694958843779,交接,109.2713839,23.0310882,351.7,3.0
T006,902.7694958843779,交接,109.2713839,23.0310882,351.7,3.0
T006,912.7694958843779,交接,109.2713839,23.0310882,351.7,3.0
T006,922.7694958843779,交接,109.2713839,23.0310882,351.7,3.0
T006,932.7694958843779,交接,109.2713839,23.0310882,351.7,3.0
T006,942.7694958843779,交接,109.2713839,23.0310882,351.7,3.0
T006,942.7694958843779,爬升,109.2713839,23.0310882,351.7,0.0
T006,950.6831331727893,爬升,109.2713839,23.0310882,375.4409118652344,0.0
T006,958.5967704612008,爬升,109.2713839,23.0310882,399.18182373046875,0.0
T006,958.5967704612008,巡航,109.2713839,23.0310882,399.18182373046875,0.0
T006,968.3932197081311,巡航,109.27015565151515,23.030403996969696,399.18182373046875,0.0
T006,978.1896689550614,巡航,109.2689274030303,23.029719793939393,399.18182373046875,0.0
T006,987.9861182019918,巡航,109.26769915454545,23.02903559090909,399.18182373046875,0.0
T006,997.7825674489221,巡航,109.2664709060606,23.028351387878786,399.18182373046875,0.0
T006,1007.5790166958524,巡航,109.26524265757575,23.027667184848482,399.18182373046875,0.0
T006,1017.3754659427827,巡航,109.26401440909092,23.026982981818183,399.18182373046875,0.0
T006,1027.171915189713,巡航,109.26278616060607,23.02629877878788,399.18182373046875,0.0
T006,1036.9683644366435,巡航,109.26155791212122,23.025614575757576,399.18182373046875,0.0
T006,1046.7648136835737,巡航,109.26032966363637,23.024930372727272,399.18182373046875,0.0
T006,1056.561262930504,巡航,109.25910141515152,23.02424616969697,399.18182373046875,0.0
T006,1066.3577121774345,巡航,109.25787316666667,23.023561966666666,399.18182373046875,0.0
T006,1076.1541614243647,巡航,109.25664491818182,23.022877763636362,399.18182373046875,0.0
T006,1085.950610671295,巡航,109.25541666969697,23.02219356060606,399.18182373046875,0.0
T006,1095.7470599182254,巡航,109.25418842121212,23.021509357575756,399.18182373046875,0.0
T006,1105.5435091651557,巡航,109.25296017272727,23.020825154545452,399.18182373046875,0.0
T006,1115.339958412086,巡航,109.25173192424242,23.02014095151515,399.18182373046875,0.0
T006,1125.1364076590164,巡航,109.25050367575759,23.01945674848485,399.18182373046875,0.0
T006,1134.9328569059467,巡航,109.24927542727274,23.018772545454546,399.18182373046875,0.0
T006,1144.729306152877,巡航,109.24804717878789,23.018088342424242,399.18182373046875,0.0
T006,1154.5257553998074,巡航,109.24681893030304,23.01740413939394,399.18182373046875,0.0
T006,1164.3222046467376,巡航,109.24559068181819,23.016719936363636,399.18182373046875,0.0
T006,1174.1186538936681,巡航,109.24436243333334,23.016035733333332,399.18182373046875,0.0
T006,1183.9151031405984,巡航,109.24313418484849,23.01535153030303,399.18182373046875,0.0
T006,1193.7115523875286,巡航,109.24190593636364,23.014667327272726,399.18182373046875,0.0
T006,1203.5080016344589,巡航,109.24067768787879,23.013983124242422,399.18182373046875,0.0
T006,1213.3044508813894,巡航,109.23944943939394,23.01329892121212,399.18182373046875,0.0
T006,1223.1009001283196,巡航,109.23822119090909,23.012614718181815,399.18182373046875,0.0
T006,1232.8973493752499,巡航,109.23699294242425,23.011930515151516,399.18182373046875,0.0
T006,1242.6937986221803,巡航,109.2357646939394,23.011246312121212,399.18182373046875,0.0
T006,1252.4902478691106,巡航,109.23453644545455,23.01056210909091,399.18182373046875,0.0
T006,1262.286697116041,巡航,109.2333081969697,23.009877906060606,399.18182373046875,0.0
T006,1272.0831463629713,巡航,109.23207994848485,23.009193703030302,399.18182373046875,0.0
T006,1281.8795956099016,巡航,109.2308517,23.0085095,399.18182373046875,0.0
T006,1281.8795956099016,下降,109.2308517,23.0085095,399.18182373046875,0.0
T006,1291.751661927373,下降,109.2308517,23.0085095,374.5016579367898,0.0
T006,1301.6237282448449,下降,109.2308517,23.0085095,349.8214921431108,0.0
T006,1311.4957945623164,下降,109.2308517,23.0085095,325.14132634943184,0.0
T006,1321.367860879788,下降,109.2308517,23.0085095,300.4611605557528,0.0
T006,1331.2399271972595,下降,109.2308517,23.0085095,275.7809947620739,0.0
T006,1341.1119935147312,下降,109.2308517,23.0085095,251.1008289683949,0.0
T006,1350.9840598322028,下降,109.2308517,23.0085095,226.4206631747159,0.0
T006,1360.8561261496743,下降,109.2308517,23.0085095,201.74049738103693,0.0
T006,1370.728192467146,下降,109.2308517,23.0085095,177.06033158735792,0.0
T006,1380.6002587846176,下降,109.2308517,23.0085095,152.38016579367894,0.0
T006,1390.4723251020891,下降,109.2308517,23.0085095,127.69999999999999,0.0
T007,0.0,准备装载,109.2308517,23.0085095,127.7,70.0
T007,10.0,准备装载,109.2308517,23.0085095,127.7,70.0
T007,20.0,准备装载,109.2308517,23.0085095,127.7,70.0
T007,30.0,准备装载,109.2308517,23.0085095,127.7,70.0
T007,40.0,准备装载,109.2308517,23.0085095,127.7,70.0
T007,50.0,准备装载,109.2308517,23.0085095,127.7,70.0
T007,60.0,准备装载,109.2308517,23.0085095,127.7,70.0
T007,70.0,准备装载,109.2308517,23.0085095,127.7,70.0
T007,80.0,准备装载,109.2308517,23.0085095,127.7,70.0
T007,90.0,准备装载,109.2308517,23.0085095,127.7,70.0
T007,100.0,准备装载,109.2308517,23.0085095,127.7,70.0
T007,110.0,准备装载,109.2308517,23.0085095,127.7,70.0
T007,120.0,准备装载,109.2308517,23.0085095,127.7,70.0
T007,130.0,准备装载,109.2308517,23.0085095,127.7,70.0
T007,140.0,准备装载,109.2308517,23.0085095,127.7,70.0
T007,150.0,准备装载,109.2308517,23.0085095,127.7,70.0
T007,160.0,准备装载,109.2308517,23.0085095,127.7,70.0
T007,170.0,准备装载,109.2308517,23.0085095,127.7,70.0
T007,180.0,准备装载,109.2308517,23.0085095,127.7,70.0
T007,190.0,准备装载,109.2308517,23.0085095,127.7,70.0
T007,200.0,准备装载,109.2308517,23.0085095,127.7,70.0
T007,210.0,准备装载,109.2308517,23.0085095,127.7,70.0
T007,220.0,准备装载,109.2308517,23.0085095,127.7,70.0
T007,230.0,准备装载,109.2308517,23.0085095,127.7,70.0
T007,240.0,准备装载,109.2308517,23.0085095,127.7,70.0
T007,250.0,准备装载,109.2308517,23.0085095,127.7,70.0
T007,260.0,准备装载,109.2308517,23.0085095,127.7,70.0
T007,270.0,准备装载,109.2308517,23.0085095,127.7,70.0
T007,280.0,准备装载,109.2308517,23.0085095,127.7,70.0
T007,290.0,准备装载,109.2308517,23.0085095,127.7,70.0
T007,300.0,准备装载,109.2308517,23.0085095,127.7,70.0
T007,309.99999999999994,准备装载,109.2308517,23.0085095,127.7,70.0
T007,320.0,准备装载,109.2308517,23.0085095,127.7,70.0
T007,330.0,准备装载,109.2308517,23.0085095,127.7,70.0
T007,340.0,准备装载,109.2308517,23.0085095,127.7,70.0
T007,349.99999999999994,准备装载,109.2308517,23.0085095,127.7,70.0
T007,360.0,准备装载,109.2308517,23.0085095,127.7,70.0
T007,370.0,准备装载,109.2308517,23.0085095,127.7,70.0
T007,380.0,准备装载,109.2308517,23.0085095,127.7,70.0
T007,389.99999999999994,准备装载,109.2308517,23.0085095,127.7,70.0
T007,400.0,准备装载,109.2308517,23.0085095,127.7,70.0
T007,410.0,准备装载,109.2308517,23.0085095,127.7,70.0
T007,420.0,准备装载,109.2308517,23.0085095,127.7,70.0
T007,429.99999999999994,准备装载,109.2308517,23.0085095,127.7,70.0
T007,440.0,准备装载,109.2308517,23.0085095,127.7,70.0
T007,450.0,准备装载,109.2308517,23.0085095,127.7,70.0
T007,460.0,准备装载,109.2308517,23.0085095,127.7,70.0
T007,469.99999999999994,准备装载,109.2308517,23.0085095,127.7,70.0
T007,480.0,准备装载,109.2308517,23.0085095,127.7,70.0
T007,490.0,准备装载,109.2308517,23.0085095,127.7,70.0
T007,500.0,准备装载,109.2308517,23.0085095,127.7,70.0
T007,509.99999999999994,准备装载,109.2308517,23.0085095,127.7,70.0
T007,520.0,准备装载,109.2308517,23.0085095,127.7,70.0
T007,530.0,准备装载,109.2308517,23.0085095,127.7,70.0
T007,540.0,准备装载,109.2308517,23.0085095,127.7,70.0
T007,549.9999999999999,准备装载,109.2308517,23.0085095,127.7,70.0
T007,560.0,准备装载,109.2308517,23.0085095,127.7,70.0
T007,570.0,准备装载,109.2308517,23.0085095,127.7,70.0
T007,570.0,爬升,109.2308517,23.0085095,127.7,70.0
T007,579.6904406738281,爬升,109.2308517,23.0085095,151.9261016845703,70.0
T007,589.3808813476562,爬升,109.2308517,23.0085095,176.15220336914064,70.0
T007,599.0713220214843,爬升,109.2308517,23.0085095,200.37830505371096,70.0
T007,608.7617626953125,爬升,109.2308517,23.0085095,224.60440673828126,70.0
T007,618.4522033691406,爬升,109.2308517,23.0085095,248.83050842285155,70.0
T007,628.1426440429688,爬升,109.2308517,23.0085095,273.0566101074219,70.0
T007,628.1426440429688,巡航,109.2308517,23.0085095,273.0566101074219,70.0
T007,637.8378149747736,巡航,109.23144123333334,23.009703938095235,273.0566101074219,70.0
T007,647.5329859065782,巡航,109.23203076666667,23.010898376190475,273.0566101074219,70.0
T007,657.228156838383,巡航,109.23262030000001,23.01209281428571,273.0566101074219,70.0
T007,666.9233277701878,巡航,109.23320983333333,23.01328725238095,273.0566101074219,70.0
T007,676.6184987019925,巡航,109.23379936666667,23.014481690476188,273.0566101074219,70.0
T007,686.3136696337973,巡航,109.2343889,23.015676128571428,273.0566101074219,70.0
T007,696.0088405656021,巡航,109.23497843333334,23.016870566666665,273.0566101074219,70.0
T007,705.7040114974068,巡航,109.23556796666666,23.018065004761905,273.0566101074219,70.0
T007,715.3991824292116,巡航,109.2361575,23.01925944285714,273.0566101074219,70.0
T007,725.0943533610164,巡航,109.23674703333333,23.02045388095238,273.0566101074219,70.0
T007,734.789524292821,巡航,109.23733656666667,23.021648319047618,273.0566101074219,70.0
T007,744.4846952246259,巡航,109.2379261,23.022842757142858,273.0566101074219,70.0
T007,754.1798661564306,巡航,109.23851563333334,23.024037195238094,273.0566101074219,70.0
T007,763.8750370882353,巡航,109.23910516666666,23.025231633333334,273.0566101074219,70.0
T007,773.5702080200401,巡航,109.2396947,23.02642607142857,273.0566101074219,70.0
T007,783.2653789518449,巡航,109.24028423333333,23.02762050952381,273.0566101074219,70.0
T007,792.9605498836496,巡航,109.24087376666667,23.028814947619047,273.0566101074219,70.0
T007,802.6557208154544,巡航,109.24146329999999,23.030009385714287,273.0566101074219,70.0
T007,812.3508917472591,巡航,109.24205283333333,23.031203823809523,273.0566101074219,70.0
T007,822.0460626790639,巡航,109.24264236666666,23.032398261904763,273.0566101074219,70.0
T007,831.7412336108687,巡航,109.2432319,23.0335927,273.0566101074219,70.0
T007,831.7412336108687,下降,109.2432319,23.0335927,273.0566101074219,70.0
T007,840.6468946216108,下降,109.2432319,23.0335927,255.2452880859375,70.0
T007,849.552555632353,下降,109.2432319,23.0335927,237.43396606445313,70.0
T007,858.4582166430953,下降,109.2432319,23.0335927,219.62264404296874,70.0
T007,867.3638776538374,下降,109.2432319,23.0335927,201.8113220214844,70.0
T007,876.2695386645796,下降,109.2432319,23.0335927,184.0,70.0
T007,876.2695386645796,交接,109.2432319,23.0335927,184.0,70.0
T007,886.1518916057561,交接,109.2432319,23.0335927,184.0,70.0
T007,896.0342445469325,交接,109.2432319,23.0335927,184.0,70.0
T007,905.916597488109,交接,109.2432319,23.0335927,184.0,70.0
T007,915.7989504292855,交接,109.2432319,23.0335927,184.0,70.0
T007,925.6813033704619,交接,109.2432319,23.0335927,184.0,70.0
T007,935.5636563116384,交接,109.2432319,23.0335927,184.0,70.0
T007,945.446009252815,交接,109.2432319,23.0335927,184.0,70.0
T007,955.3283621939913,交接,109.2432319,23.0335927,184.0,70.0
T007,965.2107151351679,交接,109.2432319,23.0335927,184.0,70.0
T007,975.0930680763444,交接,109.2432319,23.0335927,184.0,70.0
T007,984.9754210175208,交接,109.2432319,23.0335927,184.0,70.0
T007,994.8577739586973,交接,109.2432319,23.0335927,184.0,70.0
T007,1004.7401268998738,交接,109.2432319,23.0335927,184.0,70.0
T007,1014.6224798410502,交接,109.2432319,23.0335927,184.0,70.0
T007,1024.5048327822267,交接,109.2432319,23.0335927,184.0,70.0
T007,1034.387185723403,交接,109.2432319,23.0335927,184.0,70.0
T007,1044.2695386645796,交接,109.2432319,23.0335927,184.0,70.0
T007,1054.1518916057562,交接,109.2432319,23.0335927,184.0,70.0
T007,1064.0342445469325,交接,109.2432319,23.0335927,184.0,70.0
T007,1073.9165974881091,交接,109.2432319,23.0335927,184.0,70.0
T007,1083.7989504292855,交接,109.2432319,23.0335927,184.0,70.0
T007,1093.681303370462,交接,109.2432319,23.0335927,184.0,70.0
T007,1103.5636563116384,交接,109.2432319,23.0335927,184.0,70.0
T007,1113.446009252815,交接,109.2432319,23.0335927,184.0,70.0
T007,1123.3283621939913,交接,109.2432319,23.0335927,184.0,70.0
T007,1133.210715135168,交接,109.2432319,23.0335927,184.0,70.0
T007,1143.0930680763443,交接,109.2432319,23.0335927,184.0,70.0
T007,1152.9754210175208,交接,109.2432319,23.0335927,184.0,70.0
T007,1162.8577739586972,交接,109.2432319,23.0335927,184.0,70.0
T007,1172.7401268998738,交接,109.2432319,23.0335927,184.0,70.0
T007,1182.62247984105,交接,109.2432319,23.0335927,184.0,70.0
T007,1192.5048327822267,交接,109.2432319,23.0335927,184.0,70.0
T007,1202.387185723403,交接,109.2432319,23.0335927,184.0,70.0
T007,1212.2695386645796,交接,109.2432319,23.0335927,184.0,70.0
T007,1222.1518916057562,交接,109.2432319,23.0335927,184.0,70.0
T007,1232.0342445469325,交接,109.2432319,23.0335927,184.0,70.0
T007,1241.916597488109,交接,109.2432319,23.0335927,184.0,70.0
T007,1251.7989504292855,交接,109.2432319,23.0335927,184.0,70.0
T007,1261.681303370462,交接,109.2432319,23.0335927,184.0,70.0
T007,1271.5636563116384,交接,109.2432319,23.0335927,184.0,70.0
T007,1281.446009252815,交接,109.2432319,23.0335927,184.0,70.0
T007,1291.3283621939913,交接,109.2432319,23.0335927,184.0,70.0
T007,1301.210715135168,交接,109.2432319,23.0335927,184.0,70.0
T007,1311.0930680763445,交接,109.2432319,23.0335927,184.0,70.0
T007,1320.9754210175208,交接,109.2432319,23.0335927,184.0,70.0
T007,1330.8577739586972,交接,109.2432319,23.0335927,184.0,70.0
T007,1340.7401268998738,交接,109.2432319,23.0335927,184.0,70.0
T007,1350.6224798410503,交接,109.2432319,23.0335927,184.0,70.0
T007,1360.5048327822267,交接,109.2432319,23.0335927,184.0,70.0
T007,1370.387185723403,交接,109.2432319,23.0335927,184.0,70.0
T007,1380.2695386645796,交接,109.2432319,23.0335927,184.0,70.0
T007,1380.2695386645796,爬升,109.2432319,23.0335927,184.0,0.0
T007,1389.175199675322,爬升,109.2432319,23.0335927,206.26415252685547,0.0
T007,1398.080860686064,爬升,109.2432319,23.0335927,228.52830505371094,0.0
T007,1406.986521696806,爬升,109.2432319,23.0335927,250.7924575805664,0.0
T007,1415.8921827075483,爬升,109.2432319,23.0335927,273.0566101074219,0.0
T007,1415.8921827075483,巡航,109.2432319,23.0335927,273.0566101074219,0.0
T007,1425.587353639353,巡航,109.24264236666666,23.032398261904763,273.0566101074219,0.0
T007,1435.2825245711579,巡航,109.24205283333333,23.031203823809523,273.0566101074219,0.0
T007,1444.9776955029627,巡航,109.24146329999999,23.030009385714287,273.0566101074219,0.0
T007,1454.6728664347672,巡航,109.24087376666667,23.028814947619047,273.0566101074219,0.0
T007,1464.368037366572,巡航,109.24028423333333,23.02762050952381,273.0566101074219,0.0
T007,1474.0632082983768,巡航,109.2396947,23.02642607142857,273.0566101074219,0.0
T007,1483.7583792301816,巡航,109.23910516666666,23.025231633333334,273.0566101074219,0.0
T007,1493.4535501619864,巡航,109.23851563333334,23.024037195238094,273.0566101074219,0.0
T007,1503.1487210937912,巡航,109.2379261,23.022842757142858,273.0566101074219,0.0
T007,1512.843892025596,巡航,109.23733656666667,23.021648319047618,273.0566101074219,0.0
T007,1522.5390629574006,巡航,109.23674703333333,23.02045388095238,273.0566101074219,0.0
T007,1532.2342338892054,巡航,109.2361575,23.01925944285714,273.0566101074219,0.0
T007,1541.9294048210102,巡航,109.23556796666666,23.018065004761905,273.0566101074219,0.0
T007,1551.624575752815,巡航,109.23497843333334,23.016870566666665,273.0566101074219,0.0
T007,1561.3197466846198,巡航,109.2343889,23.015676128571428,273.0566101074219,0.0
T007,1571.0149176164246,巡航,109.23379936666667,23.014481690476188,273.0566101074219,0.0
T007,1580.7100885482294,巡航,109.23320983333333,23.01328725238095,273.0566101074219,0.0
T007,1590.405259480034,巡航,109.23262030000001,23.01209281428571,273.0566101074219,0.0
T007,1600.1004304118387,巡航,109.23203076666667,23.010898376190475,273.0566101074219,0.0
T007,1609.7956013436435,巡航,109.23144123333334,23.009703938095235,273.0566101074219,0.0
T007,1619.4907722754483,巡航,109.2308517,23.0085095,273.0566101074219,0.0
T007,1619.4907722754483,下降,109.2308517,23.0085095,273.0566101074219,0.0
T007,1628.5755604071621,下降,109.2308517,23.0085095,254.88703384399415,0.0
T007,1637.660348538876,下降,109.2308517,23.0085095,236.71745758056642,0.0
T007,1646.74513667059,下降,109.2308517,23.0085095,218.54788131713866,0.0
T007,1655.8299248023038,下降,109.2308517,23.0085095,200.37830505371093,0.0
T007,1664.9147129340176,下降,109.2308517,23.0085095,182.2087287902832,0.0
T007,1673.9995010657317,下降,109.2308517,23.0085095,164.03915252685545,0.0
T007,1683.0842891974455,下降,109.2308517,23.0085095,145.86957626342772,0.0
T007,1692.1690773291593,下降,109.2308517,23.0085095,127.69999999999999,0.0
T008,0.0,准备装载,109.2308517,23.0085095,127.7,67.0
T008,10.0,准备装载,109.2308517,23.0085095,127.7,67.0
T008,20.0,准备装载,109.2308517,23.0085095,127.7,67.0
T008,30.0,准备装载,109.2308517,23.0085095,127.7,67.0
T008,40.0,准备装载,109.2308517,23.0085095,127.7,67.0
T008,50.0,准备装载,109.2308517,23.0085095,127.7,67.0
T008,60.0,准备装载,109.2308517,23.0085095,127.7,67.0
T008,70.0,准备装载,109.2308517,23.0085095,127.7,67.0
T008,80.0,准备装载,109.2308517,23.0085095,127.7,67.0
T008,89.99999999999999,准备装载,109.2308517,23.0085095,127.7,67.0
T008,100.0,准备装载,109.2308517,23.0085095,127.7,67.0
T008,110.0,准备装载,109.2308517,23.0085095,127.7,67.0
T008,120.0,准备装载,109.2308517,23.0085095,127.7,67.0
T008,130.0,准备装载,109.2308517,23.0085095,127.7,67.0
T008,140.0,准备装载,109.2308517,23.0085095,127.7,67.0
T008,150.0,准备装载,109.2308517,23.0085095,127.7,67.0
T008,160.0,准备装载,109.2308517,23.0085095,127.7,67.0
T008,170.0,准备装载,109.2308517,23.0085095,127.7,67.0
T008,179.99999999999997,准备装载,109.2308517,23.0085095,127.7,67.0
T008,190.0,准备装载,109.2308517,23.0085095,127.7,67.0
T008,200.0,准备装载,109.2308517,23.0085095,127.7,67.0
T008,210.0,准备装载,109.2308517,23.0085095,127.7,67.0
T008,220.0,准备装载,109.2308517,23.0085095,127.7,67.0
T008,230.0,准备装载,109.2308517,23.0085095,127.7,67.0
T008,240.0,准备装载,109.2308517,23.0085095,127.7,67.0
T008,250.0,准备装载,109.2308517,23.0085095,127.7,67.0
T008,260.0,准备装载,109.2308517,23.0085095,127.7,67.0
T008,270.0,准备装载,109.2308517,23.0085095,127.7,67.0
T008,280.0,准备装载,109.2308517,23.0085095,127.7,67.0
T008,290.0,准备装载,109.2308517,23.0085095,127.7,67.0
T008,300.0,准备装载,109.2308517,23.0085095,127.7,67.0
T008,310.0,准备装载,109.2308517,23.0085095,127.7,67.0
T008,320.0,准备装载,109.2308517,23.0085095,127.7,67.0
T008,330.0,准备装载,109.2308517,23.0085095,127.7,67.0
T008,340.0,准备装载,109.2308517,23.0085095,127.7,67.0
T008,350.0,准备装载,109.2308517,23.0085095,127.7,67.0
T008,359.99999999999994,准备装载,109.2308517,23.0085095,127.7,67.0
T008,370.0,准备装载,109.2308517,23.0085095,127.7,67.0
T008,380.0,准备装载,109.2308517,23.0085095,127.7,67.0
T008,390.0,准备装载,109.2308517,23.0085095,127.7,67.0
T008,400.0,准备装载,109.2308517,23.0085095,127.7,67.0
T008,410.0,准备装载,109.2308517,23.0085095,127.7,67.0
T008,420.0,准备装载,109.2308517,23.0085095,127.7,67.0
T008,430.0,准备装载,109.2308517,23.0085095,127.7,67.0
T008,440.0,准备装载,109.2308517,23.0085095,127.7,67.0
T008,450.0,准备装载,109.2308517,23.0085095,127.7,67.0
T008,460.0,准备装载,109.2308517,23.0085095,127.7,67.0
T008,470.0,准备装载,109.2308517,23.0085095,127.7,67.0
T008,480.0,准备装载,109.2308517,23.0085095,127.7,67.0
T008,490.0,准备装载,109.2308517,23.0085095,127.7,67.0
T008,500.0,准备装载,109.2308517,23.0085095,127.7,67.0
T008,510.0,准备装载,109.2308517,23.0085095,127.7,67.0
T008,510.0,爬升,109.2308517,23.0085095,127.7,67.0
T008,519.0627127075195,爬升,109.2308517,23.0085095,150.35678176879884,67.0
T008,528.1254254150391,爬升,109.2308517,23.0085095,173.01356353759766,67.0
T008,537.1881381225586,爬升,109.2308517,23.0085095,195.67034530639648,67.0
T008,546.2508508300782,爬升,109.2308517,23.0085095,218.32712707519534,67.0
T008,555.3135635375977,爬升,109.2308517,23.0085095,240.98390884399413,67.0
T008,564.3762762451172,爬升,109.2308517,23.0085095,263.640690612793,67.0
T008,573.4389889526368,爬升,109.2308517,23.0085095,286.29747238159183,67.0
T008,582.5017016601563,爬升,109.2308517,23.0085095,308.9542541503906,67.0
T008,582.5017016601563,巡航,109.2308517,23.0085095,308.9542541503906,67.0
T008,592.3834489336019,巡航,109.231405704,23.009745851999998,308.9542541503906,67.0
T008,602.2651962070474,巡航,109.231959708,23.010982203999998,308.9542541503906,67.0
T008,612.1469434804931,巡航,109.232513712,23.012218556,308.9542541503906,67.0
T008,622.0286907539386,巡航,109.23306771600001,23.013454908,308.9542541503906,67.0
T008,631.9104380273842,巡航,109.23362172,23.01469126,308.9542541503906,67.0
T008,641.7921853008297,巡航,109.234175724,23.015927612,308.9542541503906,67.0
T008,651.6739325742753,巡航,109.234729728,23.017163963999998,308.9542541503906,67.0
T008,661.555679847721,巡航,109.235283732,23.018400315999997,308.9542541503906,67.0
T008,671.4374271211665,巡航,109.23583773600001,23.019636668,308.9542541503906,67.0
T008,681.3191743946121,巡航,109.23639174,23.02087302,308.9542541503906,67.0
T008,691.2009216680576,巡航,109.236945744,23.022109372,308.9542541503906,67.0
T008,701.0826689415032,巡航,109.237499748,23.023345724,308.9542541503906,67.0
T008,710.9644162149489,巡航,109.238053752,23.024582075999998,308.9542541503906,67.0
T008,720.8461634883944,巡航,109.23860775600001,23.025818428,308.9542541503906,67.0
T008,730.72791076184,巡航,109.23916176,23.02705478,308.9542541503906,67.0
T008,740.6096580352855,巡航,109.239715764,23.028291132,308.9542541503906,67.0
T008,750.4914053087311,巡航,109.240269768,23.029527484,308.9542541503906,67.0
T008,760.3731525821768,巡航,109.240823772,23.030763836,308.9542541503906,67.0
T008,770.2548998556223,巡航,109.24137777600001,23.032000187999998,308.9542541503906,67.0
T008,780.1366471290679,巡航,109.24193178,23.03323654,308.9542541503906,67.0
T008,790.0183944025134,巡航,109.242485784,23.034472892,308.9542541503906,67.0
T008,799.900141675959,巡航,109.243039788,23.035709244,308.9542541503906,67.0
T008,809.7818889494047,巡航,109.243593792,23.036945596,308.9542541503906,67.0
T008,819.6636362228502,巡航,109.24414779600001,23.038181948,308.9542541503906,67.0
T008,829.5453834962957,巡航,109.2447018,23.0394183,308.9542541503906,67.0
T008,839.4271307697413,巡航,109.245255804,23.040654652,308.9542541503906,67.0
T008,849.308878043187,巡航,109.245809808,23.041891004,308.9542541503906,67.0
T008,859.1906253166326,巡航,109.246363812,23.043127356,308.9542541503906,67.0
T008,869.072372590078,巡航,109.246917816,23.044363708,308.9542541503906,67.0
T008,878.9541198635236,巡航,109.24747182,23.045600059999998,308.9542541503906,67.0
T008,888.8358671369692,巡航,109.248025824,23.046836412,308.9542541503906,67.0
T008,898.7176144104149,巡航,109.248579828,23.048072764,308.9542541503906,67.0
T008,908.5993616838605,巡航,109.249133832,23.049309116,308.9542541503906,67.0
T008,918.481108957306,巡航,109.249687836,23.050545468,308.9542541503906,67.0
T008,928.3628562307515,巡航,109.25024184,23.05178182,308.9542541503906,67.0
T008,938.2446035041971,巡航,109.250795844,23.053018171999998,308.9542541503906,67.0
T008,948.1263507776428,巡航,109.251349848,23.054254524,308.9542541503906,67.0
T008,958.0080980510883,巡航,109.251903852,23.055490876,308.9542541503906,67.0
T008,967.8898453245338,巡航,109.252457856,23.056727228,308.9542541503906,67.0
T008,977.7715925979794,巡航,109.25301186,23.05796358,308.9542541503906,67.0
T008,987.653339871425,巡航,109.253565864,23.059199932,308.9542541503906,67.0
T008,997.5350871448705,巡航,109.254119868,23.060436284,308.9542541503906,67.0
T008,1007.4168344183162,巡航,109.254673872,23.061672636,308.9542541503906,67.0
T008,1017.2985816917617,巡航,109.255227876,23.062908988,308.9542541503906,67.0
T008,1027.1803289652073,巡航,109.25578188,23.06414534,308.9542541503906,67.0
T008,1037.062076238653,巡航,109.256335884,23.065381692,308.9542541503906,67.0
T008,1046.9438235120986,巡航,109.256889888,23.066618044,308.9542541503906,67.0
T008,1056.825570785544,巡航,109.257443892,23.067854396,308.9542541503906,67.0
T008,1066.7073180589896,巡航,109.257997896,23.069090748,308.9542541503906,67.0
T008,1076.5890653324352,巡航,109.2585519,23.0703271,308.9542541503906,67.0
T008,1076.5890653324352,下降,109.2585519,23.0703271,308.9542541503906,67.0
T008,1085.5344907474744,下降,109.2585519,23.0703271,291.0634033203125,67.0
T008,1094.4799161625133,下降,109.2585519,23.0703271,273.17255249023435,67.0
T008,1103.4253415775524,下降,109.2585519,23.0703271,255.28170166015624,67.0
T008,1112.3707669925914,下降,109.2585519,23.0703271,237.39085083007814,67.0
T008,1121.3161924076305,下降,109.2585519,23.0703271,219.5,67.0
T008,1121.3161924076305,交接,109.2585519,23.0703271,219.5,67.0
T008,1131.1343742258123,交接,109.2585519,23.0703271,219.5,67.0
T008,1140.9525560439943,交接,109.2585519,23.0703271,219.5,67.0
T008,1150.770737862176,交接,109.2585519,23.0703271,219.5,67.0
T008,1160.5889196803578,交接,109.2585519,23.0703271,219.5,67.0
T008,1170.4071014985395,交接,109.2585519,23.0703271,219.5,67.0
T008,1180.2252833167215,交接,109.2585519,23.0703271,219.5,67.0
T008,1190.0434651349033,交接,109.2585519,23.0703271,219.5,67.0
T008,1199.861646953085,交接,109.2585519,23.0703271,219.5,67.0
T008,1209.6798287712668,交接,109.2585519,23.0703271,219.5,67.0
T008,1219.4980105894488,交接,109.2585519,23.0703271,219.5,67.0
T008,1229.3161924076305,交接,109.2585519,23.0703271,219.5,67.0
T008,1239.1343742258123,交接,109.2585519,23.0703271,219.5,67.0
T008,1248.9525560439943,交接,109.2585519,23.0703271,219.5,67.0
T008,1258.770737862176,交接,109.2585519,23.0703271,219.5,67.0
T008,1268.5889196803578,交接,109.2585519,23.0703271,219.5,67.0
T008,1278.4071014985395,交接,109.2585519,23.0703271,219.5,67.0
T008,1288.2252833167215,交接,109.2585519,23.0703271,219.5,67.0
T008,1298.0434651349033,交接,109.2585519,23.0703271,219.5,67.0
T008,1307.861646953085,交接,109.2585519,23.0703271,219.5,67.0
T008,1317.6798287712668,交接,109.2585519,23.0703271,219.5,67.0
T008,1327.4980105894488,交接,109.2585519,23.0703271,219.5,67.0
T008,1337.3161924076305,交接,109.2585519,23.0703271,219.5,67.0
T008,1347.1343742258123,交接,109.2585519,23.0703271,219.5,67.0
T008,1356.9525560439943,交接,109.2585519,23.0703271,219.5,67.0
T008,1366.770737862176,交接,109.2585519,23.0703271,219.5,67.0
T008,1376.5889196803578,交接,109.2585519,23.0703271,219.5,67.0
T008,1386.4071014985398,交接,109.2585519,23.0703271,219.5,67.0
T008,1396.2252833167213,交接,109.2585519,23.0703271,219.5,67.0
T008,1406.0434651349033,交接,109.2585519,23.0703271,219.5,67.0
T008,1415.861646953085,交接,109.2585519,23.0703271,219.5,67.0
T008,1425.6798287712668,交接,109.2585519,23.0703271,219.5,67.0
T008,1435.4980105894488,交接,109.2585519,23.0703271,219.5,67.0
T008,1445.3161924076305,交接,109.2585519,23.0703271,219.5,67.0
T008,1455.1343742258123,交接,109.2585519,23.0703271,219.5,67.0
T008,1464.9525560439943,交接,109.2585519,23.0703271,219.5,67.0
T008,1474.770737862176,交接,109.2585519,23.0703271,219.5,67.0
T008,1484.5889196803578,交接,109.2585519,23.0703271,219.5,67.0
T008,1494.4071014985398,交接,109.2585519,23.0703271,219.5,67.0
T008,1504.2252833167213,交接,109.2585519,23.0703271,219.5,67.0
T008,1514.0434651349033,交接,109.2585519,23.0703271,219.5,67.0
T008,1523.861646953085,交接,109.2585519,23.0703271,219.5,67.0
T008,1533.6798287712668,交接,109.2585519,23.0703271,219.5,67.0
T008,1543.4980105894488,交接,109.2585519,23.0703271,219.5,67.0
T008,1553.3161924076305,交接,109.2585519,23.0703271,219.5,67.0
T008,1553.3161924076305,爬升,109.2585519,23.0703271,219.5,0.0
T008,1562.2616178226695,爬升,109.2585519,23.0703271,241.86356353759766,0.0
T008,1571.2070432377086,爬升,109.2585519,23.0703271,264.2271270751953,0.0
T008,1580.1524686527478,爬升,109.2585519,23.0703271,286.59069061279297,0.0
T008,1589.0978940677867,爬升,109.2585519,23.0703271,308.9542541503906,0.0
T008,1589.0978940677867,巡航,109.2585519,23.0703271,308.9542541503906,0.0
T008,1598.9796413412323,巡航,109.257997896,23.069090748,308.9542541503906,0.0
T008,1608.861388614678,巡航,109.257443892,23.067854396,308.9542541503906,0.0
T008,1618.7431358881233,巡航,109.256889888,23.066618044,308.9542541503906,0.0
T008,1628.624883161569,巡航,109.256335884,23.065381692,308.9542541503906,0.0
T008,1638.5066304350146,巡航,109.25578188,23.06414534,308.9542541503906,0.0
T008,1648.3883777084602,巡航,109.255227876,23.062908988,308.9542541503906,0.0
T008,1658.2701249819056,巡航,109.254673872,23.061672636,308.9542541503906,0.0
T008,1668.1518722553512,巡航,109.254119868,23.060436284,308.9542541503906,0.0
T008,1678.0336195287969,巡航,109.253565864,23.059199932,308.9542541503906,0.0
T008,1687.9153668022425,巡航,109.25301186,23.05796358,308.9542541503906,0.0
T008,1697.7971140756881,巡航,109.252457856,23.056727228,308.9542541503906,0.0
T008,1707.6788613491335,巡航,109.251903852,23.055490876,308.9542541503906,0.0
T008,1717.5606086225791,巡航,109.251349848,23.054254524,308.9542541503906,0.0
T008,1727.4423558960248,巡航,109.250795844,23.053018171999998,308.9542541503906,0.0
T008,1737.3241031694704,巡航,109.25024184,23.05178182,308.9542541503906,0.0
T008,1747.205850442916,巡航,109.249687836,23.050545468,308.9542541503906,0.0
T008,1757.0875977163614,巡航,109.249133832,23.049309116,308.9542541503906,0.0
T008,1766.969344989807,巡航,109.248579828,23.048072764,308.9542541503906,0.0
T008,1776.8510922632527,巡航,109.248025824,23.046836412,308.9542541503906,0.0
T008,1786.7328395366983,巡航,109.24747182,23.045600059999998,308.9542541503906,0.0
T008,1796.6145868101437,巡航,109.246917816,23.044363708,308.9542541503906,0.0
T008,1806.4963340835893,巡航,109.246363812,23.043127356,308.9542541503906,0.0
T008,1816.378081357035,巡航,109.245809808,23.041891004,308.9542541503906,0.0
T008,1826.2598286304806,巡航,109.245255804,23.040654652,308.9542541503906,0.0
T008,1836.141575903926,巡航,109.2447018,23.0394183,308.9542541503906,0.0
T008,1846.0233231773716,巡航,109.24414779600001,23.038181948,308.9542541503906,0.0
T008,1855.9050704508172,巡航,109.243593792,23.036945596,308.9542541503906,0.0
T008,1865.7868177242628,巡航,109.243039788,23.035709244,308.9542541503906,0.0
T008,1875.6685649977085,巡航,109.242485784,23.034472892,308.9542541503906,0.0
T008,1885.5503122711539,巡航,109.24193178,23.03323654,308.9542541503906,0.0
T008,1895.4320595445995,巡航,109.24137777600001,23.032000187999998,308.9542541503906,0.0
T008,1905.3138068180451,巡航,109.240823772,23.030763836,308.9542541503906,0.0
T008,1915.1955540914907,巡航,109.240269768,23.029527484,308.9542541503906,0.0
T008,1925.0773013649364,巡航,109.239715764,23.028291132,308.9542541503906,0.0
T008,1934.9590486383818,巡航,109.23916176,23.02705478,308.9542541503906,0.0
T008,1944.8407959118274,巡航,109.23860775600001,23.025818428,308.9542541503906,0.0
T008,1954.722543185273,巡航,109.238053752,23.024582075999998,308.9542541503906,0.0
T008,1964.6042904587187,巡航,109.237499748,23.023345724,308.9542541503906,0.0
T008,1974.4860377321643,巡航,109.236945744,23.022109372,308.9542541503906,0.0
T008,1984.3677850056097,巡航,109.23639174,23.02087302,308.9542541503906,0.0
T008,1994.2495322790553,巡航,109.23583773600001,23.019636668,308.9542541503906,0.0
T008,2004.131279552501,巡航,109.235283732,23.018400315999997,308.9542541503906,0.0
T008,2014.0130268259463,巡航,109.234729728,23.017163963999998,308.9542541503906,0.0
T008,2023.894774099392,巡航,109.234175724,23.015927612,308.9542541503906,0.0
T008,2033.7765213728376,巡航,109.23362172,23.01469126,308.9542541503906,0.0
T008,2043.6582686462832,巡航,109.23306771600001,23.013454908,308.9542541503906,0.0
T008,2053.540015919729,巡航,109.232513712,23.012218556,308.9542541503906,0.0
T008,2063.4217631931742,巡航,109.231959708,23.010982203999998,308.9542541503906,0.0
T008,2073.30351046662,巡航,109.231405704,23.009745851999998,308.9542541503906,0.0
T008,2083.1852577400655,巡航,109.2308517,23.0085095,308.9542541503906,0.0
T008,2083.1852577400655,下降,109.2308517,23.0085095,308.9542541503906,0.0
T008,2092.247970447585,下降,109.2308517,23.0085095,290.8288287353516,0.0
T008,2101.3106831551045,下降,109.2308517,23.0085095,272.7034033203125,0.0
T008,2110.373395862624,下降,109.2308517,23.0085095,254.57797790527343,0.0
T008,2119.4361085701435,下降,109.2308517,23.0085095,236.45255249023438,0.0
T008,2128.4988212776634,下降,109.2308517,23.0085095,218.3271270751953,0.0
T008,2137.561533985183,下降,109.2308517,23.0085095,200.20170166015623,0.0
T008,2146.6242466927024,下降,109.2308517,23.0085095,182.07627624511719,0.0
T008,2155.686959400222,下降,109.2308517,23.0085095,163.9508508300781,0.0
T008,2164.7496721077414,下降,109.2308517,23.0085095,145.82542541503904,0.0
T008,2173.812384815261,下降,109.2308517,23.0085095,127.69999999999999,0.0
T009,1253.4781941236301,准备装载,109.2308517,23.0085095,127.7,3.0
T009,1263.4781941236301,准备装载,109.2308517,23.0085095,127.7,3.0
T009,1273.4781941236301,准备装载,109.2308517,23.0085095,127.7,3.0
T009,1283.4781941236301,准备装载,109.2308517,23.0085095,127.7,3.0
T009,1293.4781941236301,准备装载,109.2308517,23.0085095,127.7,3.0
T009,1303.4781941236301,准备装载,109.2308517,23.0085095,127.7,3.0
T009,1313.4781941236301,准备装载,109.2308517,23.0085095,127.7,3.0
T009,1323.4781941236301,准备装载,109.2308517,23.0085095,127.7,3.0
T009,1333.4781941236301,准备装载,109.2308517,23.0085095,127.7,3.0
T009,1343.4781941236301,准备装载,109.2308517,23.0085095,127.7,3.0
T009,1353.4781941236301,准备装载,109.2308517,23.0085095,127.7,3.0
T009,1363.4781941236301,准备装载,109.2308517,23.0085095,127.7,3.0
T009,1373.4781941236301,准备装载,109.2308517,23.0085095,127.7,3.0
T009,1383.4781941236301,准备装载,109.2308517,23.0085095,127.7,3.0
T009,1393.4781941236301,准备装载,109.2308517,23.0085095,127.7,3.0
T009,1403.4781941236301,准备装载,109.2308517,23.0085095,127.7,3.0
T009,1413.4781941236301,准备装载,109.2308517,23.0085095,127.7,3.0
T009,1423.4781941236301,准备装载,109.2308517,23.0085095,127.7,3.0
T009,1433.4781941236301,准备装载,109.2308517,23.0085095,127.7,3.0
T009,1443.4781941236301,准备装载,109.2308517,23.0085095,127.7,3.0
T009,1453.4781941236301,准备装载,109.2308517,23.0085095,127.7,3.0
T009,1463.4781941236301,准备装载,109.2308517,23.0085095,127.7,3.0
T009,1473.4781941236301,准备装载,109.2308517,23.0085095,127.7,3.0
T009,1483.4781941236301,准备装载,109.2308517,23.0085095,127.7,3.0
T009,1493.4781941236301,准备装载,109.2308517,23.0085095,127.7,3.0
T009,1503.4781941236301,准备装载,109.2308517,23.0085095,127.7,3.0
T009,1513.4781941236301,准备装载,109.2308517,23.0085095,127.7,3.0
T009,1523.4781941236301,准备装载,109.2308517,23.0085095,127.7,3.0
T009,1533.4781941236301,准备装载,109.2308517,23.0085095,127.7,3.0
T009,1543.4781941236301,准备装载,109.2308517,23.0085095,127.7,3.0
T009,1553.4781941236301,准备装载,109.2308517,23.0085095,127.7,3.0
T009,1563.4781941236301,准备装载,109.2308517,23.0085095,127.7,3.0
T009,1573.4781941236301,准备装载,109.2308517,23.0085095,127.7,3.0
T009,1583.4781941236301,准备装载,109.2308517,23.0085095,127.7,3.0
T009,1583.4781941236301,爬升,109.2308517,23.0085095,127.7,3.0
T009,1592.6742448099367,爬升,109.2308517,23.0085095,155.28815205891928,3.0
T009,1601.870295496243,爬升,109.2308517,23.0085095,182.87630411783854,3.0
T009,1611.0663461825493,爬升,109.2308517,23.0085095,210.46445617675784,3.0
T009,1620.2623968688558,爬升,109.2308517,23.0085095,238.0526082356771,3.0
T009,1629.4584475551621,爬升,109.2308517,23.0085095,265.64076029459636,3.0
T009,1638.6544982414687,爬升,109.2308517,23.0085095,293.2289123535156,3.0
T009,1638.6544982414687,巡航,109.2308517,23.0085095,293.2289123535156,3.0
T009,1648.5592638009775,巡航,109.23133692291667,23.009484279166667,293.2289123535156,3.0
T009,1658.4640293604862,巡航,109.23182214583333,23.010459058333332,293.2289123535156,3.0
T009,1668.368794919995,巡航,109.23230736875,23.0114338375,293.2289123535156,3.0
T009,1678.2735604795037,巡航,109.23279259166667,23.012408616666665,293.2289123535156,3.0
T009,1688.1783260390125,巡航,109.23327781458333,23.013383395833333,293.2289123535156,3.0
T009,1698.0830915985212,巡航,109.2337630375,23.014358174999998,293.2289123535156,3.0
T009,1707.98785715803,巡航,109.23424826041666,23.015332954166666,293.2289123535156,3.0
T009,1717.8926227175386,巡航,109.23473348333334,23.01630773333333,293.2289123535156,3.0
T009,1727.7973882770475,巡航,109.23521870625001,23.0172825125,293.2289123535156,3.0
T009,1737.7021538365561,巡航,109.23570392916668,23.018257291666664,293.2289123535156,3.0
T009,1747.606919396065,巡航,109.23618915208334,23.019232070833333,293.2289123535156,3.0
T009,1757.5116849555736,巡航,109.236674375,23.02020685,293.2289123535156,3.0
T009,1767.4164505150825,巡航,109.23715959791667,23.021181629166666,293.2289123535156,3.0
T009,1777.3212160745911,巡航,109.23764482083334,23.022156408333334,293.2289123535156,3.0
T009,1787.2259816341,巡航,109.23813004375,23.0231311875,293.2289123535156,3.0
T009,1797.1307471936086,巡航,109.23861526666667,23.024105966666667,293.2289123535156,3.0
T009,1807.0355127531175,巡航,109.23910048958334,23.025080745833332,293.2289123535156,3.0
T009,1816.940278312626,巡航,109.2395857125,23.026055525,293.2289123535156,3.0
T009,1826.845043872135,巡航,109.24007093541667,23.027030304166665,293.2289123535156,3.0
T009,1836.7498094316436,巡航,109.24055615833333,23.028005083333333,293.2289123535156,3.0
T009,1846.6545749911525,巡航,109.24104138125,23.028979862499998,293.2289123535156,3.0
T009,1856.559340550661,巡航,109.24152660416667,23.029954641666667,293.2289123535156,3.0
T009,1866.46410611017,巡航,109.24201182708333,23.03092942083333,293.2289123535156,3.0
T009,1876.3688716696788,巡航,109.24249705,23.0319042,293.2289123535156,3.0
T009,1886.2736372291874,巡航,109.24298227291668,23.032878979166668,293.2289123535156,3.0
T009,1896.178402788696,巡航,109.24346749583334,23.033853758333333,293.2289123535156,3.0
T009,1906.083168348205,巡航,109.24395271875001,23.0348285375,293.2289123535156,3.0
T009,1915.9879339077138,巡航,109.24443794166667,23.035803316666666,293.2289123535156,3.0
T009,1925.8926994672224,巡航,109.24492316458334,23.036778095833334,293.2289123535156,3.0
T009,1935.797465026731,巡航,109.2454083875,23.037752875,293.2289123535156,3.0
T009,1945.70223058624,巡航,109.24589361041667,23.038727654166667,293.2289123535156,3.0
T009,1955.6069961457488,巡航,109.24637883333334,23.039702433333332,293.2289123535156,3.0
T009,1965.5117617052574,巡航,109.24686405625,23.0406772125,293.2289123535156,3.0
T009,1975.416527264766,巡航,109.24734927916667,23.041651991666665,293.2289123535156,3.0
T009,1985.321292824275,巡航,109.24783450208334,23.042626770833333,293.2289123535156,3.0
T009,1995.2260583837838,巡航,109.248319725,23.043601549999998,293.2289123535156,3.0
T009,2005.1308239432924,巡航,109.24880494791667,23.044576329166667,293.2289123535156,3.0
T009,2015.0355895028013,巡航,109.24929017083333,23.045551108333335,293.2289123535156,3.0
T009,2024.94035506231,巡航,109.24977539375,23.0465258875,293.2289123535156,3.0
T009,2034.8451206218188,巡航,109.25026061666668,23.047500666666668,293.2289123535156,3.0
T009,2044.7498861813274,巡航,109.25074583958335,23.048475445833333,293.2289123535156,3.0
T009,2054.654651740836,巡航,109.25123106250001,23.049450225,293.2289123535156,3.0
T009,2064.559417300345,巡航,109.25171628541668,23.050425004166666,293.2289123535156,3.0
T009,2074.4641828598537,巡航,109.25220150833334,23.051399783333334,293.2289123535156,3.0
T009,2084.3689484193624,巡航,109.25268673125001,23.0523745625,293.2289123535156,3.0
T009,2094.273713978871,巡航,109.25317195416667,23.053349341666667,293.2289123535156,3.0
T009,2104.17847953838,巡航,109.25365717708334,23.054324120833332,293.2289123535156,3.0
T009,2114.0832450978887,巡航,109.2541424,23.0552989,293.2289123535156,3.0
T009,2114.0832450978887,下降,109.2541424,23.0552989,293.2289123535156,3.0
T009,2122.513766745024,下降,109.2541424,23.0552989,272.15260823567706,3.0
T009,2130.9442883921597,下降,109.2541424,23.0552989,251.07630411783856,3.0
T009,2139.374810039295,下降,109.2541424,23.0552989,230.0,3.0
T009,2139.374810039295,交接,109.2541424,23.0552989,230.0,3.0
T009,2149.374810039295,交接,109.2541424,23.0552989,230.0,3.0
T009,2159.374810039295,交接,109.2541424,23.0552989,230.0,3.0
T009,2169.374810039295,交接,109.2541424,23.0552989,230.0,3.0
T009,2179.374810039295,交接,109.2541424,23.0552989,230.0,3.0
T009,2189.374810039295,交接,109.2541424,23.0552989,230.0,3.0
T009,2199.374810039295,交接,109.2541424,23.0552989,230.0,3.0
T009,2209.374810039295,交接,109.2541424,23.0552989,230.0,3.0
T009,2219.374810039295,交接,109.2541424,23.0552989,230.0,3.0
T009,2229.374810039295,交接,109.2541424,23.0552989,230.0,3.0
T009,2239.374810039295,交接,109.2541424,23.0552989,230.0,3.0
T009,2249.374810039295,交接,109.2541424,23.0552989,230.0,3.0
T009,2259.374810039295,交接,109.2541424,23.0552989,230.0,3.0
T009,2269.374810039295,交接,109.2541424,23.0552989,230.0,3.0
T009,2279.374810039295,交接,109.2541424,23.0552989,230.0,3.0
T009,2289.374810039295,交接,109.2541424,23.0552989,230.0,3.0
T009,2299.374810039295,交接,109.2541424,23.0552989,230.0,3.0
T009,2309.374810039295,交接,109.2541424,23.0552989,230.0,3.0
T009,2319.374810039295,交接,109.2541424,23.0552989,230.0,3.0
T009,2319.374810039295,爬升,109.2541424,23.0552989,230.0,0.0
T009,2326.4002447452413,爬升,109.2541424,23.0552989,251.07630411783853,0.0
T009,2333.425679451187,爬升,109.2541424,23.0552989,272.15260823567706,0.0
T009,2340.4511141571334,爬升,109.2541424,23.0552989,293.2289123535156,0.0
T009,2340.4511141571334,巡航,109.2541424,23.0552989,293.2289123535156,0.0
T009,2350.355879716642,巡航,109.25365717708334,23.054324120833332,293.2289123535156,0.0
T009,2360.260645276151,巡航,109.25317195416667,23.053349341666667,293.2289123535156,0.0
T009,2370.1654108356597,巡航,109.25268673125001,23.0523745625,293.2289123535156,0.0
T009,2380.0701763951683,巡航,109.25220150833334,23.051399783333334,293.2289123535156,0.0
T009,2389.974941954677,巡航,109.25171628541668,23.050425004166666,293.2289123535156,0.0
T009,2399.8797075141856,巡航,109.25123106250001,23.049450225,293.2289123535156,0.0
T009,2409.7844730736947,巡航,109.25074583958335,23.048475445833333,293.2289123535156,0.0
T009,2419.6892386332033,巡航,109.25026061666668,23.047500666666668,293.2289123535156,0.0
T009,2429.594004192712,巡航,109.24977539375,23.0465258875,293.2289123535156,0.0
T009,2439.4987697522206,巡航,109.24929017083333,23.045551108333335,293.2289123535156,0.0
T009,2449.4035353117297,巡航,109.24880494791667,23.044576329166667,293.2289123535156,0.0
T009,2459.3083008712383,巡航,109.248319725,23.043601549999998,293.2289123535156,0.0
T009,2469.213066430747,巡航,109.24783450208334,23.042626770833333,293.2289123535156,0.0
T009,2479.1178319902556,巡航,109.24734927916667,23.041651991666665,293.2289123535156,0.0
T009,2489.0225975497647,巡航,109.24686405625,23.0406772125,293.2289123535156,0.0
T009,2498.9273631092733,巡航,109.24637883333334,23.039702433333332,293.2289123535156,0.0
T009,2508.832128668782,巡航,109.24589361041667,23.038727654166667,293.2289123535156,0.0
T009,2518.736894228291,巡航,109.2454083875,23.037752875,293.2289123535156,0.0
T009,2528.6416597877997,巡航,109.24492316458334,23.036778095833334,293.2289123535156,0.0
T009,2538.5464253473083,巡航,109.24443794166667,23.035803316666666,293.2289123535156,0.0
T009,2548.451190906817,巡航,109.24395271875001,23.0348285375,293.2289123535156,0.0
T009,2558.3559564663256,巡航,109.24346749583334,23.033853758333333,293.2289123535156,0.0
T009,2568.2607220258346,巡航,109.24298227291668,23.032878979166668,293.2289123535156,0.0
T009,2578.1654875853433,巡航,109.24249705,23.0319042,293.2289123535156,0.0
T009,2588.070253144852,巡航,109.24201182708333,23.03092942083333,293.2289123535156,0.0
T009,2597.975018704361,巡航,109.24152660416667,23.029954641666667,293.2289123535156,0.0
T009,2607.8797842638696,巡航,109.24104138125,23.028979862499998,293.2289123535156,0.0
T009,2617.7845498233783,巡航,109.24055615833333,23.028005083333333,293.2289123535156,0.0
T009,2627.689315382887,巡航,109.24007093541667,23.027030304166665,293.2289123535156,0.0
T009,2637.5940809423955,巡航,109.2395857125,23.026055525,293.2289123535156,0.0
T009,2647.4988465019046,巡航,109.23910048958334,23.025080745833332,293.2289123535156,0.0
T009,2657.4036120614132,巡航,109.23861526666667,23.024105966666667,293.2289123535156,0.0
T009,2667.308377620922,巡航,109.23813004375,23.0231311875,293.2289123535156,0.0
T009,2677.2131431804305,巡航,109.23764482083334,23.022156408333334,293.2289123535156,0.0
T009,2687.1179087399396,巡航,109.23715959791667,23.021181629166666,293.2289123535156,0.0
T009,2697.022674299448,巡航,109.236674375,23.02020685,293.2289123535156,0.0
T009,2706.927439858957,巡航,109.23618915208334,23.019232070833333,293.2289123535156,0.0
T009,2716.8322054184655,巡航,109.23570392916668,23.018257291666664,293.2289123535156,0.0
T009,2726.7369709779746,巡航,109.23521870625001,23.0172825125,293.2289123535156,0.0
T009,2736.641736537483,巡航,109.23473348333334,23.01630773333333,293.2289123535156,0.0
T009,2746.546502096992,巡航,109.23424826041666,23.015332954166666,293.2289123535156,0.0
T009,2756.451267656501,巡航,109.2337630375,23.014358174999998,293.2289123535156,0.0
T009,2766.3560332160096,巡航,109.23327781458333,23.013383395833333,293.2289123535156,0.0
T009,2776.260798775518,巡航,109.23279259166667,23.012408616666665,293.2289123535156,0.0
T009,2786.165564335027,巡航,109.23230736875,23.0114338375,293.2289123535156,0.0
T009,2796.0703298945355,巡航,109.23182214583333,23.010459058333332,293.2289123535156,0.0
T009,2805.9750954540445,巡航,109.23133692291667,23.009484279166667,293.2289123535156,0.0
T009,2815.879861013553,巡航,109.2308517,23.0085095,293.2289123535156,0.0
T009,2815.879861013553,下降,109.2308517,23.0085095,293.2289123535156,0.0
T009,2825.3386560051827,下降,109.2308517,23.0085095,269.58192487444194,0.0
T009,2834.797450996812,下降,109.2308517,23.0085095,245.9349373953683,0.0
T009,2844.2562459884416,下降,109.2308517,23.0085095,222.28794991629462,0.0
T009,2853.715040980071,下降,109.2308517,23.0085095,198.640962437221,0.0
T009,2863.1738359717006,下降,109.2308517,23.0085095,174.99397495814733,0.0
T009,2872.63263096333,下降,109.2308517,23.0085095,151.34698747907365,0.0
T009,2882.0914259549595,下降,109.2308517,23.0085095,127.69999999999999,0.0
T010,1390.4723251020891,准备装载,109.2308517,23.0085095,127.7,25.0
T010,1400.4723251020891,准备装载,109.2308517,23.0085095,127.7,25.0
T010,1410.4723251020891,准备装载,109.2308517,23.0085095,127.7,25.0
T010,1420.4723251020891,准备装载,109.2308517,23.0085095,127.7,25.0
T010,1430.4723251020891,准备装载,109.2308517,23.0085095,127.7,25.0
T010,1440.4723251020891,准备装载,109.2308517,23.0085095,127.7,25.0
T010,1450.4723251020891,准备装载,109.2308517,23.0085095,127.7,25.0
T010,1460.4723251020891,准备装载,109.2308517,23.0085095,127.7,25.0
T010,1470.4723251020891,准备装载,109.2308517,23.0085095,127.7,25.0
T010,1480.4723251020891,准备装载,109.2308517,23.0085095,127.7,25.0
T010,1490.4723251020891,准备装载,109.2308517,23.0085095,127.7,25.0
T010,1500.4723251020891,准备装载,109.2308517,23.0085095,127.7,25.0
T010,1510.4723251020891,准备装载,109.2308517,23.0085095,127.7,25.0
T010,1520.4723251020891,准备装载,109.2308517,23.0085095,127.7,25.0
T010,1530.4723251020891,准备装载,109.2308517,23.0085095,127.7,25.0
T010,1540.4723251020891,准备装载,109.2308517,23.0085095,127.7,25.0
T010,1550.4723251020891,准备装载,109.2308517,23.0085095,127.7,25.0
T010,1560.4723251020891,准备装载,109.2308517,23.0085095,127.7,25.0
T010,1570.4723251020891,准备装载,109.2308517,23.0085095,127.7,25.0
T010,1580.4723251020891,准备装载,109.2308517,23.0085095,127.7,25.0
T010,1590.4723251020891,准备装载,109.2308517,23.0085095,127.7,25.0
T010,1600.4723251020891,准备装载,109.2308517,23.0085095,127.7,25.0
T010,1610.4723251020891,准备装载,109.2308517,23.0085095,127.7,25.0
T010,1620.4723251020891,准备装载,109.2308517,23.0085095,127.7,25.0
T010,1630.4723251020891,准备装载,109.2308517,23.0085095,127.7,25.0
T010,1640.4723251020891,准备装载,109.2308517,23.0085095,127.7,25.0
T010,1650.4723251020891,准备装载,109.2308517,23.0085095,127.7,25.0
T010,1660.4723251020891,准备装载,109.2308517,23.0085095,127.7,25.0
T010,1670.4723251020891,准备装载,109.2308517,23.0085095,127.7,25.0
T010,1680.4723251020891,准备装载,109.2308517,23.0085095,127.7,25.0
T010,1690.4723251020891,准备装载,109.2308517,23.0085095,127.7,25.0
T010,1700.4723251020891,准备装载,109.2308517,23.0085095,127.7,25.0
T010,1710.4723251020891,准备装载,109.2308517,23.0085095,127.7,25.0
T010,1720.4723251020891,准备装载,109.2308517,23.0085095,127.7,25.0
T010,1730.4723251020891,准备装载,109.2308517,23.0085095,127.7,25.0
T010,1740.4723251020891,准备装载,109.2308517,23.0085095,127.7,25.0
T010,1750.4723251020891,准备装载,109.2308517,23.0085095,127.7,25.0
T010,1760.4723251020891,准备装载,109.2308517,23.0085095,127.7,25.0
T010,1770.4723251020891,准备装载,109.2308517,23.0085095,127.7,25.0
T010,1780.4723251020891,准备装载,109.2308517,23.0085095,127.7,25.0
T010,1780.4723251020891,爬升,109.2308517,23.0085095,127.7,25.0
T010,1789.992358264524,爬升,109.2308517,23.0085095,156.2600994873047,25.0
T010,1799.5123914269589,爬升,109.2308517,23.0085095,184.82019897460938,25.0
T010,1809.032424589394,爬升,109.2308517,23.0085095,213.3802984619141,25.0
T010,1818.5524577518288,爬升,109.2308517,23.0085095,241.94039794921878,25.0
T010,1828.0724909142637,爬升,109.2308517,23.0085095,270.50049743652346,25.0
T010,1837.5925240766985,爬升,109.2308517,23.0085095,299.06059692382814,25.0
T010,1847.1125572391334,爬升,109.2308517,23.0085095,327.6206964111328,25.0
T010,1856.6325904015685,爬升,109.2308517,23.0085095,356.1807958984375,25.0
T010,1866.1526235640033,爬升,109.2308517,23.0085095,384.7408953857422,25.0
T010,1875.6726567264382,爬升,109.2308517,23.0085095,413.3009948730469,25.0
T010,1875.6726567264382,巡航,109.2308517,23.0085095,413.3009948730469,25.0
T010,1885.5266456424088,巡航,109.23189738,23.00942859,413.3009948730469,25.0
T010,1895.3806345583791,巡航,109.23294306,23.01034768,413.3009948730469,25.0
T010,1905.2346234743497,巡航,109.23398874,23.01126677,413.3009948730469,25.0
T010,1915.0886123903201,巡航,109.23503442,23.01218586,413.3009948730469,25.0
T010,1924.9426013062907,巡航,109.23608010000001,23.01310495,413.3009948730469,25.0
T010,1934.796590222261,巡航,109.23712578,23.01402404,413.3009948730469,25.0
T010,1944.6505791382317,巡航,109.23817146,23.01494313,413.3009948730469,25.0
T010,1954.504568054202,巡航,109.23921714000001,23.01586222,413.3009948730469,25.0
T010,1964.3585569701727,巡航,109.24026282,23.01678131,413.3009948730469,25.0
T010,1974.2125458861433,巡航,109.2413085,23.0177004,413.3009948730469,25.0
T010,1984.0665348021137,巡航,109.24235418,23.01861949,413.3009948730469,25.0
T010,1993.9205237180843,巡航,109.24339986,23.01953858,413.3009948730469,25.0
T010,2003.7745126340546,巡航,109.24444554,23.02045767,413.3009948730469,25.0
T010,2013.6285015500252,巡航,109.24549122,23.02137676,413.3009948730469,25.0
T010,2023.4824904659956,巡航,109.2465369,23.02229585,413.3009948730469,25.0
T010,2033.3364793819662,巡航,109.24758258,23.02321494,413.3009948730469,25.0
T010,2043.1904682979368,巡航,109.24862826,23.02413403,413.3009948730469,25.0
T010,2053.044457213907,巡航,109.24967394000001,23.02505312,413.3009948730469,25.0
T010,2062.898446129878,巡航,109.25071962,23.02597221,413.3009948730469,25.0
T010,2072.7524350458484,巡航,109.2517653,23.0268913,413.3009948730469,25.0
T010,2082.6064239618186,巡航,109.25281098,23.02781039,413.3009948730469,25.0
T010,2092.460412877789,巡航,109.25385666,23.02872948,413.3009948730469,25.0
T010,2102.3144017937598,巡航,109.25490234,23.02964857,413.3009948730469,25.0
T010,2112.1683907097304,巡航,109.25594802,23.03056766,413.3009948730469,25.0
T010,2122.0223796257005,巡航,109.25699370000001,23.03148675,413.3009948730469,25.0
T010,2131.876368541671,巡航,109.25803938,23.03240584,413.3009948730469,25.0
T010,2141.7303574576417,巡航,109.25908506,23.03332493,413.3009948730469,25.0
T010,2151.5843463736123,巡航,109.26013074000001,23.03424402,413.3009948730469,25.0
T010,2161.438335289583,巡航,109.26117642,23.03516311,413.3009948730469,25.0
T010,2171.292324205553,巡航,109.2622221,23.0360822,413.3009948730469,25.0
T010,2181.1463131215237,巡航,109.26326778,23.03700129,413.3009948730469,25.0
T010,2191.0003020374943,巡航,109.26431346,23.03792038,413.3009948730469,25.0
T010,2200.854290953465,巡航,109.26535914,23.03883947,413.3009948730469,25.0
T010,2210.7082798694355,巡航,109.26640482,23.03975856,413.3009948730469,25.0
T010,2220.5622687854056,巡航,109.26745050000001,23.04067765,413.3009948730469,25.0
T010,2230.4162577013763,巡航,109.26849618,23.04159674,413.3009948730469,25.0
T010,2240.270246617347,巡航,109.26954186,23.04251583,413.3009948730469,25.0
T010,2250.1242355333175,巡航,109.27058754000001,23.04343492,413.3009948730469,25.0
T010,2259.978224449288,巡航,109.27163322,23.04435401,413.3009948730469,25.0
T010,2269.832213365258,巡航,109.2726789,23.0452731,413.3009948730469,25.0
T010,2279.686202281229,巡航,109.27372458,23.04619219,413.3009948730469,25.0
T010,2289.5401911971994,巡航,109.27477026,23.04711128,413.3009948730469,25.0
T010,2299.3941801131696,巡航,109.27581594,23.04803037,413.3009948730469,25.0
T010,2309.24816902914,巡航,109.27686162,23.04894946,413.3009948730469,25.0
T010,2319.102157945111,巡航,109.27790730000001,23.04986855,413.3009948730469,25.0
T010,2328.9561468610814,巡航,109.27895298,23.05078764,413.3009948730469,25.0
T010,2338.810135777052,巡航,109.27999866,23.05170673,413.3009948730469,25.0
T010,2348.664124693022,巡航,109.28104434000001,23.05262582,413.3009948730469,25.0
T010,2358.5181136089927,巡航,109.28209002,23.05354491,413.3009948730469,25.0
T010,2368.3721025249633,巡航,109.2831357,23.054464,413.3009948730469,25.0
T010,2368.3721025249633,下降,109.2831357,23.054464,413.3009948730469,25.0
T010,2377.272168849833,下降,109.2831357,23.054464,391.0508290608724,25.0
T010,2386.172235174703,下降,109.2831357,23.054464,368.8006632486979,25.0
T010,2395.072301499573,下降,109.2831357,23.054464,346.5504974365234,25.0
T010,2403.9723678244422,下降,109.2831357,23.054464,324.300331624349,25.0
T010,2412.872434149312,下降,109.2831357,23.054464,302.0501658121745,25.0
T010,2421.772500474182,下降,109.2831357,23.054464,279.8,25.0
T010,2421.772500474182,交接,109.2831357,23.054464,279.8,25.0
T010,2431.772500474182,交接,109.2831357,23.054464,279.8,25.0
T010,2441.772500474182,交接,109.2831357,23.054464,279.8,25.0
T010,2451.772500474182,交接,109.2831357,23.054464,279.8,25.0
T010,2461.772500474182,交接,109.2831357,23.054464,279.8,25.0
T010,2471.772500474182,交接,109.2831357,23.054464,279.8,25.0
T010,2481.772500474182,交接,109.2831357,23.054464,279.8,25.0
T010,2491.772500474182,交接,109.2831357,23.054464,279.8,25.0
T010,2501.772500474182,交接,109.2831357,23.054464,279.8,25.0
T010,2511.772500474182,交接,109.2831357,23.054464,279.8,25.0
T010,2521.772500474182,交接,109.2831357,23.054464,279.8,25.0
T010,2531.772500474182,交接,109.2831357,23.054464,279.8,25.0
T010,2541.772500474182,交接,109.2831357,23.054464,279.8,25.0
T010,2551.772500474182,交接,109.2831357,23.054464,279.8,25.0
T010,2561.772500474182,交接,109.2831357,23.054464,279.8,25.0
T010,2571.772500474182,交接,109.2831357,23.054464,279.8,25.0
T010,2581.772500474182,交接,109.2831357,23.054464,279.8,25.0
T010,2591.772500474182,交接,109.2831357,23.054464,279.8,25.0
T010,2601.772500474182,交接,109.2831357,23.054464,279.8,25.0
T010,2611.772500474182,交接,109.2831357,23.054464,279.8,25.0
T010,2621.772500474182,交接,109.2831357,23.054464,279.8,25.0
T010,2631.772500474182,交接,109.2831357,23.054464,279.8,25.0
T010,2641.772500474182,交接,109.2831357,23.054464,279.8,25.0
T010,2651.772500474182,交接,109.2831357,23.054464,279.8,25.0
T010,2661.772500474182,交接,109.2831357,23.054464,279.8,25.0
T010,2661.772500474182,爬升,109.2831357,23.054464,279.8,0.0
T010,2670.6725667990518,爬升,109.2831357,23.054464,306.50019897460936,0.0
T010,2679.5726331239216,爬升,109.2831357,23.054464,333.20039794921877,0.0
T010,2688.472699448791,爬升,109.2831357,23.054464,359.9005969238282,0.0
T010,2697.372765773661,爬升,109.2831357,23.054464,386.6007958984375,0.0
T010,2706.2728320985307,爬升,109.2831357,23.054464,413.3009948730469,0.0
T010,2706.2728320985307,巡航,109.2831357,23.054464,413.3009948730469,0.0
T010,2716.1268210145013,巡航,109.28209002,23.05354491,413.3009948730469,0.0
T010,2725.980809930472,巡航,109.28104434000001,23.05262582,413.3009948730469,0.0
T010,2735.834798846442,巡航,109.27999866,23.05170673,413.3009948730469,0.0
T010,2745.6887877624126,巡航,109.27895298,23.05078764,413.3009948730469,0.0
T010,2755.5427766783832,巡航,109.27790730000001,23.04986855,413.3009948730469,0.0
T010,2765.396765594354,巡航,109.27686162,23.04894946,413.3009948730469,0.0
T010,2775.250754510324,巡航,109.27581594,23.04803037,413.3009948730469,0.0
T010,2785.1047434262946,巡航,109.27477026,23.04711128,413.3009948730469,0.0
T010,2794.958732342265,巡航,109.27372458,23.04619219,413.3009948730469,0.0
T010,2804.812721258236,巡航,109.2726789,23.0452731,413.3009948730469,0.0
T010,2814.6667101742064,巡航,109.27163322,23.04435401,413.3009948730469,0.0
T010,2824.5206990901765,巡航,109.27058754000001,23.04343492,413.3009948730469,0.0
T010,2834.374688006147,巡航,109.26954186,23.04251583,413.3009948730469,0.0
T010,2844.2286769221178,巡航,109.26849618,23.04159674,413.3009948730469,0.0
T010,2854.0826658380884,巡航,109.2674505,23.04067765,413.3009948730469,0.0
T010,2863.9366547540585,巡航,109.26640482,23.03975856,413.3009948730469,0.0
T010,2873.790643670029,巡航,109.26535914,23.03883947,413.3009948730469,0.0
T010,2883.6446325859997,巡航,109.26431346,23.03792038,413.3009948730469,0.0
T010,2893.4986215019703,巡航,109.26326778,23.03700129,413.3009948730469,0.0
T010,2903.352610417941,巡航,109.2622221,23.0360822,413.3009948730469,0.0
T010,2913.206599333911,巡航,109.26117642,23.03516311,413.3009948730469,0.0
T010,2923.0605882498817,巡航,109.26013074000001,23.03424402,413.3009948730469,0.0
T010,2932.9145771658523,巡航,109.25908506,23.03332493,413.3009948730469,0.0
T010,2942.768566081823,巡航,109.25803938,23.03240584,413.3009948730469,0.0
T010,2952.6225549977935,巡航,109.25699370000001,23.03148675,413.3009948730469,0.0
T010,2962.4765439137636,巡航,109.25594802,23.03056766,413.3009948730469,0.0
T010,2972.3305328297342,巡航,109.25490234,23.02964857,413.3009948730469,0.0
T010,2982.184521745705,巡航,109.25385666,23.02872948,413.3009948730469,0.0
T010,2992.0385106616754,巡航,109.25281098,23.02781039,413.3009948730469,0.0
T010,3001.8924995776456,巡航,109.2517653,23.0268913,413.3009948730469,0.0
T010,3011.746488493616,巡航,109.25071962,23.02597221,413.3009948730469,0.0
T010,3021.600477409587,巡航,109.24967394000001,23.02505312,413.3009948730469,0.0
T010,3031.4544663255574,巡航,109.24862826,23.02413403,413.3009948730469,0.0
T010,3041.308455241528,巡航,109.24758258,23.02321494,413.3009948730469,0.0
T010,3051.162444157498,巡航,109.2465369,23.02229585,413.3009948730469,0.0
T010,3061.0164330734688,巡航,109.24549122,23.02137676,413.3009948730469,0.0
T010,3070.8704219894394,巡航,109.24444554,23.02045767,413.3009948730469,0.0
T010,3080.72441090541,巡航,109.24339986,23.01953858,413.3009948730469,0.0
T010,3090.57839982138,巡航,109.24235418,23.01861949,413.3009948730469,0.0
T010,3100.4323887373507,巡航,109.2413085,23.0177004,413.3009948730469,0.0
T010,3110.2863776533213,巡航,109.24026282,23.01678131,413.3009948730469,0.0
T010,3120.140366569292,巡航,109.23921714000001,23.01586222,413.3009948730469,0.0
T010,3129.9943554852625,巡航,109.23817146,23.01494313,413.3009948730469,0.0
T010,3139.8483444012327,巡航,109.23712578,23.01402404,413.3009948730469,0.0
T010,3149.7023333172033,巡航,109.23608010000001,23.01310495,413.3009948730469,0.0
T010,3159.556322233174,巡航,109.23503442,23.01218586,413.3009948730469,0.0
T010,3169.4103111491445,巡航,109.23398874,23.01126677,413.3009948730469,0.0
T010,3179.2643000651146,巡航,109.23294306,23.01034768,413.3009948730469,0.0
T010,3189.1182889810852,巡航,109.23189738,23.00942859,413.3009948730469,0.0
T010,3198.972277897056,巡航,109.2308517,23.0085095,413.3009948730469,0.0
T010,3198.972277897056,下降,109.2308517,23.0085095,413.3009948730469,0.0
T010,3208.492311059491,下降,109.2308517,23.0085095,389.5009119669596,0.0
T010,3218.0123442219256,下降,109.2308517,23.0085095,365.70082906087237,0.0
T010,3227.5323773843606,下降,109.2308517,23.0085095,341.90074615478517,0.0
T010,3237.0524105467953,下降,109.2308517,23.0085095,318.1006632486979,0.0
T010,3246.5724437092304,下降,109.2308517,23.0085095,294.3005803426107,0.0
T010,3256.092476871665,下降,109.2308517,23.0085095,270.50049743652346,0.0
T010,3265.6125100341,下降,109.2308517,23.0085095,246.7004145304362,0.0
T010,3275.132543196535,下降,109.2308517,23.0085095,222.90033162434895,0.0
T010,3284.65257635897,下降,109.2308517,23.0085095,199.1002487182617,0.0
T010,3294.172609521405,下降,109.2308517,23.0085095,175.3001658121745,0.0
T010,3303.6926426838395,下降,109.2308517,23.0085095,151.50008290608724,0.0
T010,3313.2126758462746,下降,109.2308517,23.0085095,127.69999999999999,0.0
T011,1435.3795658311299,准备装载,109.2308517,23.0085095,127.7,25.0
T011,1445.3795658311299,准备装载,109.2308517,23.0085095,127.7,25.0
T011,1455.3795658311299,准备装载,109.2308517,23.0085095,127.7,25.0
T011,1465.3795658311299,准备装载,109.2308517,23.0085095,127.7,25.0
T011,1475.3795658311299,准备装载,109.2308517,23.0085095,127.7,25.0
T011,1485.3795658311299,准备装载,109.2308517,23.0085095,127.7,25.0
T011,1495.3795658311299,准备装载,109.2308517,23.0085095,127.7,25.0
T011,1505.3795658311299,准备装载,109.2308517,23.0085095,127.7,25.0
T011,1515.3795658311299,准备装载,109.2308517,23.0085095,127.7,25.0
T011,1525.3795658311299,准备装载,109.2308517,23.0085095,127.7,25.0
T011,1535.3795658311299,准备装载,109.2308517,23.0085095,127.7,25.0
T011,1545.3795658311299,准备装载,109.2308517,23.0085095,127.7,25.0
T011,1555.3795658311299,准备装载,109.2308517,23.0085095,127.7,25.0
T011,1565.3795658311299,准备装载,109.2308517,23.0085095,127.7,25.0
T011,1575.3795658311299,准备装载,109.2308517,23.0085095,127.7,25.0
T011,1585.3795658311299,准备装载,109.2308517,23.0085095,127.7,25.0
T011,1595.3795658311299,准备装载,109.2308517,23.0085095,127.7,25.0
T011,1605.3795658311299,准备装载,109.2308517,23.0085095,127.7,25.0
T011,1615.3795658311299,准备装载,109.2308517,23.0085095,127.7,25.0
T011,1625.3795658311299,准备装载,109.2308517,23.0085095,127.7,25.0
T011,1635.3795658311299,准备装载,109.2308517,23.0085095,127.7,25.0
T011,1645.3795658311299,准备装载,109.2308517,23.0085095,127.7,25.0
T011,1655.3795658311299,准备装载,109.2308517,23.0085095,127.7,25.0
T011,1665.3795658311299,准备装载,109.2308517,23.0085095,127.7,25.0
T011,1675.3795658311299,准备装载,109.2308517,23.0085095,127.7,25.0
T011,1685.3795658311299,准备装载,109.2308517,23.0085095,127.7,25.0
T011,1695.3795658311299,准备装载,109.2308517,23.0085095,127.7,25.0
T011,1705.3795658311299,准备装载,109.2308517,23.0085095,127.7,25.0
T011,1715.3795658311299,准备装载,109.2308517,23.0085095,127.7,25.0
T011,1725.3795658311299,准备装载,109.2308517,23.0085095,127.7,25.0
T011,1735.3795658311299,准备装载,109.2308517,23.0085095,127.7,25.0
T011,1745.3795658311299,准备装载,109.2308517,23.0085095,127.7,25.0
T011,1755.3795658311299,准备装载,109.2308517,23.0085095,127.7,25.0
T011,1765.3795658311299,准备装载,109.2308517,23.0085095,127.7,25.0
T011,1775.3795658311299,准备装载,109.2308517,23.0085095,127.7,25.0
T011,1785.3795658311299,准备装载,109.2308517,23.0085095,127.7,25.0
T011,1795.3795658311299,准备装载,109.2308517,23.0085095,127.7,25.0
T011,1805.3795658311299,准备装载,109.2308517,23.0085095,127.7,25.0
T011,1815.3795658311299,准备装载,109.2308517,23.0085095,127.7,25.0
T011,1825.3795658311299,准备装载,109.2308517,23.0085095,127.7,25.0
T011,1825.3795658311299,爬升,109.2308517,23.0085095,127.7,25.0
T011,1835.0513864081156,爬升,109.2308517,23.0085095,156.71546173095703,25.0
T011,1844.7232069851011,爬升,109.2308517,23.0085095,185.73092346191407,25.0
T011,1854.3950275620869,爬升,109.2308517,23.0085095,214.74638519287112,25.0
T011,1864.0668481390726,爬升,109.2308517,23.0085095,243.76184692382813,25.0
T011,1873.7386687160583,爬升,109.2308517,23.0085095,272.77730865478514,25.0
T011,1883.410489293044,爬升,109.2308517,23.0085095,301.7927703857422,25.0
T011,1893.0823098700296,爬升,109.2308517,23.0085095,330.80823211669923,25.0
T011,1902.7541304470153,爬升,109.2308517,23.0085095,359.8236938476563,25.0
T011,1912.425951024001,爬升,109.2308517,23.0085095,388.83915557861326,25.0
T011,1922.0977716009866,爬升,109.2308517,23.0085095,417.8546173095703,25.0
T011,1931.7695921779723,爬升,109.2308517,23.0085095,446.87007904052734,25.0
T011,1941.441412754958,爬升,109.2308517,23.0085095,475.8855407714844,25.0
T011,1951.1132333319438,爬升,109.2308517,23.0085095,504.90100250244143,25.0
T011,1960.7850539089295,爬升,109.2308517,23.0085095,533.9164642333984,25.0
T011,1970.456874485915,爬升,109.2308517,23.0085095,562.9319259643555,25.0
T011,1980.1286950629008,爬升,109.2308517,23.0085095,591.9473876953125,25.0
T011,1980.1286950629008,巡航,109.2308517,23.0085095,591.9473876953125,25.0
T011,1989.8937434560776,巡航,109.23227723783783,23.008420316216217,591.9473876953125,25.0
T011,1999.6587918492544,巡航,109.23370277567568,23.00833113243243,591.9473876953125,25.0
T011,2009.4238402424312,巡航,109.23512831351351,23.00824194864865,591.9473876953125,25.0
T011,2019.188888635608,巡航,109.23655385135136,23.008152764864864,591.9473876953125,25.0
T011,2028.953937028785,巡航,109.23797938918919,23.008063581081082,591.9473876953125,25.0
T011,2038.7189854219619,巡航,109.23940492702702,23.007974397297296,591.9473876953125,25.0
T011,2048.4840338151384,巡航,109.24083046486487,23.007885213513514,591.9473876953125,25.0
T011,2058.2490822083155,巡航,109.2422560027027,23.00779602972973,591.9473876953125,25.0
T011,2068.014130601492,巡航,109.24368154054054,23.007706845945947,591.9473876953125,25.0
T011,2077.779178994669,巡航,109.24510707837838,23.00761766216216,591.9473876953125,25.0
T011,2087.544227387846,巡航,109.24653261621621,23.00752847837838,591.9473876953125,25.0
T011,2097.3092757810227,巡航,109.24795815405406,23.007439294594594,591.9473876953125,25.0
T011,2107.0743241742,巡航,109.2493836918919,23.007350110810812,591.9473876953125,25.0
T011,2116.8393725673764,巡航,109.25080922972973,23.007260927027026,591.9473876953125,25.0
T011,2126.6044209605534,巡航,109.25223476756757,23.007171743243244,591.9473876953125,25.0
T011,2136.36946935373,巡航,109.2536603054054,23.00708255945946,591.9473876953125,25.0
T011,2146.134517746907,巡航,109.25508584324324,23.006993375675677,591.9473876953125,25.0
T011,2155.899566140084,巡航,109.25651138108108,23.00690419189189,591.9473876953125,25.0
T011,2165.6646145332606,巡航,109.25793691891892,23.00681500810811,591.9473876953125,25.0
T011,2175.4296629264377,巡航,109.25936245675676,23.006725824324324,591.9473876953125,25.0
T011,2185.1947113196143,巡航,109.2607879945946,23.006636640540542,591.9473876953125,25.0
T011,2194.9597597127913,巡航,109.26221353243243,23.006547456756756,591.9473876953125,25.0
T011,2204.724808105968,巡航,109.26363907027027,23.006458272972974,591.9473876953125,25.0
T011,2214.489856499145,巡航,109.2650646081081,23.00636908918919,591.9473876953125,25.0
T011,2224.2549048923215,巡航,109.26649014594594,23.006279905405407,591.9473876953125,25.0
T011,2234.0199532854986,巡航,109.26791568378378,23.00619072162162,591.9473876953125,25.0
T011,2243.785001678675,巡航,109.26934122162162,23.00610153783784,591.9473876953125,25.0
T011,2253.550050071852,巡航,109.27076675945946,23.006012354054054,591.9473876953125,25.0
T011,2263.315098465029,巡航,109.2721922972973,23.005923170270272,591.9473876953125,25.0
T011,2273.080146858206,巡航,109.27361783513513,23.005833986486486,591.9473876953125,25.0
T011,2282.845195251383,巡航,109.27504337297297,23.005744802702704,591.9473876953125,25.0
T011,2292.6102436445594,巡航,109.2764689108108,23.00565561891892,591.9473876953125,25.0
T011,2302.3752920377365,巡航,109.27789444864864,23.005566435135137,591.9473876953125,25.0
T011,2312.140340430913,巡航,109.27931998648648,23.00547725135135,591.9473876953125,25.0
T011,2321.90538882409,巡航,109.28074552432432,23.00538806756757,591.9473876953125,25.0
T011,2331.670437217267,巡航,109.28217106216216,23.005298883783784,591.9473876953125,25.0
T011,2341.4354856104437,巡航,109.2835966,23.0052097,591.9473876953125,25.0
T011,2341.4354856104437,下降,109.2835966,23.0052097,591.9473876953125,25.0
T011,2351.0733811182563,下降,109.2835966,23.0052097,567.8526489257813,25.0
T011,2360.711276626069,下降,109.2835966,23.0052097,543.75791015625,25.0
T011,2370.349172133881,下降,109.2835966,23.0052097,519.6631713867188,25.0
T011,2379.9870676416936,下降,109.2835966,23.0052097,495.5684326171875,25.0
T011,2389.624963149506,下降,109.2835966,23.0052097,471.47369384765625,25.0
T011,2399.2628586573187,下降,109.2835966,23.0052097,447.378955078125,25.0
T011,2408.9007541651313,下降,109.2835966,23.0052097,423.2842163085937,25.0
T011,2418.5386496729434,下降,109.2835966,23.0052097,399.1894775390625,25.0
T011,2428.176545180756,下降,109.2835966,23.0052097,375.0947387695312,25.0
T011,2437.8144406885685,下降,109.2835966,23.0052097,351.0,25.0
T011,2437.8144406885685,交接,109.2835966,23.0052097,351.0,25.0
T011,2447.8144406885685,交接,109.2835966,23.0052097,351.0,25.0
T011,2457.8144406885685,交接,109.2835966,23.0052097,351.0,25.0
T011,2467.8144406885685,交接,109.2835966,23.0052097,351.0,25.0
T011,2477.8144406885685,交接,109.2835966,23.0052097,351.0,25.0
T011,2487.8144406885685,交接,109.2835966,23.0052097,351.0,25.0
T011,2497.8144406885685,交接,109.2835966,23.0052097,351.0,25.0
T011,2507.8144406885685,交接,109.2835966,23.0052097,351.0,25.0
T011,2517.8144406885685,交接,109.2835966,23.0052097,351.0,25.0
T011,2527.8144406885685,交接,109.2835966,23.0052097,351.0,25.0
T011,2537.8144406885685,交接,109.2835966,23.0052097,351.0,25.0
T011,2547.8144406885685,交接,109.2835966,23.0052097,351.0,25.0
T011,2557.8144406885685,交接,109.2835966,23.0052097,351.0,25.0
T011,2567.8144406885685,交接,109.2835966,23.0052097,351.0,25.0
T011,2577.8144406885685,交接,109.2835966,23.0052097,351.0,25.0
T011,2587.8144406885685,交接,109.2835966,23.0052097,351.0,25.0
T011,2597.8144406885685,交接,109.2835966,23.0052097,351.0,25.0
T011,2607.8144406885685,交接,109.2835966,23.0052097,351.0,25.0
T011,2617.8144406885685,交接,109.2835966,23.0052097,351.0,25.0
T011,2627.8144406885685,交接,109.2835966,23.0052097,351.0,25.0
T011,2637.8144406885685,交接,109.2835966,23.0052097,351.0,25.0
T011,2647.8144406885685,交接,109.2835966,23.0052097,351.0,25.0
T011,2657.8144406885685,交接,109.2835966,23.0052097,351.0,25.0
T011,2667.8144406885685,交接,109.2835966,23.0052097,351.0,25.0
T011,2677.8144406885685,交接,109.2835966,23.0052097,351.0,25.0
T011,2677.8144406885685,爬升,109.2835966,23.0052097,351.0,0.0
T011,2686.7384180106174,爬升,109.2835966,23.0052097,377.7719319661458,0.0
T011,2695.6623953326657,爬升,109.2835966,23.0052097,404.5438639322917,0.0
T011,2704.5863726547145,爬升,109.2835966,23.0052097,431.3157958984375,0.0
T011,2713.510349976763,爬升,109.2835966,23.0052097,458.0877278645833,0.0
T011,2722.4343272988117,爬升,109.2835966,23.0052097,484.8596598307292,0.0
T011,2731.35830462086,爬升,109.2835966,23.0052097,511.631591796875,0.0
T011,2740.282281942909,爬升,109.2835966,23.0052097,538.4035237630208,0.0
T011,2749.206259264957,爬升,109.2835966,23.0052097,565.1754557291666,0.0
T011,2758.130236587006,爬升,109.2835966,23.0052097,591.9473876953125,0.0
T011,2758.130236587006,巡航,109.2835966,23.0052097,591.9473876953125,0.0
T011,2767.895284980183,巡航,109.28217106216216,23.005298883783784,591.9473876953125,0.0
T011,2777.6603333733597,巡航,109.28074552432432,23.00538806756757,591.9473876953125,0.0
T011,2787.4253817665367,巡航,109.27931998648648,23.00547725135135,591.9473876953125,0.0
T011,2797.1904301597133,巡航,109.27789444864864,23.005566435135137,591.9473876953125,0.0
T011,2806.9554785528903,巡航,109.2764689108108,23.00565561891892,591.9473876953125,0.0
T011,2816.720526946067,巡航,109.27504337297297,23.005744802702704,591.9473876953125,0.0
T011,2826.485575339244,巡航,109.27361783513513,23.005833986486486,591.9473876953125,0.0
T011,2836.2506237324205,巡航,109.2721922972973,23.005923170270272,591.9473876953125,0.0
T011,2846.0156721255976,巡航,109.27076675945946,23.006012354054054,591.9473876953125,0.0
T011,2855.780720518774,巡航,109.26934122162162,23.00610153783784,591.9473876953125,0.0
T011,2865.545768911951,巡航,109.26791568378378,23.00619072162162,591.9473876953125,0.0
T011,2875.310817305128,巡航,109.26649014594594,23.006279905405407,591.9473876953125,0.0
T011,2885.075865698305,巡航,109.2650646081081,23.00636908918919,591.9473876953125,0.0
T011,2894.840914091482,巡航,109.26363907027027,23.006458272972974,591.9473876953125,0.0
T011,2904.6059624846584,巡航,109.26221353243243,23.006547456756756,591.9473876953125,0.0
T011,2914.3710108778355,巡航,109.2607879945946,23.006636640540542,591.9473876953125,0.0
T011,2924.136059271012,巡航,109.25936245675676,23.006725824324324,591.9473876953125,0.0
T011,2933.901107664189,巡航,109.25793691891892,23.00681500810811,591.9473876953125,0.0
T011,2943.6661560573657,巡航,109.25651138108108,23.00690419189189,591.9473876953125,0.0
T011,2953.4312044505427,巡航,109.25508584324324,23.006993375675677,591.9473876953125,0.0
T011,2963.1962528437193,巡航,109.2536603054054,23.00708255945946,591.9473876953125,0.0
T011,2972.9613012368964,巡航,109.25223476756757,23.007171743243244,591.9473876953125,0.0
T011,2982.726349630073,巡航,109.25080922972973,23.007260927027026,591.9473876953125,0.0
T011,2992.49139802325,巡航,109.2493836918919,23.007350110810812,591.9473876953125,0.0
T011,3002.256446416427,巡航,109.24795815405406,23.007439294594594,591.9473876953125,0.0
T011,3012.0214948096036,巡航,109.24653261621621,23.00752847837838,591.9473876953125,0.0
T011,3021.7865432027806,巡航,109.24510707837838,23.00761766216216,591.9473876953125,0.0
T011,3031.5515915959572,巡航,109.24368154054054,23.007706845945947,591.9473876953125,0.0
T011,3041.3166399891343,巡航,109.2422560027027,23.00779602972973,591.9473876953125,0.0
T011,3051.081688382311,巡航,109.24083046486487,23.007885213513514,591.9473876953125,0.0
T011,3060.846736775488,巡航,109.23940492702702,23.007974397297296,591.9473876953125,0.0
T011,3070.6117851686645,巡航,109.23797938918919,23.008063581081082,591.9473876953125,0.0
T011,3080.3768335618415,巡航,109.23655385135136,23.008152764864864,591.9473876953125,0.0
T011,3090.141881955018,巡航,109.23512831351351,23.00824194864865,591.9473876953125,0.0
T011,3099.906930348195,巡航,109.23370277567568,23.00833113243243,591.9473876953125,0.0
T011,3109.671978741372,巡航,109.23227723783783,23.008420316216217,591.9473876953125,0.0
T011,3119.4370271345488,巡航,109.2308517,23.0085095,591.9473876953125,0.0
T011,3119.4370271345488,下降,109.2308517,23.0085095,591.9473876953125,0.0
T011,3129.210656349187,下降,109.2308517,23.0085095,567.5133146587171,0.0
T011,3138.984285563825,下降,109.2308517,23.0085095,543.0792416221217,0.0
T011,3148.757914778463,下降,109.2308517,23.0085095,518.6451685855263,0.0
T011,3158.5315439931014,下降,109.2308517,23.0085095,494.2110955489309,0.0
T011,3168.3051732077397,下降,109.2308517,23.0085095,469.7770225123355,0.0
T011,3178.0788024223775,下降,109.2308517,23.0085095,445.34294947574017,0.0
T011,3187.852431637016,下降,109.2308517,23.0085095,420.9088764391447,0.0
T011,3197.626060851654,下降,109.2308517,23.0085095,396.47480340254936,0.0
T011,3207.3996900662924,下降,109.2308517,23.0085095,372.04073036595395,0.0
T011,3217.17331928093,下降,109.2308517,23.0085095,347.60665732935854,0.0
T011,3226.9469484955684,下降,109.2308517,23.0085095,323.17258429276313,0.0
T011,3236.7205777102067,下降,109.2308517,23.0085095,298.7385112561678,0.0
T011,3246.494206924845,下降,109.2308517,23.0085095,274.30443821957243,0.0
T011,3256.267836139483,下降,109.2308517,23.0085095,249.87036518297697,0.0
T011,3266.041465354121,下降,109.2308517,23.0085095,225.43629214638156,0.0
T011,3275.8150945687594,下降,109.2308517,23.0085095,201.0022191097862,0.0
T011,3285.5887237833977,下降,109.2308517,23.0085095,176.5681460731908,0.0
T011,3295.3623529980355,下降,109.2308517,23.0085095,152.1340730365954,0.0
T011,3305.1359822126738,下降,109.2308517,23.0085095,127.69999999999999,0.0
T012,1552.1137376764395,准备装载,109.2308517,23.0085095,127.7,3.0
T012,1562.1137376764395,准备装载,109.2308517,23.0085095,127.7,3.0
T012,1572.1137376764395,准备装载,109.2308517,23.0085095,127.7,3.0
T012,1582.1137376764395,准备装载,109.2308517,23.0085095,127.7,3.0
T012,1592.1137376764395,准备装载,109.2308517,23.0085095,127.7,3.0
T012,1602.1137376764395,准备装载,109.2308517,23.0085095,127.7,3.0
T012,1612.1137376764395,准备装载,109.2308517,23.0085095,127.7,3.0
T012,1622.1137376764395,准备装载,109.2308517,23.0085095,127.7,3.0
T012,1632.1137376764395,准备装载,109.2308517,23.0085095,127.7,3.0
T012,1642.1137376764395,准备装载,109.2308517,23.0085095,127.7,3.0
T012,1652.1137376764395,准备装载,109.2308517,23.0085095,127.7,3.0
T012,1662.1137376764395,准备装载,109.2308517,23.0085095,127.7,3.0
T012,1672.1137376764395,准备装载,109.2308517,23.0085095,127.7,3.0
T012,1682.1137376764395,准备装载,109.2308517,23.0085095,127.7,3.0
T012,1692.1137376764395,准备装载,109.2308517,23.0085095,127.7,3.0
T012,1702.1137376764395,准备装载,109.2308517,23.0085095,127.7,3.0
T012,1712.1137376764395,准备装载,109.2308517,23.0085095,127.7,3.0
T012,1722.1137376764395,准备装载,109.2308517,23.0085095,127.7,3.0
T012,1732.1137376764395,准备装载,109.2308517,23.0085095,127.7,3.0
T012,1742.1137376764395,准备装载,109.2308517,23.0085095,127.7,3.0
T012,1752.1137376764395,准备装载,109.2308517,23.0085095,127.7,3.0
T012,1762.1137376764395,准备装载,109.2308517,23.0085095,127.7,3.0
T012,1772.1137376764395,准备装载,109.2308517,23.0085095,127.7,3.0
T012,1782.1137376764395,准备装载,109.2308517,23.0085095,127.7,3.0
T012,1792.1137376764395,准备装载,109.2308517,23.0085095,127.7,3.0
T012,1802.1137376764395,准备装载,109.2308517,23.0085095,127.7,3.0
T012,1812.1137376764395,准备装载,109.2308517,23.0085095,127.7,3.0
T012,1822.1137376764395,准备装载,109.2308517,23.0085095,127.7,3.0
T012,1832.1137376764395,准备装载,109.2308517,23.0085095,127.7,3.0
T012,1842.1137376764395,准备装载,109.2308517,23.0085095,127.7,3.0
T012,1852.1137376764395,准备装载,109.2308517,23.0085095,127.7,3.0
T012,1862.1137376764395,准备装载,109.2308517,23.0085095,127.7,3.0
T012,1872.1137376764395,准备装载,109.2308517,23.0085095,127.7,3.0
T012,1882.1137376764395,准备装载,109.2308517,23.0085095,127.7,3.0
T012,1882.1137376764395,爬升,109.2308517,23.0085095,127.7,3.0
T012,1891.4282796415002,爬升,109.2308517,23.0085095,155.6436258951823,3.0
T012,1900.7428216065612,爬升,109.2308517,23.0085095,183.58725179036458,3.0
T012,1910.0573635716219,爬升,109.2308517,23.0085095,211.5308776855469,3.0
T012,1919.3719055366826,爬升,109.2308517,23.0085095,239.47450358072916,3.0
T012,1928.6864475017435,爬升,109.2308517,23.0085095,267.4181294759115,3.0
T012,1938.0009894668042,爬升,109.2308517,23.0085095,295.36175537109375,3.0
T012,1938.0009894668042,巡航,109.2308517,23.0085095,295.36175537109375,3.0
T012,1947.751247219171,巡航,109.23041352916667,23.009485066666667,295.36175537109375,3.0
T012,1957.5015049715378,巡航,109.22997535833333,23.01046063333333,295.36175537109375,3.0
T012,1967.2517627239047,巡航,109.2295371875,23.0114362,295.36175537109375,3.0
T012,1977.0020204762716,巡航,109.22909901666667,23.012411766666666,295.36175537109375,3.0
T012,1986.7522782286383,巡航,109.22866084583333,23.013387333333334,295.36175537109375,3.0
T012,1996.5025359810052,巡航,109.228222675,23.0143629,295.36175537109375,3.0
T012,2006.252793733372,巡航,109.22778450416666,23.015338466666666,295.36175537109375,3.0
T012,2016.0030514857388,巡航,109.22734633333333,23.016314033333334,295.36175537109375,3.0
T012,2025.7533092381057,巡航,109.2269081625,23.017289599999998,295.36175537109375,3.0
T012,2035.5035669904726,巡航,109.22646999166666,23.018265166666666,295.36175537109375,3.0
T012,2045.2538247428392,巡航,109.22603182083333,23.019240733333334,295.36175537109375,3.0
T012,2055.004082495206,巡航,109.22559365000001,23.0202163,295.36175537109375,3.0
T012,2064.754340247573,巡航,109.22515547916667,23.021191866666666,295.36175537109375,3.0
T012,2074.50459799994,巡航,109.22471730833334,23.022167433333333,295.36175537109375,3.0
T012,2084.254855752307,巡航,109.2242791375,23.023143,295.36175537109375,3.0
T012,2094.0051135046733,巡航,109.22384096666667,23.024118566666665,295.36175537109375,3.0
T012,2103.75537125704,巡航,109.22340279583334,23.025094133333333,295.36175537109375,3.0
T012,2113.505629009407,巡航,109.222964625,23.0260697,295.36175537109375,3.0
T012,2123.255886761774,巡航,109.22252645416667,23.027045266666665,295.36175537109375,3.0
T012,2133.006144514141,巡航,109.22208828333333,23.028020833333333,295.36175537109375,3.0
T012,2142.7564022665074,巡航,109.2216501125,23.0289964,295.36175537109375,3.0
T012,2152.5066600188743,巡航,109.22121194166667,23.02997196666667,295.36175537109375,3.0
T012,2162.256917771241,巡航,109.22077377083333,23.030947533333332,295.36175537109375,3.0
T012,2172.007175523608,巡航,109.2203356,23.0319231,295.36175537109375,3.0
T012,2172.007175523608,下降,109.2203356,23.0319231,295.36175537109375,3.0
T012,2180.3333510607176,下降,109.2203356,23.0319231,274.5463165283203,3.0
T012,2188.6595265978267,下降,109.2203356,23.0319231,253.7308776855469,3.0
T012,2196.985702134936,下降,109.2203356,23.0319231,232.91543884277343,3.0
T012,2205.3118776720457,下降,109.2203356,23.0319231,212.1,3.0
T012,2205.3118776720457,交接,109.2203356,23.0319231,212.1,3.0
T012,2215.3118776720457,交接,109.2203356,23.0319231,212.1,3.0
T012,2225.3118776720457,交接,109.2203356,23.0319231,212.1,3.0
T012,2235.3118776720457,交接,109.2203356,23.0319231,212.1,3.0
T012,2245.3118776720457,交接,109.2203356,23.0319231,212.1,3.0
T012,2255.3118776720457,交接,109.2203356,23.0319231,212.1,3.0
T012,2265.3118776720457,交接,109.2203356,23.0319231,212.1,3.0
T012,2275.3118776720457,交接,109.2203356,23.0319231,212.1,3.0
T012,2285.3118776720457,交接,109.2203356,23.0319231,212.1,3.0
T012,2295.3118776720457,交接,109.2203356,23.0319231,212.1,3.0
T012,2305.3118776720457,交接,109.2203356,23.0319231,212.1,3.0
T012,2315.3118776720457,交接,109.2203356,23.0319231,212.1,3.0
T012,2325.3118776720457,交接,109.2203356,23.0319231,212.1,3.0
T012,2335.3118776720457,交接,109.2203356,23.0319231,212.1,3.0
T012,2345.3118776720457,交接,109.2203356,23.0319231,212.1,3.0
T012,2355.3118776720457,交接,109.2203356,23.0319231,212.1,3.0
T012,2365.3118776720457,交接,109.2203356,23.0319231,212.1,3.0
T012,2375.3118776720457,交接,109.2203356,23.0319231,212.1,3.0
T012,2385.3118776720457,交接,109.2203356,23.0319231,212.1,3.0
T012,2385.3118776720457,爬升,109.2203356,23.0319231,212.1,0.0
T012,2394.5631838243894,爬升,109.2203356,23.0319231,239.85391845703126,0.0
T012,2403.814489976733,爬升,109.2203356,23.0319231,267.6078369140625,0.0
T012,2413.0657961290767,爬升,109.2203356,23.0319231,295.36175537109375,0.0
T012,2413.0657961290767,巡航,109.2203356,23.0319231,295.36175537109375,0.0
T012,2422.8160538814436,巡航,109.22077377083333,23.030947533333332,295.36175537109375,0.0
T012,2432.5663116338105,巡航,109.22121194166667,23.02997196666667,295.36175537109375,0.0
T012,2442.3165693861774,巡航,109.2216501125,23.0289964,295.36175537109375,0.0
T012,2452.066827138544,巡航,109.22208828333333,23.028020833333333,295.36175537109375,0.0
T012,2461.817084890911,巡航,109.22252645416667,23.027045266666665,295.36175537109375,0.0
T012,2471.5673426432777,巡航,109.222964625,23.0260697,295.36175537109375,0.0
T012,2481.3176003956446,巡航,109.22340279583334,23.025094133333333,295.36175537109375,0.0
T012,2491.0678581480115,巡航,109.22384096666667,23.024118566666665,295.36175537109375,0.0
T012,2500.818115900378,巡航,109.2242791375,23.023143,295.36175537109375,0.0
T012,2510.568373652745,巡航,109.22471730833334,23.022167433333333,295.36175537109375,0.0
T012,2520.318631405112,巡航,109.22515547916667,23.021191866666666,295.36175537109375,0.0
T012,2530.0688891574787,巡航,109.22559365000001,23.0202163,295.36175537109375,0.0
T012,2539.8191469098456,巡航,109.22603182083333,23.019240733333334,295.36175537109375,0.0
T012,2549.5694046622125,巡航,109.22646999166666,23.018265166666666,295.36175537109375,0.0
T012,2559.3196624145794,巡航,109.2269081625,23.017289599999998,295.36175537109375,0.0
T012,2569.069920166946,巡航,109.22734633333333,23.016314033333334,295.36175537109375,0.0
T012,2578.8201779193128,巡航,109.22778450416666,23.015338466666666,295.36175537109375,0.0
T012,2588.5704356716797,巡航,109.228222675,23.0143629,295.36175537109375,0.0
T012,2598.3206934240466,巡航,109.22866084583333,23.013387333333334,295.36175537109375,0.0
T012,2608.0709511764135,巡航,109.22909901666667,23.012411766666666,295.36175537109375,0.0
T012,2617.82120892878,巡航,109.2295371875,23.0114362,295.36175537109375,0.0
T012,2627.571466681147,巡航,109.22997535833333,23.01046063333333,295.36175537109375,0.0
T012,2637.3217244335137,巡航,109.23041352916667,23.009485066666667,295.36175537109375,0.0
T012,2647.0719821858806,巡航,109.2308517,23.0085095,295.36175537109375,0.0
T012,2647.0719821858806,下降,109.2308517,23.0085095,295.36175537109375,0.0
T012,2656.652653921372,下降,109.2308517,23.0085095,271.4100760323661,0.0
T012,2666.2333256568627,下降,109.2308517,23.0085095,247.4583966936384,0.0
T012,2675.813997392354,下降,109.2308517,23.0085095,223.50671735491073,0.0
T012,2685.3946691278447,下降,109.2308517,23.0085095,199.55503801618303,0.0
T012,2694.975340863336,下降,109.2308517,23.0085095,175.60335867745536,0.0
T012,2704.556012598827,下降,109.2308517,23.0085095,151.6516793387277,0.0
T012,2714.136684334318,下降,109.2308517,23.0085095,127.69999999999999,0.0
T013,1692.1690773291593,准备装载,109.2308517,23.0085095,127.7,73.0
T013,1702.1690773291593,准备装载,109.2308517,23.0085095,127.7,73.0
T013,1712.1690773291593,准备装载,109.2308517,23.0085095,127.7,73.0
T013,1722.1690773291593,准备装载,109.2308517,23.0085095,127.7,73.0
T013,1732.1690773291593,准备装载,109.2308517,23.0085095,127.7,73.0
T013,1742.1690773291593,准备装载,109.2308517,23.0085095,127.7,73.0
T013,1752.1690773291593,准备装载,109.2308517,23.0085095,127.7,73.0
T013,1762.1690773291593,准备装载,109.2308517,23.0085095,127.7,73.0
T013,1772.1690773291593,准备装载,109.2308517,23.0085095,127.7,73.0
T013,1782.1690773291593,准备装载,109.2308517,23.0085095,127.7,73.0
T013,1792.1690773291593,准备装载,109.2308517,23.0085095,127.7,73.0
T013,1802.1690773291593,准备装载,109.2308517,23.0085095,127.7,73.0
T013,1812.1690773291593,准备装载,109.2308517,23.0085095,127.7,73.0
T013,1822.1690773291593,准备装载,109.2308517,23.0085095,127.7,73.0
T013,1832.1690773291593,准备装载,109.2308517,23.0085095,127.7,73.0
T013,1842.1690773291593,准备装载,109.2308517,23.0085095,127.7,73.0
T013,1852.1690773291593,准备装载,109.2308517,23.0085095,127.7,73.0
T013,1862.1690773291593,准备装载,109.2308517,23.0085095,127.7,73.0
T013,1872.1690773291593,准备装载,109.2308517,23.0085095,127.7,73.0
T013,1882.1690773291593,准备装载,109.2308517,23.0085095,127.7,73.0
T013,1892.1690773291593,准备装载,109.2308517,23.0085095,127.7,73.0
T013,1902.1690773291593,准备装载,109.2308517,23.0085095,127.7,73.0
T013,1912.1690773291593,准备装载,109.2308517,23.0085095,127.7,73.0
T013,1922.1690773291593,准备装载,109.2308517,23.0085095,127.7,73.0
T013,1932.1690773291593,准备装载,109.2308517,23.0085095,127.7,73.0
T013,1942.1690773291593,准备装载,109.2308517,23.0085095,127.7,73.0
T013,1952.1690773291593,准备装载,109.2308517,23.0085095,127.7,73.0
T013,1962.1690773291593,准备装载,109.2308517,23.0085095,127.7,73.0
T013,1972.1690773291593,准备装载,109.2308517,23.0085095,127.7,73.0
T013,1982.1690773291593,准备装载,109.2308517,23.0085095,127.7,73.0
T013,1992.1690773291593,准备装载,109.2308517,23.0085095,127.7,73.0
T013,2002.1690773291593,准备装载,109.2308517,23.0085095,127.7,73.0
T013,2012.1690773291593,准备装载,109.2308517,23.0085095,127.7,73.0
T013,2022.1690773291593,准备装载,109.2308517,23.0085095,127.7,73.0
T013,2032.1690773291593,准备装载,109.2308517,23.0085095,127.7,73.0
T013,2042.1690773291593,准备装载,109.2308517,23.0085095,127.7,73.0
T013,2052.1690773291593,准备装载,109.2308517,23.0085095,127.7,73.0
T013,2062.1690773291593,准备装载,109.2308517,23.0085095,127.7,73.0
T013,2072.1690773291593,准备装载,109.2308517,23.0085095,127.7,73.0
T013,2082.1690773291593,准备装载,109.2308517,23.0085095,127.7,73.0
T013,2092.1690773291593,准备装载,109.2308517,23.0085095,127.7,73.0
T013,2102.1690773291593,准备装载,109.2308517,23.0085095,127.7,73.0
T013,2112.1690773291593,准备装载,109.2308517,23.0085095,127.7,73.0
T013,2122.1690773291593,准备装载,109.2308517,23.0085095,127.7,73.0
T013,2132.1690773291593,准备装载,109.2308517,23.0085095,127.7,73.0
T013,2142.1690773291593,准备装载,109.2308517,23.0085095,127.7,73.0
T013,2152.1690773291593,准备装载,109.2308517,23.0085095,127.7,73.0
T013,2162.1690773291593,准备装载,109.2308517,23.0085095,127.7,73.0
T013,2172.1690773291593,准备装载,109.2308517,23.0085095,127.7,73.0
T013,2182.1690773291593,准备装载,109.2308517,23.0085095,127.7,73.0
T013,2192.1690773291593,准备装载,109.2308517,23.0085095,127.7,73.0
T013,2202.1690773291593,准备装载,109.2308517,23.0085095,127.7,73.0
T013,2212.1690773291593,准备装载,109.2308517,23.0085095,127.7,73.0
T013,2222.1690773291593,准备装载,109.2308517,23.0085095,127.7,73.0
T013,2232.1690773291593,准备装载,109.2308517,23.0085095,127.7,73.0
T013,2242.1690773291593,准备装载,109.2308517,23.0085095,127.7,73.0
T013,2252.1690773291593,准备装载,109.2308517,23.0085095,127.7,73.0
T013,2262.1690773291593,准备装载,109.2308517,23.0085095,127.7,73.0
T013,2262.1690773291593,爬升,109.2308517,23.0085095,127.7,73.0
T013,2271.704990903378,爬升,109.2308517,23.0085095,151.5397839355469,73.0
T013,2281.240904477597,爬升,109.2308517,23.0085095,175.37956787109374,73.0
T013,2290.7768180518156,爬升,109.2308517,23.0085095,199.21935180664065,73.0
T013,2300.3127316260343,爬升,109.2308517,23.0085095,223.0591357421875,73.0
T013,2309.848645200253,爬升,109.2308517,23.0085095,246.8989196777344,73.0
T013,2319.3845587744718,爬升,109.2308517,23.0085095,270.7387036132813,73.0
T013,2328.9204723486905,爬升,109.2308517,23.0085095,294.57848754882815,73.0
T013,2338.4563859229092,爬升,109.2308517,23.0085095,318.418271484375,73.0
T013,2347.992299497128,爬升,109.2308517,23.0085095,342.2580554199219,73.0
T013,2357.5282130713467,爬升,109.2308517,23.0085095,366.09783935546875,73.0
T013,2357.5282130713467,巡航,109.2308517,23.0085095,366.09783935546875,73.0
T013,2367.18338936957,巡航,109.22943951363636,23.00847334090909,366.09783935546875,73.0
T013,2376.8385656677933,巡航,109.22802732727273,23.00843718181818,366.09783935546875,73.0
T013,2386.4937419660164,巡航,109.22661514090909,23.008401022727273,366.09783935546875,73.0
T013,2396.1489182642395,巡航,109.22520295454545,23.008364863636363,366.09783935546875,73.0
T013,2405.8040945624625,巡航,109.22379076818181,23.008328704545452,366.09783935546875,73.0
T013,2415.459270860686,巡航,109.22237858181819,23.008292545454545,366.09783935546875,73.0
T013,2425.114447158909,巡航,109.22096639545455,23.008256386363634,366.09783935546875,73.0
T013,2434.769623457132,巡航,109.21955420909092,23.008220227272727,366.09783935546875,73.0
T013,2444.4247997553553,巡航,109.21814202272728,23.00818406818182,366.09783935546875,73.0
T013,2454.079976053579,巡航,109.21672983636364,23.00814790909091,366.09783935546875,73.0
T013,2463.735152351802,巡航,109.21531765,23.008111749999998,366.09783935546875,73.0
T013,2473.390328650025,巡航,109.21390546363637,23.00807559090909,366.09783935546875,73.0
T013,2483.0455049482484,巡航,109.21249327727273,23.008039431818183,366.09783935546875,73.0
T013,2492.7006812464715,巡航,109.21108109090909,23.008003272727272,366.09783935546875,73.0
T013,2502.3558575446946,巡航,109.20966890454545,23.00796711363636,366.09783935546875,73.0
T013,2512.0110338429176,巡航,109.20825671818181,23.007930954545454,366.09783935546875,73.0
T013,2521.666210141141,巡航,109.20684453181819,23.007894795454547,366.09783935546875,73.0
T013,2531.3213864393642,巡航,109.20543234545455,23.007858636363636,366.09783935546875,73.0
T013,2540.9765627375873,巡航,109.20402015909092,23.007822477272725,366.09783935546875,73.0
T013,2550.631739035811,巡航,109.20260797272728,23.007786318181818,366.09783935546875,73.0
T013,2560.286915334034,巡航,109.20119578636364,23.00775015909091,366.09783935546875,73.0
T013,2569.942091632257,巡航,109.1997836,23.007714,366.09783935546875,73.0
T013,2569.942091632257,下降,109.1997836,23.007714,366.09783935546875,73.0
T013,2578.4917315248354,下降,109.1997836,23.007714,348.9985595703125,73.0
T013,2587.0413714174133,下降,109.1997836,23.007714,331.89927978515624,73.0
T013,2595.5910113099917,下降,109.1997836,23.007714,314.8,73.0
T013,2595.5910113099917,交接,109.1997836,23.007714,314.8,73.0
T013,2605.4091931281737,交接,109.1997836,23.007714,314.8,73.0
T013,2615.227374946355,交接,109.1997836,23.007714,314.8,73.0
T013,2625.045556764537,交接,109.1997836,23.007714,314.8,73.0
T013,2634.863738582719,交接,109.1997836,23.007714,314.8,73.0
T013,2644.6819204009007,交接,109.1997836,23.007714,314.8,73.0
T013,2654.5001022190827,交接,109.1997836,23.007714,314.8,73.0
T013,2664.318284037264,交接,109.1997836,23.007714,314.8,73.0
T013,2674.136465855446,交接,109.1997836,23.007714,314.8,73.0
T013,2683.954647673628,交接,109.1997836,23.007714,314.8,73.0
T013,2693.7728294918097,交接,109.1997836,23.007714,314.8,73.0
T013,2703.5910113099917,交接,109.1997836,23.007714,314.8,73.0
T013,2713.4091931281737,交接,109.1997836,23.007714,314.8,73.0
T013,2723.227374946355,交接,109.1997836,23.007714,314.8,73.0
T013,2733.045556764537,交接,109.1997836,23.007714,314.8,73.0
T013,2742.863738582719,交接,109.1997836,23.007714,314.8,73.0
T013,2752.6819204009007,交接,109.1997836,23.007714,314.8,73.0
T013,2762.5001022190827,交接,109.1997836,23.007714,314.8,73.0
T013,2772.3182840372647,交接,109.1997836,23.007714,314.8,73.0
T013,2782.136465855446,交接,109.1997836,23.007714,314.8,73.0
T013,2791.954647673628,交接,109.1997836,23.007714,314.8,73.0
T013,2801.7728294918097,交接,109.1997836,23.007714,314.8,73.0
T013,2811.5910113099917,交接,109.1997836,23.007714,314.8,73.0
T013,2811.5910113099917,爬升,109.1997836,23.007714,314.8,70.0
T013,2820.7763889141584,爬升,109.1997836,23.007714,337.76344401041666,70.0
T013,2829.961766518325,爬升,109.1997836,23.007714,360.72688802083337,70.0
T013,2839.1471441224917,爬升,109.1997836,23.007714,383.69033203125,70.0
T013,2848.3325217266583,爬升,109.1997836,23.007714,406.6537760416667,70.0
T013,2857.517899330825,爬升,109.1997836,23.007714,429.6172200520833,70.0
T013,2866.7032769349917,爬升,109.1997836,23.007714,452.5806640625,70.0
T013,2875.8886545391583,爬升,109.1997836,23.007714,475.54410807291663,70.0
T013,2885.074032143325,爬升,109.1997836,23.007714,498.50755208333334,70.0
T013,2894.2594097474916,爬升,109.1997836,23.007714,521.47099609375,70.0
T013,2903.4447873516583,爬升,109.1997836,23.007714,544.4344401041667,70.0
T013,2912.630164955825,爬升,109.1997836,23.007714,567.3978841145833,70.0
T013,2921.8155425599916,爬升,109.1997836,23.007714,590.361328125,70.0
T013,2921.8155425599916,巡航,109.1997836,23.007714,590.361328125,70.0
T013,2931.6486474649764,巡航,109.19937392352942,23.008990741176472,590.361328125,70.0
T013,2941.4817523699617,巡航,109.19896424705883,23.01026748235294,590.361328125,70.0
T013,2951.3148572749465,巡航,109.19855457058824,23.011544223529413,590.361328125,70.0
T013,2961.1479621799313,巡航,109.19814489411765,23.01282096470588,590.361328125,70.0
T013,2970.981067084916,巡航,109.19773521764706,23.014097705882353,590.361328125,70.0
T013,2980.8141719899013,巡航,109.19732554117647,23.015374447058825,590.361328125,70.0
T013,2990.647276894886,巡航,109.19691586470589,23.016651188235294,590.361328125,70.0
T013,3000.480381799871,巡航,109.19650618823529,23.017927929411766,590.361328125,70.0
T013,3010.313486704856,巡航,109.19609651176471,23.019204670588234,590.361328125,70.0
T013,3020.146591609841,巡航,109.19568683529411,23.020481411764706,590.361328125,70.0
T013,3029.9796965148257,巡航,109.19527715882353,23.021758152941175,590.361328125,70.0
T013,3039.812801419811,巡航,109.19486748235293,23.023034894117647,590.361328125,70.0
T013,3049.6459063247958,巡航,109.19445780588235,23.02431163529412,590.361328125,70.0
T013,3059.4790112297806,巡航,109.19404812941175,23.025588376470587,590.361328125,70.0
T013,3069.3121161347653,巡航,109.19363845294117,23.02686511764706,590.361328125,70.0
T013,3079.1452210397506,巡航,109.19322877647058,23.028141858823528,590.361328125,70.0
T013,3088.9783259447354,巡航,109.1928191,23.0294186,590.361328125,70.0
T013,3088.9783259447354,下降,109.1928191,23.0294186,590.361328125,70.0
T013,3098.280684718774,下降,109.1928191,23.0294186,571.7566105769231,70.0
T013,3107.5830434928125,下降,109.1928191,23.0294186,553.1518930288462,70.0
T013,3116.8854022668506,下降,109.1928191,23.0294186,534.5471754807693,70.0
T013,3126.187761040889,下降,109.1928191,23.0294186,515.9424579326923,70.0
T013,3135.4901198149278,下降,109.1928191,23.0294186,497.33774038461536,70.0
T013,3144.7924785889663,下降,109.1928191,23.0294186,478.73302283653845,70.0
T013,3154.0948373630044,下降,109.1928191,23.0294186,460.12830528846155,70.0
T013,3163.397196137043,下降,109.1928191,23.0294186,441.52358774038464,70.0
T013,3172.6995549110816,下降,109.1928191,23.0294186,422.91887019230774,70.0
T013,3182.00191368512,下降,109.1928191,23.0294186,404.3141526442307,70.0
T013,3191.3042724591587,下降,109.1928191,23.0294186,385.7094350961538,70.0
T013,3200.606631233197,下降,109.1928191,23.0294186,367.1047175480769,70.0
T013,3209.9089900072354,下降,109.1928191,23.0294186,348.5,70.0
T013,3209.9089900072354,交接,109.1928191,23.0294186,348.5,70.0
T013,3219.9089900072354,交接,109.1928191,23.0294186,348.5,70.0
T013,3229.9089900072354,交接,109.1928191,23.0294186,348.5,70.0
T013,3239.9089900072354,交接,109.1928191,23.0294186,348.5,70.0
T013,3249.9089900072354,交接,109.1928191,23.0294186,348.5,70.0
T013,3259.9089900072354,交接,109.1928191,23.0294186,348.5,70.0
T013,3269.9089900072354,交接,109.1928191,23.0294186,348.5,70.0
T013,3279.9089900072354,交接,109.1928191,23.0294186,348.5,70.0
T013,3289.9089900072354,交接,109.1928191,23.0294186,348.5,70.0
T013,3299.9089900072354,交接,109.1928191,23.0294186,348.5,70.0
T013,3309.9089900072354,交接,109.1928191,23.0294186,348.5,70.0
T013,3319.9089900072354,交接,109.1928191,23.0294186,348.5,70.0
T013,3329.9089900072354,交接,109.1928191,23.0294186,348.5,70.0
T013,3339.9089900072354,交接,109.1928191,23.0294186,348.5,70.0
T013,3349.9089900072354,交接,109.1928191,23.0294186,348.5,70.0
T013,3359.9089900072354,交接,109.1928191,23.0294186,348.5,70.0
T013,3369.9089900072354,交接,109.1928191,23.0294186,348.5,70.0
T013,3379.9089900072354,交接,109.1928191,23.0294186,348.5,70.0
T013,3389.9089900072354,交接,109.1928191,23.0294186,348.5,70.0
T013,3399.9089900072354,交接,109.1928191,23.0294186,348.5,70.0
T013,3409.9089900072354,交接,109.1928191,23.0294186,348.5,70.0
T013,3419.9089900072354,交接,109.1928191,23.0294186,348.5,70.0
T013,3429.9089900072354,交接,109.1928191,23.0294186,348.5,70.0
T013,3439.9089900072354,交接,109.1928191,23.0294186,348.5,70.0
T013,3449.9089900072354,交接,109.1928191,23.0294186,348.5,70.0
T013,3459.9089900072354,交接,109.1928191,23.0294186,348.5,70.0
T013,3469.9089900072354,交接,109.1928191,23.0294186,348.5,70.0
T013,3479.9089900072354,交接,109.1928191,23.0294186,348.5,70.0
T013,3489.9089900072354,交接,109.1928191,23.0294186,348.5,70.0
T013,3499.9089900072354,交接,109.1928191,23.0294186,348.5,70.0
T013,3509.9089900072354,交接,109.1928191,23.0294186,348.5,70.0
T013,3519.9089900072354,交接,109.1928191,23.0294186,348.5,70.0
T013,3529.9089900072354,交接,109.1928191,23.0294186,348.5,70.0
T013,3539.9089900072354,交接,109.1928191,23.0294186,348.5,70.0
T013,3549.9089900072354,交接,109.1928191,23.0294186,348.5,70.0
T013,3559.9089900072354,交接,109.1928191,23.0294186,348.5,70.0
T013,3569.9089900072354,交接,109.1928191,23.0294186,348.5,70.0
T013,3569.9089900072354,爬升,109.1928191,23.0294186,348.5,25.0
T013,3578.7328878866997,爬升,109.1928191,23.0294186,370.5597446986607,25.0
T013,3587.556785766164,爬升,109.1928191,23.0294186,392.61948939732144,25.0
T013,3596.3806836456283,爬升,109.1928191,23.0294186,414.6792340959821,25.0
T013,3605.204581525092,爬升,109.1928191,23.0294186,436.73897879464283,25.0
T013,3614.0284794045565,爬升,109.1928191,23.0294186,458.79872349330356,25.0
T013,3622.852377284021,爬升,109.1928191,23.0294186,480.8584681919643,25.0
T013,3631.676275163485,爬升,109.1928191,23.0294186,502.918212890625,25.0
T013,3631.676275163485,巡航,109.1928191,23.0294186,502.918212890625,25.0
T013,3641.5400948608744,巡航,109.19278973333333,23.030754346666665,502.918212890625,25.0
T013,3651.403914558264,巡航,109.19276036666666,23.032090093333334,502.918212890625,25.0
T013,3661.2677342556535,巡航,109.192731,23.03342584,502.918212890625,25.0
T013,3671.131553953043,巡航,109.19270163333333,23.034761586666665,502.918212890625,25.0
T013,3680.9953736504326,巡航,109.19267226666666,23.036097333333334,502.918212890625,25.0
T013,3690.859193347822,巡航,109.1926429,23.03743308,502.918212890625,25.0
T013,3700.7230130452112,巡航,109.19261353333333,23.038768826666665,502.918212890625,25.0
T013,3710.586832742601,巡航,109.19258416666666,23.040104573333334,502.918212890625,25.0
T013,3720.4506524399903,巡航,109.1925548,23.04144032,502.918212890625,25.0
T013,3730.3144721373797,巡航,109.19252543333333,23.042776066666665,502.918212890625,25.0
T013,3740.1782918347694,巡航,109.19249606666666,23.044111813333334,502.918212890625,25.0
T013,3750.0421115321587,巡航,109.1924667,23.04544756,502.918212890625,25.0
T013,3759.905931229548,巡航,109.19243733333333,23.046783306666665,502.918212890625,25.0
T013,3769.769750926938,巡航,109.19240796666666,23.048119053333334,502.918212890625,25.0
T013,3779.633570624327,巡航,109.1923786,23.0494548,502.918212890625,25.0
T013,3779.633570624327,下降,109.1923786,23.0494548,502.918212890625,25.0
T013,3786.7381238469834,下降,109.1923786,23.0494548,488.7091064453125,25.0
T013,3793.8426770696396,下降,109.1923786,23.0494548,474.5,25.0
T013,3793.8426770696396,交接,109.1923786,23.0494548,474.5,25.0
T013,3803.7737115523983,交接,109.1923786,23.0494548,474.5,25.0
T013,3813.704746035157,交接,109.1923786,23.0494548,474.5,25.0
T013,3823.6357805179155,交接,109.1923786,23.0494548,474.5,25.0
T013,3833.566815000674,交接,109.1923786,23.0494548,474.5,25.0
T013,3843.4978494834327,交接,109.1923786,23.0494548,474.5,25.0
T013,3853.4288839661913,交接,109.1923786,23.0494548,474.5,25.0
T013,3863.35991844895,交接,109.1923786,23.0494548,474.5,25.0
T013,3873.2909529317085,交接,109.1923786,23.0494548,474.5,25.0
T013,3883.221987414467,交接,109.1923786,23.0494548,474.5,25.0
T013,3893.1530218972257,交接,109.1923786,23.0494548,474.5,25.0
T013,3903.0840563799843,交接,109.1923786,23.0494548,474.5,25.0
T013,3913.015090862743,交接,109.1923786,23.0494548,474.5,25.0
T013,3922.9461253455015,交接,109.1923786,23.0494548,474.5,25.0
T013,3932.87715982826,交接,109.1923786,23.0494548,474.5,25.0
T013,3942.808194311019,交接,109.1923786,23.0494548,474.5,25.0
T013,3952.739228793778,交接,109.1923786,23.0494548,474.5,25.0
T013,3962.6702632765364,交接,109.1923786,23.0494548,474.5,25.0
T013,3972.601297759295,交接,109.1923786,23.0494548,474.5,25.0
T013,3982.5323322420536,交接,109.1923786,23.0494548,474.5,25.0
T013,3992.463366724812,交接,109.1923786,23.0494548,474.5,25.0
T013,4002.394401207571,交接,109.1923786,23.0494548,474.5,25.0
T013,4012.3254356903294,交接,109.1923786,23.0494548,474.5,25.0
T013,4022.256470173088,交接,109.1923786,23.0494548,474.5,25.0
T013,4032.1875046558466,交接,109.1923786,23.0494548,474.5,25.0
T013,4042.1185391386052,交接,109.1923786,23.0494548,474.5,25.0
T013,4052.049573621364,交接,109.1923786,23.0494548,474.5,25.0
T013,4061.9806081041224,交接,109.1923786,23.0494548,474.5,25.0
T013,4071.911642586881,交接,109.1923786,23.0494548,474.5,25.0
T013,4081.8426770696396,交接,109.1923786,23.0494548,474.5,25.0
T013,4081.8426770696396,爬升,109.1923786,23.0494548,474.5,0.0
T013,4091.5726026067487,爬升,109.1923786,23.0494548,498.82481384277344,0.0
T013,4101.302528143859,爬升,109.1923786,23.0494548,523.1496276855469,0.0
T013,4111.032453680968,爬升,109.1923786,23.0494548,547.4744415283203,0.0
T013,4120.762379218077,爬升,109.1923786,23.0494548,571.7992553710938,0.0
T013,4120.762379218077,巡航,109.1923786,23.0494548,571.7992553710938,0.0
T013,4130.533733643476,巡航,109.19331696829268,23.048456134146342,571.7992553710938,0.0
T013,4140.305088068874,巡航,109.19425533658536,23.04745746829268,571.7992553710938,0.0
T013,4150.076442494274,巡航,109.19519370487805,23.046458802439023,571.7992553710938,0.0
T013,4159.847796919672,巡航,109.19613207317073,23.045460136585366,571.7992553710938,0.0
T013,4169.619151345071,巡航,109.19707044146341,23.044461470731708,571.7992553710938,0.0
T013,4179.39050577047,巡航,109.19800880975609,23.043462804878047,571.7992553710938,0.0
T013,4189.161860195869,巡航,109.19894717804878,23.04246413902439,571.7992553710938,0.0
T013,4198.933214621267,巡航,109.19988554634146,23.04146547317073,571.7992553710938,0.0
T013,4208.704569046667,巡航,109.20082391463414,23.040466807317074,571.7992553710938,0.0
T013,4218.475923472065,巡航,109.20176228292682,23.039468141463413,571.7992553710938,0.0
T013,4228.247277897464,巡航,109.20270065121952,23.038469475609755,571.7992553710938,0.0
T013,4238.018632322863,巡航,109.2036390195122,23.037470809756098,571.7992553710938,0.0
T013,4247.789986748262,巡航,109.20457738780487,23.03647214390244,571.7992553710938,0.0
T013,4257.56134117366,巡航,109.20551575609755,23.03547347804878,571.7992553710938,0.0
T013,4267.33269559906,巡航,109.20645412439025,23.03447481219512,571.7992553710938,0.0
T013,4277.104050024458,巡航,109.20739249268293,23.033476146341464,571.7992553710938,0.0
T013,4286.875404449857,巡航,109.20833086097561,23.032477480487803,571.7992553710938,0.0
T013,4296.646758875256,巡航,109.20926922926829,23.031478814634145,571.7992553710938,0.0
T013,4306.418113300655,巡航,109.21020759756098,23.030480148780487,571.7992553710938,0.0
T013,4316.189467726053,巡航,109.21114596585366,23.02948148292683,571.7992553710938,0.0
T013,4325.960822151453,巡航,109.21208433414634,23.02848281707317,571.7992553710938,0.0
T013,4335.732176576851,巡航,109.21302270243902,23.02748415121951,571.7992553710938,0.0
T013,4345.50353100225,巡航,109.21396107073171,23.026485485365853,571.7992553710938,0.0
T013,4355.274885427649,巡航,109.21489943902439,23.025486819512196,571.7992553710938,0.0
T013,4365.046239853048,巡航,109.21583780731707,23.024488153658535,571.7992553710938,0.0
T013,4374.817594278446,巡航,109.21677617560975,23.023489487804877,571.7992553710938,0.0
T013,4384.588948703846,巡航,109.21771454390245,23.02249082195122,571.7992553710938,0.0
T013,4394.360303129244,巡航,109.21865291219513,23.02149215609756,571.7992553710938,0.0
T013,4404.131657554643,巡航,109.2195912804878,23.0204934902439,571.7992553710938,0.0
T013,4413.903011980042,巡航,109.22052964878048,23.019494824390243,571.7992553710938,0.0
T013,4423.674366405441,巡航,109.22146801707318,23.018496158536585,571.7992553710938,0.0
T013,4433.4457208308395,巡航,109.22240638536586,23.017497492682924,571.7992553710938,0.0
T013,4443.217075256239,巡航,109.22334475365854,23.016498826829267,571.7992553710938,0.0
T013,4452.988429681637,巡航,109.22428312195122,23.01550016097561,571.7992553710938,0.0
T013,4462.7597841070365,巡航,109.22522149024391,23.01450149512195,571.7992553710938,0.0
T013,4472.531138532435,巡航,109.22615985853659,23.01350282926829,571.7992553710938,0.0
T013,4482.302492957834,巡航,109.22709822682927,23.012504163414633,571.7992553710938,0.0
T013,4492.073847383233,巡航,109.22803659512195,23.011505497560975,571.7992553710938,0.0
T013,4501.845201808632,巡航,109.22897496341464,23.010506831707318,571.7992553710938,0.0
T013,4511.61655623403,巡航,109.22991333170732,23.009508165853656,571.7992553710938,0.0
T013,4521.3879106594295,巡航,109.2308517,23.0085095,571.7992553710938,0.0
T013,4521.3879106594295,下降,109.2308517,23.0085095,571.7992553710938,0.0
T013,4531.042242297932,下降,109.2308517,23.0085095,552.4905920940897,0.0
T013,4540.696573936433,下降,109.2308517,23.0085095,533.1819288170856,0.0
T013,4550.3509055749355,下降,109.2308517,23.0085095,513.8732655400815,0.0
T013,4560.005237213438,下降,109.2308517,23.0085095,494.56460226307746,0.0
T013,4569.65956885194,下降,109.2308517,23.0085095,475.2559389860734,0.0
T013,4579.3139004904415,下降,109.2308517,23.0085095,455.9472757090693,0.0
T013,4588.968232128944,下降,109.2308517,23.0085095,436.6386124320652,0.0
T013,4598.622563767446,下降,109.2308517,23.0085095,417.3299491550612,0.0
T013,4608.276895405948,下降,109.2308517,23.0085095,398.0212858780571,0.0
T013,4617.93122704445,下降,109.2308517,23.0085095,378.712622601053,0.0
T013,4627.585558682952,下降,109.2308517,23.0085095,359.4039593240489,0.0
T013,4637.239890321454,下降,109.2308517,23.0085095,340.0952960470448,0.0
T013,4646.894221959957,下降,109.2308517,23.0085095,320.7866327700408,0.0
T013,4656.548553598458,下降,109.2308517,23.0085095,301.47796949303665,0.0
T013,4666.20288523696,下降,109.2308517,23.0085095,282.1693062160326,0.0
T013,4675.857216875463,下降,109.2308517,23.0085095,262.86064293902854,0.0
T013,4685.511548513965,下降,109.2308517,23.0085095,243.55197966202445,0.0
T013,4695.165880152466,下降,109.2308517,23.0085095,224.24331638502042,0.0
T013,4704.820211790969,下降,109.2308517,23.0085095,204.93465310801628,0.0
T013,4714.474543429471,下降,109.2308517,23.0085095,185.62598983101225,0.0
T013,4724.128875067972,下降,109.2308517,23.0085095,166.31732655400816,0.0
T013,4733.783206706475,下降,109.2308517,23.0085095,147.00866327700408,0.0
T013,4743.437538344977,下降,109.2308517,23.0085095,127.69999999999999,0.0
T014,1795.8217539638572,准备装载,109.2308517,23.0085095,127.7,14.0
T014,1805.8217539638572,准备装载,109.2308517,23.0085095,127.7,14.0
T014,1815.8217539638572,准备装载,109.2308517,23.0085095,127.7,14.0
T014,1825.8217539638572,准备装载,109.2308517,23.0085095,127.7,14.0
T014,1835.8217539638572,准备装载,109.2308517,23.0085095,127.7,14.0
T014,1845.8217539638572,准备装载,109.2308517,23.0085095,127.7,14.0
T014,1855.8217539638572,准备装载,109.2308517,23.0085095,127.7,14.0
T014,1865.8217539638572,准备装载,109.2308517,23.0085095,127.7,14.0
T014,1875.8217539638572,准备装载,109.2308517,23.0085095,127.7,14.0
T014,1885.8217539638572,准备装载,109.2308517,23.0085095,127.7,14.0
T014,1895.8217539638572,准备装载,109.2308517,23.0085095,127.7,14.0
T014,1905.8217539638572,准备装载,109.2308517,23.0085095,127.7,14.0
T014,1915.8217539638572,准备装载,109.2308517,23.0085095,127.7,14.0
T014,1925.8217539638572,准备装载,109.2308517,23.0085095,127.7,14.0
T014,1935.8217539638572,准备装载,109.2308517,23.0085095,127.7,14.0
T014,1945.8217539638572,准备装载,109.2308517,23.0085095,127.7,14.0
T014,1955.8217539638572,准备装载,109.2308517,23.0085095,127.7,14.0
T014,1965.8217539638572,准备装载,109.2308517,23.0085095,127.7,14.0
T014,1975.8217539638572,准备装载,109.2308517,23.0085095,127.7,14.0
T014,1985.8217539638572,准备装载,109.2308517,23.0085095,127.7,14.0
T014,1995.8217539638572,准备装载,109.2308517,23.0085095,127.7,14.0
T014,2005.8217539638572,准备装载,109.2308517,23.0085095,127.7,14.0
T014,2015.8217539638572,准备装载,109.2308517,23.0085095,127.7,14.0
T014,2025.8217539638572,准备装载,109.2308517,23.0085095,127.7,14.0
T014,2035.8217539638572,准备装载,109.2308517,23.0085095,127.7,14.0
T014,2045.8217539638572,准备装载,109.2308517,23.0085095,127.7,14.0
T014,2055.821753963857,准备装载,109.2308517,23.0085095,127.7,14.0
T014,2065.821753963857,准备装载,109.2308517,23.0085095,127.7,14.0
T014,2075.821753963857,准备装载,109.2308517,23.0085095,127.7,14.0
T014,2085.821753963857,准备装载,109.2308517,23.0085095,127.7,14.0
T014,2095.821753963857,准备装载,109.2308517,23.0085095,127.7,14.0
T014,2105.821753963857,准备装载,109.2308517,23.0085095,127.7,14.0
T014,2115.821753963857,准备装载,109.2308517,23.0085095,127.7,14.0
T014,2125.821753963857,准备装载,109.2308517,23.0085095,127.7,14.0
T014,2125.821753963857,爬升,109.2308517,23.0085095,127.7,14.0
T014,2135.0178046501637,爬升,109.2308517,23.0085095,155.28815205891928,14.0
T014,2144.21385533647,爬升,109.2308517,23.0085095,182.87630411783854,14.0
T014,2153.4099060227763,爬升,109.2308517,23.0085095,210.46445617675784,14.0
T014,2162.605956709083,爬升,109.2308517,23.0085095,238.0526082356771,14.0
T014,2171.802007395389,爬升,109.2308517,23.0085095,265.64076029459636,14.0
T014,2180.9980580816955,爬升,109.2308517,23.0085095,293.2289123535156,14.0
T014,2180.9980580816955,巡航,109.2308517,23.0085095,293.2289123535156,14.0
T014,2190.902823641204,巡航,109.23133692291667,23.009484279166667,293.2289123535156,14.0
T014,2200.8075892007128,巡航,109.23182214583333,23.010459058333332,293.2289123535156,14.0
T014,2210.712354760222,巡航,109.23230736875,23.0114338375,293.2289123535156,14.0
T014,2220.6171203197305,巡航,109.23279259166667,23.012408616666665,293.2289123535156,14.0
T014,2230.521885879239,巡航,109.23327781458333,23.013383395833333,293.2289123535156,14.0
T014,2240.426651438748,巡航,109.2337630375,23.014358174999998,293.2289123535156,14.0
T014,2250.331416998257,巡航,109.23424826041666,23.015332954166666,293.2289123535156,14.0
T014,2260.2361825577655,巡航,109.23473348333334,23.01630773333333,293.2289123535156,14.0
T014,2270.140948117274,巡航,109.23521870625001,23.0172825125,293.2289123535156,14.0
T014,2280.0457136767827,巡航,109.23570392916668,23.018257291666664,293.2289123535156,14.0
T014,2289.950479236292,巡航,109.23618915208334,23.019232070833333,293.2289123535156,14.0
T014,2299.8552447958004,巡航,109.236674375,23.02020685,293.2289123535156,14.0
T014,2309.760010355309,巡航,109.23715959791667,23.021181629166666,293.2289123535156,14.0
T014,2319.6647759148177,巡航,109.23764482083334,23.022156408333334,293.2289123535156,14.0
T014,2329.569541474327,巡航,109.23813004375,23.0231311875,293.2289123535156,14.0
T014,2339.4743070338354,巡航,109.23861526666667,23.024105966666667,293.2289123535156,14.0
T014,2349.379072593344,巡航,109.23910048958334,23.025080745833332,293.2289123535156,14.0
T014,2359.2838381528527,巡航,109.2395857125,23.026055525,293.2289123535156,14.0
T014,2369.188603712362,巡航,109.24007093541667,23.027030304166665,293.2289123535156,14.0
T014,2379.0933692718704,巡航,109.24055615833333,23.028005083333333,293.2289123535156,14.0
T014,2388.998134831379,巡航,109.24104138125,23.028979862499998,293.2289123535156,14.0
T014,2398.902900390888,巡航,109.24152660416667,23.029954641666667,293.2289123535156,14.0
T014,2408.8076659503968,巡航,109.24201182708333,23.03092942083333,293.2289123535156,14.0
T014,2418.7124315099054,巡航,109.24249705,23.0319042,293.2289123535156,14.0
T014,2428.617197069414,巡航,109.24298227291668,23.032878979166668,293.2289123535156,14.0
T014,2438.5219626289227,巡航,109.24346749583334,23.033853758333333,293.2289123535156,14.0
T014,2448.4267281884318,巡航,109.24395271875001,23.0348285375,293.2289123535156,14.0
T014,2458.3314937479404,巡航,109.24443794166667,23.035803316666666,293.2289123535156,14.0
T014,2468.236259307449,巡航,109.24492316458334,23.036778095833334,293.2289123535156,14.0
T014,2478.141024866958,巡航,109.2454083875,23.037752875,293.2289123535156,14.0
T014,2488.0457904264667,巡航,109.24589361041667,23.038727654166667,293.2289123535156,14.0
T014,2497.9505559859754,巡航,109.24637883333334,23.039702433333332,293.2289123535156,14.0
T014,2507.855321545484,巡航,109.24686405625,23.0406772125,293.2289123535156,14.0
T014,2517.7600871049926,巡航,109.24734927916667,23.041651991666665,293.2289123535156,14.0
T014,2527.6648526645017,巡航,109.24783450208334,23.042626770833333,293.2289123535156,14.0
T014,2537.5696182240104,巡航,109.248319725,23.043601549999998,293.2289123535156,14.0
T014,2547.474383783519,巡航,109.24880494791667,23.044576329166667,293.2289123535156,14.0
T014,2557.379149343028,巡航,109.24929017083333,23.045551108333335,293.2289123535156,14.0
T014,2567.2839149025367,巡航,109.24977539375,23.0465258875,293.2289123535156,14.0
T014,2577.1886804620453,巡航,109.25026061666668,23.047500666666668,293.2289123535156,14.0
T014,2587.093446021554,巡航,109.25074583958335,23.048475445833333,293.2289123535156,14.0
T014,2596.9982115810626,巡航,109.25123106250001,23.049450225,293.2289123535156,14.0
T014,2606.9029771405717,巡航,109.25171628541668,23.050425004166666,293.2289123535156,14.0
T014,2616.8077427000803,巡航,109.25220150833334,23.051399783333334,293.2289123535156,14.0
T014,2626.712508259589,巡航,109.25268673125001,23.0523745625,293.2289123535156,14.0
T014,2636.6172738190976,巡航,109.25317195416667,23.053349341666667,293.2289123535156,14.0
T014,2646.5220393786067,巡航,109.25365717708334,23.054324120833332,293.2289123535156,14.0
T014,2656.4268049381153,巡航,109.2541424,23.0552989,293.2289123535156,14.0
T014,2656.4268049381153,下降,109.2541424,23.0552989,293.2289123535156,14.0
T014,2664.8573265852506,下降,109.2541424,23.0552989,272.15260823567706,14.0
T014,2673.2878482323863,下降,109.2541424,23.0552989,251.07630411783856,14.0
T014,2681.7183698795216,下降,109.2541424,23.0552989,230.0,14.0
T014,2681.7183698795216,交接,109.2541424,23.0552989,230.0,14.0
T014,2691.7183698795216,交接,109.2541424,23.0552989,230.0,14.0
T014,2701.7183698795216,交接,109.2541424,23.0552989,230.0,14.0
T014,2711.7183698795216,交接,109.2541424,23.0552989,230.0,14.0
T014,2721.7183698795216,交接,109.2541424,23.0552989,230.0,14.0
T014,2731.7183698795216,交接,109.2541424,23.0552989,230.0,14.0
T014,2741.7183698795216,交接,109.2541424,23.0552989,230.0,14.0
T014,2751.7183698795216,交接,109.2541424,23.0552989,230.0,14.0
T014,2761.7183698795216,交接,109.2541424,23.0552989,230.0,14.0
T014,2771.7183698795216,交接,109.2541424,23.0552989,230.0,14.0
T014,2781.7183698795216,交接,109.2541424,23.0552989,230.0,14.0
T014,2791.7183698795216,交接,109.2541424,23.0552989,230.0,14.0
T014,2801.7183698795216,交接,109.2541424,23.0552989,230.0,14.0
T014,2811.7183698795216,交接,109.2541424,23.0552989,230.0,14.0
T014,2821.7183698795216,交接,109.2541424,23.0552989,230.0,14.0
T014,2831.7183698795216,交接,109.2541424,23.0552989,230.0,14.0
T014,2841.7183698795216,交接,109.2541424,23.0552989,230.0,14.0
T014,2851.7183698795216,交接,109.2541424,23.0552989,230.0,14.0
T014,2861.7183698795216,交接,109.2541424,23.0552989,230.0,14.0
T014,2861.7183698795216,爬升,109.2541424,23.0552989,230.0,0.0
T014,2868.743804585468,爬升,109.2541424,23.0552989,251.07630411783853,0.0
T014,2875.769239291414,爬升,109.2541424,23.0552989,272.15260823567706,0.0
T014,2882.7946739973604,爬升,109.2541424,23.0552989,293.2289123535156,0.0
T014,2882.7946739973604,巡航,109.2541424,23.0552989,293.2289123535156,0.0
T014,2892.699439556869,巡航,109.25365717708334,23.054324120833332,293.2289123535156,0.0
T014,2902.6042051163777,巡航,109.25317195416667,23.053349341666667,293.2289123535156,0.0
T014,2912.5089706758868,巡航,109.25268673125001,23.0523745625,293.2289123535156,0.0
T014,2922.4137362353954,巡航,109.25220150833334,23.051399783333334,293.2289123535156,0.0
T014,2932.318501794904,巡航,109.25171628541668,23.050425004166666,293.2289123535156,0.0
T014,2942.223267354413,巡航,109.25123106250001,23.049450225,293.2289123535156,0.0
T014,2952.1280329139217,巡航,109.25074583958335,23.048475445833333,293.2289123535156,0.0
T014,2962.0327984734304,巡航,109.25026061666668,23.047500666666668,293.2289123535156,0.0
T014,2971.937564032939,巡航,109.24977539375,23.0465258875,293.2289123535156,0.0
T014,2981.8423295924476,巡航,109.24929017083333,23.045551108333335,293.2289123535156,0.0
T014,2991.7470951519567,巡航,109.24880494791667,23.044576329166667,293.2289123535156,0.0
T014,3001.6518607114654,巡航,109.248319725,23.043601549999998,293.2289123535156,0.0
T014,3011.556626270974,巡航,109.24783450208334,23.042626770833333,293.2289123535156,0.0
T014,3021.4613918304826,巡航,109.24734927916667,23.041651991666665,293.2289123535156,0.0
T014,3031.3661573899917,巡航,109.24686405625,23.0406772125,293.2289123535156,0.0
T014,3041.2709229495003,巡航,109.24637883333334,23.039702433333332,293.2289123535156,0.0
T014,3051.175688509009,巡航,109.24589361041667,23.038727654166667,293.2289123535156,0.0
T014,3061.0804540685176,巡航,109.2454083875,23.037752875,293.2289123535156,0.0
T014,3070.9852196280267,巡航,109.24492316458334,23.036778095833334,293.2289123535156,0.0
T014,3080.8899851875353,巡航,109.24443794166667,23.035803316666666,293.2289123535156,0.0
T014,3090.794750747044,巡航,109.24395271875001,23.0348285375,293.2289123535156,0.0
T014,3100.699516306553,巡航,109.24346749583334,23.033853758333333,293.2289123535156,0.0
T014,3110.6042818660617,巡航,109.24298227291668,23.032878979166668,293.2289123535156,0.0
T014,3120.5090474255703,巡航,109.24249705,23.0319042,293.2289123535156,0.0
T014,3130.413812985079,巡航,109.24201182708333,23.03092942083333,293.2289123535156,0.0
T014,3140.3185785445876,巡航,109.24152660416667,23.029954641666667,293.2289123535156,0.0
T014,3150.2233441040967,巡航,109.24104138125,23.028979862499998,293.2289123535156,0.0
T014,3160.1281096636053,巡航,109.24055615833333,23.028005083333333,293.2289123535156,0.0
T014,3170.032875223114,巡航,109.24007093541667,23.027030304166665,293.2289123535156,0.0
T014,3179.937640782623,巡航,109.2395857125,23.026055525,293.2289123535156,0.0
T014,3189.8424063421317,巡航,109.23910048958334,23.025080745833332,293.2289123535156,0.0
T014,3199.7471719016403,巡航,109.23861526666667,23.024105966666667,293.2289123535156,0.0
T014,3209.651937461149,巡航,109.23813004375,23.0231311875,293.2289123535156,0.0
T014,3219.5567030206576,巡航,109.23764482083334,23.022156408333334,293.2289123535156,0.0
T014,3229.4614685801666,巡航,109.23715959791667,23.021181629166666,293.2289123535156,0.0
T014,3239.3662341396753,巡航,109.236674375,23.02020685,293.2289123535156,0.0
T014,3249.270999699184,巡航,109.23618915208334,23.019232070833333,293.2289123535156,0.0
T014,3259.175765258693,巡航,109.23570392916668,23.018257291666664,293.2289123535156,0.0
T014,3269.0805308182016,巡航,109.23521870625001,23.0172825125,293.2289123535156,0.0
T014,3278.9852963777103,巡航,109.23473348333334,23.01630773333333,293.2289123535156,0.0
T014,3288.890061937219,巡航,109.23424826041666,23.015332954166666,293.2289123535156,0.0
T014,3298.7948274967275,巡航,109.2337630375,23.014358174999998,293.2289123535156,0.0
T014,3308.6995930562366,巡航,109.23327781458333,23.013383395833333,293.2289123535156,0.0
T014,3318.6043586157452,巡航,109.23279259166667,23.012408616666665,293.2289123535156,0.0
T014,3328.509124175254,巡航,109.23230736875,23.0114338375,293.2289123535156,0.0
T014,3338.4138897347625,巡航,109.23182214583333,23.010459058333332,293.2289123535156,0.0
T014,3348.3186552942716,巡航,109.23133692291667,23.009484279166667,293.2289123535156,0.0
T014,3358.22342085378,巡航,109.2308517,23.0085095,293.2289123535156,0.0
T014,3358.22342085378,下降,109.2308517,23.0085095,293.2289123535156,0.0
T014,3367.6822158454097,下降,109.2308517,23.0085095,269.58192487444194,0.0
T014,3377.141010837039,下降,109.2308517,23.0085095,245.9349373953683,0.0
T014,3386.5998058286687,下降,109.2308517,23.0085095,222.28794991629462,0.0
T014,3396.058600820298,下降,109.2308517,23.0085095,198.640962437221,0.0
T014,3405.5173958119276,下降,109.2308517,23.0085095,174.99397495814733,0.0
T014,3414.976190803557,下降,109.2308517,23.0085095,151.34698747907365,0.0
T014,3424.4349857951865,下降,109.2308517,23.0085095,127.69999999999999,0.0
T015,2173.812384815261,准备装载,109.2308517,23.0085095,127.7,67.0
T015,2183.812384815261,准备装载,109.2308517,23.0085095,127.7,67.0
T015,2193.812384815261,准备装载,109.2308517,23.0085095,127.7,67.0
T015,2203.812384815261,准备装载,109.2308517,23.0085095,127.7,67.0
T015,2213.812384815261,准备装载,109.2308517,23.0085095,127.7,67.0
T015,2223.812384815261,准备装载,109.2308517,23.0085095,127.7,67.0
T015,2233.812384815261,准备装载,109.2308517,23.0085095,127.7,67.0
T015,2243.812384815261,准备装载,109.2308517,23.0085095,127.7,67.0
T015,2253.812384815261,准备装载,109.2308517,23.0085095,127.7,67.0
T015,2263.812384815261,准备装载,109.2308517,23.0085095,127.7,67.0
T015,2273.812384815261,准备装载,109.2308517,23.0085095,127.7,67.0
T015,2283.812384815261,准备装载,109.2308517,23.0085095,127.7,67.0
T015,2293.812384815261,准备装载,109.2308517,23.0085095,127.7,67.0
T015,2303.812384815261,准备装载,109.2308517,23.0085095,127.7,67.0
T015,2313.812384815261,准备装载,109.2308517,23.0085095,127.7,67.0
T015,2323.812384815261,准备装载,109.2308517,23.0085095,127.7,67.0
T015,2333.812384815261,准备装载,109.2308517,23.0085095,127.7,67.0
T015,2343.812384815261,准备装载,109.2308517,23.0085095,127.7,67.0
T015,2353.812384815261,准备装载,109.2308517,23.0085095,127.7,67.0
T015,2363.812384815261,准备装载,109.2308517,23.0085095,127.7,67.0
T015,2373.812384815261,准备装载,109.2308517,23.0085095,127.7,67.0
T015,2383.812384815261,准备装载,109.2308517,23.0085095,127.7,67.0
T015,2393.812384815261,准备装载,109.2308517,23.0085095,127.7,67.0
T015,2403.812384815261,准备装载,109.2308517,23.0085095,127.7,67.0
T015,2413.812384815261,准备装载,109.2308517,23.0085095,127.7,67.0
T015,2423.812384815261,准备装载,109.2308517,23.0085095,127.7,67.0
T015,2433.812384815261,准备装载,109.2308517,23.0085095,127.7,67.0
T015,2443.812384815261,准备装载,109.2308517,23.0085095,127.7,67.0
T015,2453.812384815261,准备装载,109.2308517,23.0085095,127.7,67.0
T015,2463.812384815261,准备装载,109.2308517,23.0085095,127.7,67.0
T015,2473.812384815261,准备装载,109.2308517,23.0085095,127.7,67.0
T015,2483.812384815261,准备装载,109.2308517,23.0085095,127.7,67.0
T015,2493.812384815261,准备装载,109.2308517,23.0085095,127.7,67.0
T015,2503.812384815261,准备装载,109.2308517,23.0085095,127.7,67.0
T015,2513.812384815261,准备装载,109.2308517,23.0085095,127.7,67.0
T015,2523.812384815261,准备装载,109.2308517,23.0085095,127.7,67.0
T015,2533.812384815261,准备装载,109.2308517,23.0085095,127.7,67.0
T015,2543.812384815261,准备装载,109.2308517,23.0085095,127.7,67.0
T015,2553.812384815261,准备装载,109.2308517,23.0085095,127.7,67.0
T015,2563.812384815261,准备装载,109.2308517,23.0085095,127.7,67.0
T015,2573.812384815261,准备装载,109.2308517,23.0085095,127.7,67.0
T015,2583.812384815261,准备装载,109.2308517,23.0085095,127.7,67.0
T015,2593.812384815261,准备装载,109.2308517,23.0085095,127.7,67.0
T015,2603.812384815261,准备装载,109.2308517,23.0085095,127.7,67.0
T015,2613.812384815261,准备装载,109.2308517,23.0085095,127.7,67.0
T015,2623.812384815261,准备装载,109.2308517,23.0085095,127.7,67.0
T015,2633.812384815261,准备装载,109.2308517,23.0085095,127.7,67.0
T015,2643.812384815261,准备装载,109.2308517,23.0085095,127.7,67.0
T015,2653.812384815261,准备装载,109.2308517,23.0085095,127.7,67.0
T015,2663.812384815261,准备装载,109.2308517,23.0085095,127.7,67.0
T015,2673.812384815261,准备装载,109.2308517,23.0085095,127.7,67.0
T015,2683.812384815261,准备装载,109.2308517,23.0085095,127.7,67.0
T015,2683.812384815261,爬升,109.2308517,23.0085095,127.7,67.0
T015,2693.459143441563,爬升,109.2308517,23.0085095,151.8168965657552,67.0
T015,2703.105902067865,爬升,109.2308517,23.0085095,175.9337931315104,67.0
T015,2712.752660694167,爬升,109.2308517,23.0085095,200.05068969726562,67.0
T015,2722.399419320469,爬升,109.2308517,23.0085095,224.16758626302084,67.0
T015,2732.0461779467714,爬升,109.2308517,23.0085095,248.28448282877605,67.0
T015,2741.6929365730734,爬升,109.2308517,23.0085095,272.40137939453126,67.0
T015,2751.3396951993755,爬升,109.2308517,23.0085095,296.5182759602864,67.0
T015,2760.9864538256775,爬升,109.2308517,23.0085095,320.6351725260417,67.0
T015,2770.6332124519795,爬升,109.2308517,23.0085095,344.7520690917969,67.0
T015,2780.2799710782815,爬升,109.2308517,23.0085095,368.8689656575521,67.0
T015,2789.9267297045835,爬升,109.2308517,23.0085095,392.98586222330727,67.0
T015,2799.5734883308855,爬升,109.2308517,23.0085095,417.1027587890625,67.0
T015,2809.2202469571876,爬升,109.2308517,23.0085095,441.2196553548177,67.0
T015,2818.86700558349,爬升,109.2308517,23.0085095,465.33655192057284,67.0
T015,2828.513764209792,爬升,109.2308517,23.0085095,489.4534484863281,67.0
T015,2838.160522836094,爬升,109.2308517,23.0085095,513.5703450520833,67.0
T015,2847.807281462396,爬升,109.2308517,23.0085095,537.6872416178386,67.0
T015,2857.454040088698,爬升,109.2308517,23.0085095,561.8041381835938,67.0
T015,2857.454040088698,巡航,109.2308517,23.0085095,561.8041381835938,67.0
T015,2867.3359166282307,巡航,109.22958651836736,23.009157702040817,561.8041381835938,67.0
T015,2877.2177931677634,巡航,109.2283213367347,23.00980590408163,561.8041381835938,67.0
T015,2887.099669707296,巡航,109.22705615510205,23.01045410612245,561.8041381835938,67.0
T015,2896.9815462468287,巡航,109.22579097346939,23.011102308163263,561.8041381835938,67.0
T015,2906.8634227863613,巡航,109.22452579183674,23.01175051020408,561.8041381835938,67.0
T015,2916.745299325894,巡航,109.22326061020408,23.0123987122449,561.8041381835938,67.0
T015,2926.6271758654266,巡航,109.22199542857143,23.013046914285713,561.8041381835938,67.0
T015,2936.509052404959,巡航,109.22073024693877,23.01369511632653,561.8041381835938,67.0
T015,2946.390928944492,巡航,109.21946506530612,23.014343318367345,561.8041381835938,67.0
T015,2956.2728054840245,巡航,109.21819988367348,23.014991520408163,561.8041381835938,67.0
T015,2966.154682023557,巡航,109.21693470204082,23.01563972244898,561.8041381835938,67.0
T015,2976.03655856309,巡航,109.21566952040817,23.016287924489795,561.8041381835938,67.0
T015,2985.9184351026224,巡航,109.21440433877551,23.016936126530613,561.8041381835938,67.0
T015,2995.8003116421555,巡航,109.21313915714286,23.017584328571427,561.8041381835938,67.0
T015,3005.682188181688,巡航,109.2118739755102,23.018232530612245,561.8041381835938,67.0
T015,3015.564064721221,巡航,109.21060879387755,23.01888073265306,561.8041381835938,67.0
T015,3025.4459412607534,巡航,109.2093436122449,23.019528934693877,561.8041381835938,67.0
T015,3035.327817800286,巡航,109.20807843061225,23.020177136734695,561.8041381835938,67.0
T015,3045.2096943398187,巡航,109.20681324897959,23.02082533877551,561.8041381835938,67.0
T015,3055.0915708793514,巡航,109.20554806734694,23.021473540816327,561.8041381835938,67.0
T015,3064.973447418884,巡航,109.20428288571429,23.02212174285714,561.8041381835938,67.0
T015,3074.8553239584166,巡航,109.20301770408163,23.02276994489796,561.8041381835938,67.0
T015,3084.7372004979493,巡航,109.20175252244898,23.023418146938777,561.8041381835938,67.0
T015,3094.619077037482,巡航,109.20048734081632,23.02406634897959,561.8041381835938,67.0
T015,3104.5009535770146,巡航,109.19922215918368,23.02471455102041,561.8041381835938,67.0
T015,3114.382830116547,巡航,109.19795697755102,23.025362753061223,561.8041381835938,67.0
T015,3124.26470665608,巡航,109.19669179591837,23.02601095510204,561.8041381835938,67.0
T015,3134.1465831956125,巡航,109.19542661428571,23.02665915714286,561.8041381835938,67.0
T015,3144.028459735145,巡航,109.19416143265306,23.027307359183673,561.8041381835938,67.0
T015,3153.910336274678,巡航,109.19289625102041,23.02795556122449,561.8041381835938,67.0
T015,3163.7922128142104,巡航,109.19163106938775,23.028603763265306,561.8041381835938,67.0
T015,3173.674089353743,巡航,109.1903658877551,23.029251965306123,561.8041381835938,67.0
T015,3183.5559658932757,巡航,109.18910070612245,23.02990016734694,561.8041381835938,67.0
T015,3193.4378424328083,巡航,109.1878355244898,23.030548369387756,561.8041381835938,67.0
T015,3203.319718972341,巡航,109.18657034285714,23.031196571428573,561.8041381835938,67.0
T015,3213.2015955118736,巡航,109.18530516122449,23.031844773469388,561.8041381835938,67.0
T015,3223.0834720514067,巡航,109.18403997959183,23.032492975510205,561.8041381835938,67.0
T015,3232.9653485909394,巡航,109.18277479795918,23.03314117755102,561.8041381835938,67.0
T015,3242.847225130472,巡航,109.18150961632652,23.033789379591838,561.8041381835938,67.0
T015,3252.7291016700046,巡航,109.18024443469388,23.034437581632655,561.8041381835938,67.0
T015,3262.6109782095373,巡航,109.17897925306123,23.03508578367347,561.8041381835938,67.0
T015,3272.49285474907,巡航,109.17771407142857,23.035733985714288,561.8041381835938,67.0
T015,3282.3747312886026,巡航,109.17644888979592,23.036382187755102,561.8041381835938,67.0
T015,3292.256607828135,巡航,109.17518370816326,23.03703038979592,561.8041381835938,67.0
T015,3302.138484367668,巡航,109.17391852653061,23.037678591836737,561.8041381835938,67.0
T015,3312.0203609072005,巡航,109.17265334489795,23.038326793877552,561.8041381835938,67.0
T015,3321.902237446733,巡航,109.1713881632653,23.03897499591837,561.8041381835938,67.0
T015,3331.7841139862658,巡航,109.17012298163264,23.039623197959184,561.8041381835938,67.0
T015,3341.6659905257984,巡航,109.1688578,23.0402714,561.8041381835938,67.0
T015,3341.6659905257984,下降,109.1688578,23.0402714,561.8041381835938,67.0
T015,3350.9703296167813,下降,109.1688578,23.0402714,543.1954600016276,67.0
T015,3360.2746687077647,下降,109.1688578,23.0402714,524.5867818196615,67.0
T015,3369.5790077987476,下降,109.1688578,23.0402714,505.9781036376953,67.0
T015,3378.8833468897305,下降,109.1688578,23.0402714,487.3694254557292,67.0
T015,3388.187685980714,下降,109.1688578,23.0402714,468.76074727376306,67.0
T015,3397.492025071697,下降,109.1688578,23.0402714,450.1520690917969,67.0
T015,3406.7963641626798,下降,109.1688578,23.0402714,431.54339090983075,67.0
T015,3416.100703253663,下降,109.1688578,23.0402714,412.9347127278646,67.0
T015,3425.405042344646,下降,109.1688578,23.0402714,394.32603454589844,67.0
T015,3434.709381435629,下降,109.1688578,23.0402714,375.7173563639323,67.0
T015,3444.0137205266124,下降,109.1688578,23.0402714,357.1086781819662,67.0
T015,3453.3180596175953,下降,109.1688578,23.0402714,338.5,67.0
T015,3453.3180596175953,交接,109.1688578,23.0402714,338.5,67.0
T015,3463.1362414357773,交接,109.1688578,23.0402714,338.5,67.0
T015,3472.954423253959,交接,109.1688578,23.0402714,338.5,67.0
T015,3482.772605072141,交接,109.1688578,23.0402714,338.5,67.0
T015,3492.5907868903228,交接,109.1688578,23.0402714,338.5,67.0
T015,3502.4089687085043,交接,109.1688578,23.0402714,338.5,67.0
T015,3512.2271505266863,交接,109.1688578,23.0402714,338.5,67.0
T015,3522.045332344868,交接,109.1688578,23.0402714,338.5,67.0
T015,3531.86351416305,交接,109.1688578,23.0402714,338.5,67.0
T015,3541.6816959812318,交接,109.1688578,23.0402714,338.5,67.0
T015,3551.4998777994133,交接,109.1688578,23.0402714,338.5,67.0
T015,3561.3180596175953,交接,109.1688578,23.0402714,338.5,67.0
T015,3571.1362414357773,交接,109.1688578,23.0402714,338.5,67.0
T015,3580.954423253959,交接,109.1688578,23.0402714,338.5,67.0
T015,3590.772605072141,交接,109.1688578,23.0402714,338.5,67.0
T015,3600.5907868903228,交接,109.1688578,23.0402714,338.5,67.0
T015,3610.4089687085043,交接,109.1688578,23.0402714,338.5,67.0
T015,3620.2271505266863,交接,109.1688578,23.0402714,338.5,67.0
T015,3630.0453323448683,交接,109.1688578,23.0402714,338.5,67.0
T015,3639.86351416305,交接,109.1688578,23.0402714,338.5,67.0
T015,3649.6816959812318,交接,109.1688578,23.0402714,338.5,67.0
T015,3659.4998777994133,交接,109.1688578,23.0402714,338.5,67.0
T015,3669.3180596175953,交接,109.1688578,23.0402714,338.5,67.0
T015,3679.1362414357773,交接,109.1688578,23.0402714,338.5,67.0
T015,3688.954423253959,交接,109.1688578,23.0402714,338.5,67.0
T015,3698.772605072141,交接,109.1688578,23.0402714,338.5,67.0
T015,3708.5907868903228,交接,109.1688578,23.0402714,338.5,67.0
T015,3718.4089687085043,交接,109.1688578,23.0402714,338.5,67.0
T015,3728.2271505266863,交接,109.1688578,23.0402714,338.5,67.0
T015,3738.045332344868,交接,109.1688578,23.0402714,338.5,67.0
T015,3747.86351416305,交接,109.1688578,23.0402714,338.5,67.0
T015,3757.6816959812318,交接,109.1688578,23.0402714,338.5,67.0
T015,3767.4998777994133,交接,109.1688578,23.0402714,338.5,67.0
T015,3777.3180596175953,交接,109.1688578,23.0402714,338.5,67.0
T015,3787.1362414357773,交接,109.1688578,23.0402714,338.5,67.0
T015,3796.954423253959,交接,109.1688578,23.0402714,338.5,67.0
T015,3806.772605072141,交接,109.1688578,23.0402714,338.5,67.0
T015,3816.5907868903228,交接,109.1688578,23.0402714,338.5,67.0
T015,3826.4089687085043,交接,109.1688578,23.0402714,338.5,67.0
T015,3836.2271505266863,交接,109.1688578,23.0402714,338.5,67.0
T015,3846.0453323448683,交接,109.1688578,23.0402714,338.5,67.0
T015,3855.86351416305,交接,109.1688578,23.0402714,338.5,67.0
T015,3865.6816959812318,交接,109.1688578,23.0402714,338.5,67.0
T015,3875.4998777994133,交接,109.1688578,23.0402714,338.5,67.0
T015,3885.3180596175953,交接,109.1688578,23.0402714,338.5,67.0
T015,3885.3180596175953,爬升,109.1688578,23.0402714,338.5,0.0
T015,3895.2426879813106,爬升,109.1688578,23.0402714,363.3115709092882,0.0
T015,3905.167316345026,爬升,109.1688578,23.0402714,388.1231418185764,0.0
T015,3915.0919447087413,爬升,109.1688578,23.0402714,412.93471272786456,0.0
T015,3925.0165730724566,爬升,109.1688578,23.0402714,437.74628363715277,0.0
T015,3934.9412014361715,爬升,109.1688578,23.0402714,462.557854546441,0.0
T015,3944.865829799887,爬升,109.1688578,23.0402714,487.36942545572913,0.0
T015,3954.790458163602,爬升,109.1688578,23.0402714,512.1809963650173,0.0
T015,3964.7150865273175,爬升,109.1688578,23.0402714,536.9925672743055,0.0
T015,3974.639714891033,爬升,109.1688578,23.0402714,561.8041381835938,0.0
T015,3974.639714891033,巡航,109.1688578,23.0402714,561.8041381835938,0.0
T015,3984.5215914305654,巡航,109.17012298163264,23.039623197959184,561.8041381835938,0.0
T015,3994.403467970098,巡航,109.1713881632653,23.03897499591837,561.8041381835938,0.0
T015,4004.2853445096307,巡航,109.17265334489795,23.038326793877552,561.8041381835938,0.0
T015,4014.1672210491633,巡航,109.17391852653061,23.037678591836737,561.8041381835938,0.0
T015,4024.049097588696,巡航,109.17518370816326,23.03703038979592,561.8041381835938,0.0
T015,4033.9309741282286,巡航,109.17644888979592,23.036382187755102,561.8041381835938,0.0
T015,4043.8128506677613,巡航,109.17771407142857,23.035733985714288,561.8041381835938,0.0
T015,4053.694727207294,巡航,109.17897925306123,23.03508578367347,561.8041381835938,0.0
T015,4063.5766037468265,巡航,109.18024443469388,23.034437581632655,561.8041381835938,0.0
T015,4073.458480286359,巡航,109.18150961632652,23.033789379591838,561.8041381835938,0.0
T015,4083.340356825892,巡航,109.18277479795918,23.03314117755102,561.8041381835938,0.0
T015,4093.2222333654245,巡航,109.18403997959183,23.032492975510205,561.8041381835938,0.0
T015,4103.104109904957,巡航,109.18530516122449,23.031844773469388,561.8041381835938,0.0
T015,4112.98598644449,巡航,109.18657034285714,23.031196571428573,561.8041381835938,0.0
T015,4122.867862984022,巡航,109.1878355244898,23.030548369387756,561.8041381835938,0.0
T015,4132.749739523555,巡航,109.18910070612245,23.02990016734694,561.8041381835938,0.0
T015,4142.631616063088,巡航,109.1903658877551,23.029251965306123,561.8041381835938,0.0
T015,4152.51349260262,巡航,109.19163106938775,23.028603763265306,561.8041381835938,0.0
T015,4162.395369142153,巡航,109.19289625102041,23.02795556122449,561.8041381835938,0.0
T015,4172.277245681686,巡航,109.19416143265306,23.027307359183673,561.8041381835938,0.0
T015,4182.159122221218,巡航,109.19542661428571,23.02665915714286,561.8041381835938,0.0
T015,4192.040998760751,巡航,109.19669179591837,23.02601095510204,561.8041381835938,0.0
T015,4201.9228753002835,巡航,109.19795697755102,23.025362753061223,561.8041381835938,0.0
T015,4211.804751839816,巡航,109.19922215918368,23.02471455102041,561.8041381835938,0.0
T015,4221.68662837935,巡航,109.20048734081632,23.02406634897959,561.8041381835938,0.0
T015,4231.568504918881,巡航,109.20175252244898,23.023418146938777,561.8041381835938,0.0
T015,4241.450381458415,巡航,109.20301770408163,23.02276994489796,561.8041381835938,0.0
T015,4251.332257997948,巡航,109.20428288571429,23.02212174285714,561.8041381835938,0.0
T015,4261.21413453748,巡航,109.20554806734694,23.021473540816327,561.8041381835938,0.0
T015,4271.096011077013,巡航,109.20681324897959,23.02082533877551,561.8041381835938,0.0
T015,4280.977887616546,巡航,109.20807843061225,23.020177136734695,561.8041381835938,0.0
T015,4290.859764156078,巡航,109.2093436122449,23.019528934693877,561.8041381835938,0.0
T015,4300.741640695611,巡航,109.21060879387755,23.01888073265306,561.8041381835938,0.0
T015,4310.6235172351435,巡航,109.2118739755102,23.018232530612245,561.8041381835938,0.0
T015,4320.505393774676,巡航,109.21313915714286,23.017584328571427,561.8041381835938,0.0
T015,4330.387270314209,巡航,109.21440433877551,23.016936126530613,561.8041381835938,0.0
T015,4340.269146853741,巡航,109.21566952040817,23.016287924489795,561.8041381835938,0.0
T015,4350.151023393274,巡航,109.21693470204082,23.01563972244898,561.8041381835938,0.0
T015,4360.032899932807,巡航,109.21819988367348,23.014991520408163,561.8041381835938,0.0
T015,4369.914776472339,巡航,109.21946506530612,23.014343318367345,561.8041381835938,0.0
T015,4379.796653011872,巡航,109.22073024693877,23.01369511632653,561.8041381835938,0.0
T015,4389.678529551405,巡航,109.22199542857143,23.013046914285713,561.8041381835938,0.0
T015,4399.560406090937,巡航,109.22326061020408,23.0123987122449,561.8041381835938,0.0
T015,4409.44228263047,巡航,109.22452579183674,23.01175051020408,561.8041381835938,0.0
T015,4419.3241591700025,巡航,109.22579097346939,23.011102308163263,561.8041381835938,0.0
T015,4429.206035709535,巡航,109.22705615510205,23.01045410612245,561.8041381835938,0.0
T015,4439.087912249068,巡航,109.2283213367347,23.00980590408163,561.8041381835938,0.0
T015,4448.9697887886,巡航,109.22958651836736,23.009157702040817,561.8041381835938,0.0
T015,4458.851665328133,巡航,109.2308517,23.0085095,561.8041381835938,0.0
T015,4458.851665328133,下降,109.2308517,23.0085095,561.8041381835938,0.0
T015,4468.717668468669,下降,109.2308517,23.0085095,542.0721319025213,0.0
T015,4478.583671609205,下降,109.2308517,23.0085095,522.3401256214488,0.0
T015,4488.4496747497415,下降,109.2308517,23.0085095,502.60811934037645,0.0
T015,4498.315677890278,下降,109.2308517,23.0085095,482.876113059304,0.0
T015,4508.181681030814,下降,109.2308517,23.0085095,463.1441067782315,0.0
T015,4518.047684171351,下降,109.2308517,23.0085095,443.4121004971591,0.0
T015,4527.913687311887,下降,109.2308517,23.0085095,423.6800942160867,0.0
T015,4537.779690452423,下降,109.2308517,23.0085095,403.9480879350142,0.0
T015,4547.645693592959,下降,109.2308517,23.0085095,384.2160816539417,0.0
T015,4557.511696733495,下降,109.2308517,23.0085095,364.48407537286926,0.0
T015,4567.377699874031,下降,109.2308517,23.0085095,344.7520690917969,0.0
T015,4577.2437030145675,下降,109.2308517,23.0085095,325.0200628107244,0.0
T015,4587.109706155104,下降,109.2308517,23.0085095,305.28805652965195,0.0
T015,4596.97570929564,下降,109.2308517,23.0085095,285.55605024857954,0.0
T015,4606.841712436176,下降,109.2308517,23.0085095,265.82404396750707,0.0
T015,4616.707715576712,下降,109.2308517,23.0085095,246.09203768643465,0.0
T015,4626.573718717249,下降,109.2308517,23.0085095,226.36003140536224,0.0
T015,4636.439721857785,下降,109.2308517,23.0085095,206.62802512428976,0.0
T015,4646.305724998321,下降,109.2308517,23.0085095,186.8960188432173,0.0
T015,4656.171728138857,下降,109.2308517,23.0085095,167.16401256214482,0.0
T015,4666.0377312793935,下降,109.2308517,23.0085095,147.4320062810724,0.0
T015,4675.90373441993,下降,109.2308517,23.0085095,127.69999999999999,0.0
T016,2278.0703326671837,准备装载,109.2308517,23.0085095,127.7,14.0
T016,2288.0703326671837,准备装载,109.2308517,23.0085095,127.7,14.0
T016,2298.0703326671837,准备装载,109.2308517,23.0085095,127.7,14.0
T016,2308.0703326671837,准备装载,109.2308517,23.0085095,127.7,14.0
T016,2318.0703326671837,准备装载,109.2308517,23.0085095,127.7,14.0
T016,2328.0703326671837,准备装载,109.2308517,23.0085095,127.7,14.0
T016,2338.0703326671837,准备装载,109.2308517,23.0085095,127.7,14.0
T016,2348.0703326671837,准备装载,109.2308517,23.0085095,127.7,14.0
T016,2358.0703326671837,准备装载,109.2308517,23.0085095,127.7,14.0
T016,2368.0703326671837,准备装载,109.2308517,23.0085095,127.7,14.0
T016,2378.0703326671837,准备装载,109.2308517,23.0085095,127.7,14.0
T016,2388.0703326671837,准备装载,109.2308517,23.0085095,127.7,14.0
T016,2398.0703326671837,准备装载,109.2308517,23.0085095,127.7,14.0
T016,2408.0703326671837,准备装载,109.2308517,23.0085095,127.7,14.0
T016,2418.0703326671837,准备装载,109.2308517,23.0085095,127.7,14.0
T016,2428.0703326671837,准备装载,109.2308517,23.0085095,127.7,14.0
T016,2438.0703326671837,准备装载,109.2308517,23.0085095,127.7,14.0
T016,2448.0703326671837,准备装载,109.2308517,23.0085095,127.7,14.0
T016,2458.0703326671837,准备装载,109.2308517,23.0085095,127.7,14.0
T016,2468.0703326671837,准备装载,109.2308517,23.0085095,127.7,14.0
T016,2478.0703326671837,准备装载,109.2308517,23.0085095,127.7,14.0
T016,2488.0703326671837,准备装载,109.2308517,23.0085095,127.7,14.0
T016,2498.0703326671837,准备装载,109.2308517,23.0085095,127.7,14.0
T016,2508.0703326671837,准备装载,109.2308517,23.0085095,127.7,14.0
T016,2518.0703326671837,准备装载,109.2308517,23.0085095,127.7,14.0
T016,2528.0703326671837,准备装载,109.2308517,23.0085095,127.7,14.0
T016,2538.0703326671837,准备装载,109.2308517,23.0085095,127.7,14.0
T016,2548.0703326671837,准备装载,109.2308517,23.0085095,127.7,14.0
T016,2558.0703326671837,准备装载,109.2308517,23.0085095,127.7,14.0
T016,2568.0703326671837,准备装载,109.2308517,23.0085095,127.7,14.0
T016,2578.0703326671837,准备装载,109.2308517,23.0085095,127.7,14.0
T016,2588.0703326671837,准备装载,109.2308517,23.0085095,127.7,14.0
T016,2598.0703326671837,准备装载,109.2308517,23.0085095,127.7,14.0
T016,2608.0703326671837,准备装载,109.2308517,23.0085095,127.7,14.0
T016,2608.0703326671837,爬升,109.2308517,23.0085095,127.7,14.0
T016,2617.3848746322446,爬升,109.2308517,23.0085095,155.6436258951823,14.0
T016,2626.699416597305,爬升,109.2308517,23.0085095,183.58725179036458,14.0
T016,2636.013958562366,爬升,109.2308517,23.0085095,211.5308776855469,14.0
T016,2645.328500527427,爬升,109.2308517,23.0085095,239.47450358072916,14.0
T016,2654.6430424924874,爬升,109.2308517,23.0085095,267.4181294759115,14.0
T016,2663.9575844575484,爬升,109.2308517,23.0085095,295.36175537109375,14.0
T016,2663.9575844575484,巡航,109.2308517,23.0085095,295.36175537109375,14.0
T016,2673.7078422099153,巡航,109.23041352916667,23.009485066666667,295.36175537109375,14.0
T016,2683.458099962282,巡航,109.22997535833333,23.01046063333333,295.36175537109375,14.0
T016,2693.2083577146486,巡航,109.2295371875,23.0114362,295.36175537109375,14.0
T016,2702.9586154670155,巡航,109.22909901666667,23.012411766666666,295.36175537109375,14.0
T016,2712.7088732193824,巡航,109.22866084583333,23.013387333333334,295.36175537109375,14.0
T016,2722.4591309717493,巡航,109.228222675,23.0143629,295.36175537109375,14.0
T016,2732.2093887241163,巡航,109.22778450416666,23.015338466666666,295.36175537109375,14.0
T016,2741.959646476483,巡航,109.22734633333333,23.016314033333334,295.36175537109375,14.0
T016,2751.70990422885,巡航,109.2269081625,23.017289599999998,295.36175537109375,14.0
T016,2761.4601619812165,巡航,109.22646999166666,23.018265166666666,295.36175537109375,14.0
T016,2771.2104197335834,巡航,109.22603182083333,23.019240733333334,295.36175537109375,14.0
T016,2780.9606774859503,巡航,109.22559365000001,23.0202163,295.36175537109375,14.0
T016,2790.7109352383172,巡航,109.22515547916667,23.021191866666666,295.36175537109375,14.0
T016,2800.461192990684,巡航,109.22471730833334,23.022167433333333,295.36175537109375,14.0
T016,2810.2114507430506,巡航,109.2242791375,23.023143,295.36175537109375,14.0
T016,2819.9617084954175,巡航,109.22384096666667,23.024118566666665,295.36175537109375,14.0
T016,2829.7119662477844,巡航,109.22340279583334,23.025094133333333,295.36175537109375,14.0
T016,2839.4622240001513,巡航,109.222964625,23.0260697,295.36175537109375,14.0
T016,2849.212481752518,巡航,109.22252645416667,23.027045266666665,295.36175537109375,14.0
T016,2858.962739504885,巡航,109.22208828333333,23.028020833333333,295.36175537109375,14.0
T016,2868.712997257252,巡航,109.2216501125,23.0289964,295.36175537109375,14.0
T016,2878.4632550096185,巡航,109.22121194166667,23.02997196666667,295.36175537109375,14.0
T016,2888.2135127619854,巡航,109.22077377083333,23.030947533333332,295.36175537109375,14.0
T016,2897.9637705143523,巡航,109.2203356,23.0319231,295.36175537109375,14.0
T016,2897.9637705143523,下降,109.2203356,23.0319231,295.36175537109375,14.0
T016,2906.289946051462,下降,109.2203356,23.0319231,274.5463165283203,14.0
T016,2914.616121588571,下降,109.2203356,23.0319231,253.7308776855469,14.0
T016,2922.94229712568,下降,109.2203356,23.0319231,232.91543884277343,14.0
T016,2931.2684726627895,下降,109.2203356,23.0319231,212.1,14.0
T016,2931.2684726627895,交接,109.2203356,23.0319231,212.1,14.0
T016,2941.2684726627895,交接,109.2203356,23.0319231,212.1,14.0
T016,2951.2684726627895,交接,109.2203356,23.0319231,212.1,14.0
T016,2961.2684726627895,交接,109.2203356,23.0319231,212.1,14.0
T016,2971.2684726627895,交接,109.2203356,23.0319231,212.1,14.0
T016,2981.2684726627895,交接,109.2203356,23.0319231,212.1,14.0
T016,2991.2684726627895,交接,109.2203356,23.0319231,212.1,14.0
T016,3001.2684726627895,交接,109.2203356,23.0319231,212.1,14.0
T016,3011.2684726627895,交接,109.2203356,23.0319231,212.1,14.0
T016,3021.2684726627895,交接,109.2203356,23.0319231,212.1,14.0
T016,3031.2684726627895,交接,109.2203356,23.0319231,212.1,14.0
T016,3041.2684726627895,交接,109.2203356,23.0319231,212.1,14.0
T016,3051.2684726627895,交接,109.2203356,23.0319231,212.1,14.0
T016,3061.2684726627895,交接,109.2203356,23.0319231,212.1,14.0
T016,3071.2684726627895,交接,109.2203356,23.0319231,212.1,14.0
T016,3081.2684726627895,交接,109.2203356,23.0319231,212.1,14.0
T016,3091.2684726627895,交接,109.2203356,23.0319231,212.1,14.0
T016,3101.2684726627895,交接,109.2203356,23.0319231,212.1,14.0
T016,3111.2684726627895,交接,109.2203356,23.0319231,212.1,14.0
T016,3111.2684726627895,爬升,109.2203356,23.0319231,212.1,0.0
T016,3120.519778815133,爬升,109.2203356,23.0319231,239.85391845703126,0.0
T016,3129.7710849674772,爬升,109.2203356,23.0319231,267.6078369140625,0.0
T016,3139.022391119821,爬升,109.2203356,23.0319231,295.36175537109375,0.0
T016,3139.022391119821,巡航,109.2203356,23.0319231,295.36175537109375,0.0
T016,3148.772648872188,巡航,109.22077377083333,23.030947533333332,295.36175537109375,0.0
T016,3158.5229066245547,巡航,109.22121194166667,23.02997196666667,295.36175537109375,0.0
T016,3168.273164376921,巡航,109.2216501125,23.0289964,295.36175537109375,0.0
T016,3178.023422129288,巡航,109.22208828333333,23.028020833333333,295.36175537109375,0.0
T016,3187.773679881655,巡航,109.22252645416667,23.027045266666665,295.36175537109375,0.0
T016,3197.523937634022,巡航,109.222964625,23.0260697,295.36175537109375,0.0
T016,3207.274195386389,巡航,109.22340279583334,23.025094133333333,295.36175537109375,0.0
T016,3217.0244531387557,巡航,109.22384096666667,23.024118566666665,295.36175537109375,0.0
T016,3226.7747108911226,巡航,109.2242791375,23.023143,295.36175537109375,0.0
T016,3236.524968643489,巡航,109.22471730833334,23.022167433333333,295.36175537109375,0.0
T016,3246.275226395856,巡航,109.22515547916667,23.021191866666666,295.36175537109375,0.0
T016,3256.025484148223,巡航,109.22559365000001,23.0202163,295.36175537109375,0.0
T016,3265.7757419005898,巡航,109.22603182083333,23.019240733333334,295.36175537109375,0.0
T016,3275.5259996529567,巡航,109.22646999166666,23.018265166666666,295.36175537109375,0.0
T016,3285.276257405323,巡航,109.2269081625,23.017289599999998,295.36175537109375,0.0
T016,3295.02651515769,巡航,109.22734633333333,23.016314033333334,295.36175537109375,0.0
T016,3304.776772910057,巡航,109.22778450416666,23.015338466666666,295.36175537109375,0.0
T016,3314.527030662424,巡航,109.228222675,23.0143629,295.36175537109375,0.0
T016,3324.2772884147907,巡航,109.22866084583333,23.013387333333334,295.36175537109375,0.0
T016,3334.0275461671577,巡航,109.22909901666667,23.012411766666666,295.36175537109375,0.0
T016,3343.7778039195246,巡航,109.2295371875,23.0114362,295.36175537109375,0.0
T016,3353.528061671891,巡航,109.22997535833333,23.01046063333333,295.36175537109375,0.0
T016,3363.278319424258,巡航,109.23041352916667,23.009485066666667,295.36175537109375,0.0
T016,3373.028577176625,巡航,109.2308517,23.0085095,295.36175537109375,0.0
T016,3373.028577176625,下降,109.2308517,23.0085095,295.36175537109375,0.0
T016,3382.609248912116,下降,109.2308517,23.0085095,271.4100760323661,0.0
T016,3392.189920647607,下降,109.2308517,23.0085095,247.4583966936384,0.0
T016,3401.770592383098,下降,109.2308517,23.0085095,223.50671735491073,0.0
T016,3411.351264118589,下降,109.2308517,23.0085095,199.55503801618303,0.0
T016,3420.93193585408,下降,109.2308517,23.0085095,175.60335867745536,0.0
T016,3430.512607589571,下降,109.2308517,23.0085095,151.6516793387277,0.0
T016,3440.093279325062,下降,109.2308517,23.0085095,127.69999999999999,0.0
T017,2714.136684334318,准备装载,109.2308517,23.0085095,127.7,14.0
T017,2724.136684334318,准备装载,109.2308517,23.0085095,127.7,14.0
T017,2734.136684334318,准备装载,109.2308517,23.0085095,127.7,14.0
T017,2744.136684334318,准备装载,109.2308517,23.0085095,127.7,14.0
T017,2754.136684334318,准备装载,109.2308517,23.0085095,127.7,14.0
T017,2764.136684334318,准备装载,109.2308517,23.0085095,127.7,14.0
T017,2774.136684334318,准备装载,109.2308517,23.0085095,127.7,14.0
T017,2784.136684334318,准备装载,109.2308517,23.0085095,127.7,14.0
T017,2794.136684334318,准备装载,109.2308517,23.0085095,127.7,14.0
T017,2804.136684334318,准备装载,109.2308517,23.0085095,127.7,14.0
T017,2814.136684334318,准备装载,109.2308517,23.0085095,127.7,14.0
T017,2824.136684334318,准备装载,109.2308517,23.0085095,127.7,14.0
T017,2834.136684334318,准备装载,109.2308517,23.0085095,127.7,14.0
T017,2844.136684334318,准备装载,109.2308517,23.0085095,127.7,14.0
T017,2854.136684334318,准备装载,109.2308517,23.0085095,127.7,14.0
T017,2864.136684334318,准备装载,109.2308517,23.0085095,127.7,14.0
T017,2874.136684334318,准备装载,109.2308517,23.0085095,127.7,14.0
T017,2884.136684334318,准备装载,109.2308517,23.0085095,127.7,14.0
T017,2894.136684334318,准备装载,109.2308517,23.0085095,127.7,14.0
T017,2904.136684334318,准备装载,109.2308517,23.0085095,127.7,14.0
T017,2914.136684334318,准备装载,109.2308517,23.0085095,127.7,14.0
T017,2924.136684334318,准备装载,109.2308517,23.0085095,127.7,14.0
T017,2934.136684334318,准备装载,109.2308517,23.0085095,127.7,14.0
T017,2944.136684334318,准备装载,109.2308517,23.0085095,127.7,14.0
T017,2954.136684334318,准备装载,109.2308517,23.0085095,127.7,14.0
T017,2964.136684334318,准备装载,109.2308517,23.0085095,127.7,14.0
T017,2974.136684334318,准备装载,109.2308517,23.0085095,127.7,14.0
T017,2984.136684334318,准备装载,109.2308517,23.0085095,127.7,14.0
T017,2994.136684334318,准备装载,109.2308517,23.0085095,127.7,14.0
T017,3004.136684334318,准备装载,109.2308517,23.0085095,127.7,14.0
T017,3014.136684334318,准备装载,109.2308517,23.0085095,127.7,14.0
T017,3024.136684334318,准备装载,109.2308517,23.0085095,127.7,14.0
T017,3034.136684334318,准备装载,109.2308517,23.0085095,127.7,14.0
T017,3044.136684334318,准备装载,109.2308517,23.0085095,127.7,14.0
T017,3044.136684334318,爬升,109.2308517,23.0085095,127.7,14.0
T017,3053.827125008146,爬升,109.2308517,23.0085095,156.77132202148437,14.0
T017,3063.5175656819742,爬升,109.2308517,23.0085095,185.84264404296874,14.0
T017,3073.2080063558024,爬升,109.2308517,23.0085095,214.91396606445315,14.0
T017,3082.8984470296305,爬升,109.2308517,23.0085095,243.9852880859375,14.0
T017,3092.5888877034586,爬升,109.2308517,23.0085095,273.0566101074219,14.0
T017,3092.5888877034586,巡航,109.2308517,23.0085095,273.0566101074219,14.0
T017,3102.3772814326844,巡航,109.23132786153846,23.009474238461536,273.0566101074219,14.0
T017,3112.1656751619107,巡航,109.23180402307692,23.010438976923076,273.0566101074219,14.0
T017,3121.9540688911366,巡航,109.23228018461539,23.011403715384613,273.0566101074219,14.0
T017,3131.7424626203624,巡航,109.23275634615385,23.012368453846154,273.0566101074219,14.0
T017,3141.5308563495882,巡航,109.2332325076923,23.01333319230769,273.0566101074219,14.0
T017,3151.3192500788145,巡航,109.23370866923077,23.01429793076923,273.0566101074219,14.0
T017,3161.1076438080404,巡航,109.23418483076924,23.01526266923077,273.0566101074219,14.0
T017,3170.8960375372662,巡航,109.2346609923077,23.016227407692305,273.0566101074219,14.0
T017,3180.684431266492,巡航,109.23513715384615,23.017192146153846,273.0566101074219,14.0
T017,3190.4728249957184,巡航,109.23561331538461,23.018156884615383,273.0566101074219,14.0
T017,3200.2612187249442,巡航,109.23608947692308,23.019121623076924,273.0566101074219,14.0
T017,3210.04961245417,巡航,109.23656563846154,23.02008636153846,273.0566101074219,14.0
T017,3219.838006183396,巡航,109.2370418,23.0210511,273.0566101074219,14.0
T017,3229.626399912622,巡航,109.23751796153846,23.022015838461538,273.0566101074219,14.0
T017,3239.414793641848,巡航,109.23799412307692,23.022980576923075,273.0566101074219,14.0
T017,3249.203187371074,巡航,109.23847028461539,23.023945315384616,273.0566101074219,14.0
T017,3258.9915811003,巡航,109.23894644615385,23.024910053846153,273.0566101074219,14.0
T017,3268.779974829526,巡航,109.2394226076923,23.025874792307693,273.0566101074219,14.0
T017,3278.568368558752,巡航,109.23989876923076,23.02683953076923,273.0566101074219,14.0
T017,3288.3567622879777,巡航,109.24037493076924,23.027804269230767,273.0566101074219,14.0
T017,3298.145156017204,巡航,109.2408510923077,23.028769007692308,273.0566101074219,14.0
T017,3307.93354974643,巡航,109.24132725384615,23.029733746153845,273.0566101074219,14.0
T017,3317.7219434756557,巡航,109.24180341538461,23.030698484615385,273.0566101074219,14.0
T017,3327.5103372048816,巡航,109.24227957692308,23.031663223076922,273.0566101074219,14.0
T017,3337.298730934108,巡航,109.24275573846154,23.032627961538463,273.0566101074219,14.0
T017,3347.0871246633337,巡航,109.2432319,23.0335927,273.0566101074219,14.0
T017,3347.0871246633337,下降,109.2432319,23.0335927,273.0566101074219,14.0
T017,3355.992785674076,下降,109.2432319,23.0335927,250.7924575805664,14.0
T017,3364.898446684818,下降,109.2432319,23.0335927,228.52830505371094,14.0
T017,3373.80410769556,下降,109.2432319,23.0335927,206.26415252685547,14.0
T017,3382.7097687063024,下降,109.2432319,23.0335927,184.0,14.0
T017,3382.7097687063024,交接,109.2432319,23.0335927,184.0,14.0
T017,3392.7097687063024,交接,109.2432319,23.0335927,184.0,14.0
T017,3402.7097687063024,交接,109.2432319,23.0335927,184.0,14.0
T017,3412.7097687063024,交接,109.2432319,23.0335927,184.0,14.0
T017,3422.7097687063024,交接,109.2432319,23.0335927,184.0,14.0
T017,3432.7097687063024,交接,109.2432319,23.0335927,184.0,14.0
T017,3442.7097687063024,交接,109.2432319,23.0335927,184.0,14.0
T017,3452.7097687063024,交接,109.2432319,23.0335927,184.0,14.0
T017,3462.7097687063024,交接,109.2432319,23.0335927,184.0,14.0
T017,3472.7097687063024,交接,109.2432319,23.0335927,184.0,14.0
T017,3482.7097687063024,交接,109.2432319,23.0335927,184.0,14.0
T017,3492.7097687063024,交接,109.2432319,23.0335927,184.0,14.0
T017,3502.7097687063024,交接,109.2432319,23.0335927,184.0,14.0
T017,3512.7097687063024,交接,109.2432319,23.0335927,184.0,14.0
T017,3522.7097687063024,交接,109.2432319,23.0335927,184.0,14.0
T017,3532.7097687063024,交接,109.2432319,23.0335927,184.0,14.0
T017,3542.7097687063024,交接,109.2432319,23.0335927,184.0,14.0
T017,3552.7097687063024,交接,109.2432319,23.0335927,184.0,14.0
T017,3562.7097687063024,交接,109.2432319,23.0335927,184.0,14.0
T017,3562.7097687063024,爬升,109.2432319,23.0335927,184.0,0.0
T017,3572.604947607127,爬升,109.2432319,23.0335927,213.68553670247397,0.0
T017,3582.500126507952,爬升,109.2432319,23.0335927,243.3710734049479,0.0
T017,3592.3953054087765,爬升,109.2432319,23.0335927,273.0566101074219,0.0
T017,3592.3953054087765,巡航,109.2432319,23.0335927,273.0566101074219,0.0
T017,3602.1836991380023,巡航,109.24275573846154,23.032627961538463,273.0566101074219,0.0
T017,3611.9720928672286,巡航,109.24227957692308,23.031663223076922,273.0566101074219,0.0
T017,3621.7604865964545,巡航,109.24180341538461,23.030698484615385,273.0566101074219,0.0
T017,3631.5488803256803,巡航,109.24132725384615,23.029733746153845,273.0566101074219,0.0
T017,3641.337274054906,巡航,109.2408510923077,23.028769007692308,273.0566101074219,0.0
T017,3651.1256677841325,巡航,109.24037493076924,23.027804269230767,273.0566101074219,0.0
T017,3660.9140615133583,巡航,109.23989876923076,23.02683953076923,273.0566101074219,0.0
T017,3670.702455242584,巡航,109.2394226076923,23.025874792307693,273.0566101074219,0.0
T017,3680.49084897181,巡航,109.23894644615385,23.024910053846153,273.0566101074219,0.0
T017,3690.2792427010363,巡航,109.23847028461539,23.023945315384616,273.0566101074219,0.0
T017,3700.067636430262,巡航,109.23799412307692,23.022980576923075,273.0566101074219,0.0
T017,3709.856030159488,巡航,109.23751796153846,23.022015838461538,273.0566101074219,0.0
T017,3719.6444238887143,巡航,109.2370418,23.0210511,273.0566101074219,0.0
T017,3729.43281761794,巡航,109.23656563846154,23.02008636153846,273.0566101074219,0.0
T017,3739.221211347166,巡航,109.23608947692308,23.019121623076924,273.0566101074219,0.0
T017,3749.009605076392,巡航,109.23561331538461,23.018156884615383,273.0566101074219,0.0
T017,3758.797998805618,巡航,109.23513715384615,23.017192146153846,273.0566101074219,0.0
T017,3768.586392534844,巡航,109.2346609923077,23.016227407692305,273.0566101074219,0.0
T017,3778.37478626407,巡航,109.23418483076924,23.01526266923077,273.0566101074219,0.0
T017,3788.1631799932957,巡航,109.23370866923077,23.01429793076923,273.0566101074219,0.0
T017,3797.951573722522,巡航,109.2332325076923,23.01333319230769,273.0566101074219,0.0
T017,3807.739967451748,巡航,109.23275634615385,23.012368453846154,273.0566101074219,0.0
T017,3817.5283611809737,巡航,109.23228018461539,23.011403715384613,273.0566101074219,0.0
T017,3827.3167549102,巡航,109.23180402307692,23.010438976923076,273.0566101074219,0.0
T017,3837.105148639426,巡航,109.23132786153846,23.009474238461536,273.0566101074219,0.0
T017,3846.8935423686517,巡航,109.2308517,23.0085095,273.0566101074219,0.0
T017,3846.8935423686517,下降,109.2308517,23.0085095,273.0566101074219,0.0
T017,3856.5839830424798,下降,109.2308517,23.0085095,248.83050842285155,0.0
T017,3866.274423716308,下降,109.2308517,23.0085095,224.60440673828126,0.0
T017,3875.964864390136,下降,109.2308517,23.0085095,200.37830505371093,0.0
T017,3885.655305063964,下降,109.2308517,23.0085095,176.15220336914064,0.0
T017,3895.345745737792,下降,109.2308517,23.0085095,151.9261016845703,0.0
T017,3905.0361864116203,下降,109.2308517,23.0085095,127.69999999999999,0.0
T018,3165.680668264692,准备装载,109.2308517,23.0085095,127.7,14.0
T018,3175.680668264692,准备装载,109.2308517,23.0085095,127.7,14.0
T018,3185.680668264692,准备装载,109.2308517,23.0085095,127.7,14.0
T018,3195.680668264692,准备装载,109.2308517,23.0085095,127.7,14.0
T018,3205.680668264692,准备装载,109.2308517,23.0085095,127.7,14.0
T018,3215.680668264692,准备装载,109.2308517,23.0085095,127.7,14.0
T018,3225.680668264692,准备装载,109.2308517,23.0085095,127.7,14.0
T018,3235.680668264692,准备装载,109.2308517,23.0085095,127.7,14.0
T018,3245.680668264692,准备装载,109.2308517,23.0085095,127.7,14.0
T018,3255.680668264692,准备装载,109.2308517,23.0085095,127.7,14.0
T018,3265.680668264692,准备装载,109.2308517,23.0085095,127.7,14.0
T018,3275.680668264692,准备装载,109.2308517,23.0085095,127.7,14.0
T018,3285.680668264692,准备装载,109.2308517,23.0085095,127.7,14.0
T018,3295.680668264692,准备装载,109.2308517,23.0085095,127.7,14.0
T018,3305.680668264692,准备装载,109.2308517,23.0085095,127.7,14.0
T018,3315.680668264692,准备装载,109.2308517,23.0085095,127.7,14.0
T018,3325.680668264692,准备装载,109.2308517,23.0085095,127.7,14.0
T018,3335.680668264692,准备装载,109.2308517,23.0085095,127.7,14.0
T018,3345.680668264692,准备装载,109.2308517,23.0085095,127.7,14.0
T018,3355.680668264692,准备装载,109.2308517,23.0085095,127.7,14.0
T018,3365.680668264692,准备装载,109.2308517,23.0085095,127.7,14.0
T018,3375.680668264692,准备装载,109.2308517,23.0085095,127.7,14.0
T018,3385.680668264692,准备装载,109.2308517,23.0085095,127.7,14.0
T018,3395.680668264692,准备装载,109.2308517,23.0085095,127.7,14.0
T018,3405.680668264692,准备装载,109.2308517,23.0085095,127.7,14.0
T018,3415.680668264692,准备装载,109.2308517,23.0085095,127.7,14.0
T018,3425.680668264692,准备装载,109.2308517,23.0085095,127.7,14.0
T018,3435.680668264692,准备装载,109.2308517,23.0085095,127.7,14.0
T018,3445.680668264692,准备装载,109.2308517,23.0085095,127.7,14.0
T018,3455.680668264692,准备装载,109.2308517,23.0085095,127.7,14.0
T018,3465.680668264692,准备装载,109.2308517,23.0085095,127.7,14.0
T018,3475.680668264692,准备装载,109.2308517,23.0085095,127.7,14.0
T018,3485.680668264692,准备装载,109.2308517,23.0085095,127.7,14.0
T018,3495.680668264692,准备装载,109.2308517,23.0085095,127.7,14.0
T018,3495.680668264692,爬升,109.2308517,23.0085095,127.7,14.0
T018,3505.37110893852,爬升,109.2308517,23.0085095,156.77132202148437,14.0
T018,3515.0615496123482,爬升,109.2308517,23.0085095,185.84264404296874,14.0
T018,3524.7519902861764,爬升,109.2308517,23.0085095,214.91396606445315,14.0
T018,3534.4424309600045,爬升,109.2308517,23.0085095,243.9852880859375,14.0
T018,3544.1328716338326,爬升,109.2308517,23.0085095,273.0566101074219,14.0
T018,3544.1328716338326,巡航,109.2308517,23.0085095,273.0566101074219,14.0
T018,3553.9212653630584,巡航,109.23132786153846,23.009474238461536,273.0566101074219,14.0
T018,3563.7096590922847,巡航,109.23180402307692,23.010438976923076,273.0566101074219,14.0
T018,3573.4980528215106,巡航,109.23228018461539,23.011403715384613,273.0566101074219,14.0
T018,3583.2864465507364,巡航,109.23275634615385,23.012368453846154,273.0566101074219,14.0
T018,3593.0748402799622,巡航,109.2332325076923,23.01333319230769,273.0566101074219,14.0
T018,3602.8632340091885,巡航,109.23370866923077,23.01429793076923,273.0566101074219,14.0
T018,3612.6516277384144,巡航,109.23418483076924,23.01526266923077,273.0566101074219,14.0
T018,3622.4400214676402,巡航,109.2346609923077,23.016227407692305,273.0566101074219,14.0
T018,3632.228415196866,巡航,109.23513715384615,23.017192146153846,273.0566101074219,14.0
T018,3642.0168089260924,巡航,109.23561331538461,23.018156884615383,273.0566101074219,14.0
T018,3651.805202655318,巡航,109.23608947692308,23.019121623076924,273.0566101074219,14.0
T018,3661.593596384544,巡航,109.23656563846154,23.02008636153846,273.0566101074219,14.0
T018,3671.3819901137704,巡航,109.2370418,23.0210511,273.0566101074219,14.0
T018,3681.170383842996,巡航,109.23751796153846,23.022015838461538,273.0566101074219,14.0
T018,3690.958777572222,巡航,109.23799412307692,23.022980576923075,273.0566101074219,14.0
T018,3700.747171301448,巡航,109.23847028461539,23.023945315384616,273.0566101074219,14.0
T018,3710.535565030674,巡航,109.23894644615385,23.024910053846153,273.0566101074219,14.0
T018,3720.3239587599,巡航,109.2394226076923,23.025874792307693,273.0566101074219,14.0
T018,3730.112352489126,巡航,109.23989876923076,23.02683953076923,273.0566101074219,14.0
T018,3739.9007462183517,巡航,109.24037493076924,23.027804269230767,273.0566101074219,14.0
T018,3749.689139947578,巡航,109.2408510923077,23.028769007692308,273.0566101074219,14.0
T018,3759.477533676804,巡航,109.24132725384615,23.029733746153845,273.0566101074219,14.0
T018,3769.2659274060297,巡航,109.24180341538461,23.030698484615385,273.0566101074219,14.0
T018,3779.054321135256,巡航,109.24227957692308,23.031663223076922,273.0566101074219,14.0
T018,3788.842714864482,巡航,109.24275573846154,23.032627961538463,273.0566101074219,14.0
T018,3798.6311085937077,巡航,109.2432319,23.0335927,273.0566101074219,14.0
T018,3798.6311085937077,下降,109.2432319,23.0335927,273.0566101074219,14.0
T018,3807.53676960445,下降,109.2432319,23.0335927,250.7924575805664,14.0
T018,3816.4424306151923,下降,109.2432319,23.0335927,228.52830505371094,14.0
T018,3825.348091625934,下降,109.2432319,23.0335927,206.26415252685547,14.0
T018,3834.2537526366764,下降,109.2432319,23.0335927,184.0,14.0
T018,3834.2537526366764,交接,109.2432319,23.0335927,184.0,14.0
T018,3844.2537526366764,交接,109.2432319,23.0335927,184.0,14.0
T018,3854.2537526366764,交接,109.2432319,23.0335927,184.0,14.0
T018,3864.2537526366764,交接,109.2432319,23.0335927,184.0,14.0
T018,3874.2537526366764,交接,109.2432319,23.0335927,184.0,14.0
T018,3884.2537526366764,交接,109.2432319,23.0335927,184.0,14.0
T018,3894.2537526366764,交接,109.2432319,23.0335927,184.0,14.0
T018,3904.2537526366764,交接,109.2432319,23.0335927,184.0,14.0
T018,3914.2537526366764,交接,109.2432319,23.0335927,184.0,14.0
T018,3924.2537526366764,交接,109.2432319,23.0335927,184.0,14.0
T018,3934.2537526366764,交接,109.2432319,23.0335927,184.0,14.0
T018,3944.2537526366764,交接,109.2432319,23.0335927,184.0,14.0
T018,3954.2537526366764,交接,109.2432319,23.0335927,184.0,14.0
T018,3964.2537526366764,交接,109.2432319,23.0335927,184.0,14.0
T018,3974.2537526366764,交接,109.2432319,23.0335927,184.0,14.0
T018,3984.2537526366764,交接,109.2432319,23.0335927,184.0,14.0
T018,3994.2537526366764,交接,109.2432319,23.0335927,184.0,14.0
T018,4004.2537526366764,交接,109.2432319,23.0335927,184.0,14.0
T018,4014.2537526366764,交接,109.2432319,23.0335927,184.0,14.0
T018,4014.2537526366764,爬升,109.2432319,23.0335927,184.0,0.0
T018,4024.148931537501,爬升,109.2432319,23.0335927,213.68553670247397,0.0
T018,4034.044110438326,爬升,109.2432319,23.0335927,243.3710734049479,0.0
T018,4043.9392893391505,爬升,109.2432319,23.0335927,273.0566101074219,0.0
T018,4043.9392893391505,巡航,109.2432319,23.0335927,273.0566101074219,0.0
T018,4053.7276830683763,巡航,109.24275573846154,23.032627961538463,273.0566101074219,0.0
T018,4063.516076797602,巡航,109.24227957692308,23.031663223076922,273.0566101074219,0.0
T018,4073.3044705268285,巡航,109.24180341538461,23.030698484615385,273.0566101074219,0.0
T018,4083.0928642560543,巡航,109.24132725384615,23.029733746153845,273.0566101074219,0.0
T018,4092.88125798528,巡航,109.2408510923077,23.028769007692308,273.0566101074219,0.0
T018,4102.6696517145065,巡航,109.24037493076924,23.027804269230767,273.0566101074219,0.0
T018,4112.458045443732,巡航,109.23989876923076,23.02683953076923,273.0566101074219,0.0
T018,4122.246439172958,巡航,109.2394226076923,23.025874792307693,273.0566101074219,0.0
T018,4132.0348329021845,巡航,109.23894644615385,23.024910053846153,273.0566101074219,0.0
T018,4141.82322663141,巡航,109.23847028461539,23.023945315384616,273.0566101074219,0.0
T018,4151.611620360636,巡航,109.23799412307692,23.022980576923075,273.0566101074219,0.0
T018,4161.4000140898615,巡航,109.23751796153846,23.022015838461538,273.0566101074219,0.0
T018,4171.188407819088,巡航,109.2370418,23.0210511,273.0566101074219,0.0
T018,4180.976801548314,巡航,109.23656563846154,23.02008636153846,273.0566101074219,0.0
T018,4190.7651952775395,巡航,109.23608947692308,23.019121623076924,273.0566101074219,0.0
T018,4200.553589006766,巡航,109.23561331538461,23.018156884615383,273.0566101074219,0.0
T018,4210.341982735991,巡航,109.23513715384615,23.017192146153846,273.0566101074219,0.0
T018,4220.1303764652175,巡航,109.2346609923077,23.016227407692305,273.0566101074219,0.0
T018,4229.918770194444,巡航,109.23418483076924,23.01526266923077,273.0566101074219,0.0
T018,4239.707163923669,巡航,109.23370866923077,23.01429793076923,273.0566101074219,0.0
T018,4249.4955576528955,巡航,109.2332325076923,23.01333319230769,273.0566101074219,0.0
T018,4259.283951382122,巡航,109.23275634615385,23.012368453846154,273.0566101074219,0.0
T018,4269.072345111347,巡航,109.23228018461539,23.011403715384613,273.0566101074219,0.0
T018,4278.8607388405735,巡航,109.23180402307692,23.010438976923076,273.0566101074219,0.0
T018,4288.649132569799,巡航,109.23132786153846,23.009474238461536,273.0566101074219,0.0
T018,4298.437526299025,巡航,109.2308517,23.0085095,273.0566101074219,0.0
T018,4298.437526299025,下降,109.2308517,23.0085095,273.0566101074219,0.0
T018,4308.127966972854,下降,109.2308517,23.0085095,248.83050842285155,0.0
T018,4317.818407646681,下降,109.2308517,23.0085095,224.60440673828126,0.0
T018,4327.50884832051,下降,109.2308517,23.0085095,200.37830505371093,0.0
T018,4337.1992889943385,下降,109.2308517,23.0085095,176.15220336914064,0.0
T018,4346.889729668166,下降,109.2308517,23.0085095,151.9261016845703,0.0
T018,4356.580170341995,下降,109.2308517,23.0085095,127.69999999999999,0.0
T019,3305.1359822126738,准备装载,109.2308517,23.0085095,127.7,14.0
T019,3315.1359822126738,准备装载,109.2308517,23.0085095,127.7,14.0
T019,3325.1359822126738,准备装载,109.2308517,23.0085095,127.7,14.0
T019,3335.1359822126738,准备装载,109.2308517,23.0085095,127.7,14.0
T019,3345.1359822126738,准备装载,109.2308517,23.0085095,127.7,14.0
T019,3355.1359822126738,准备装载,109.2308517,23.0085095,127.7,14.0
T019,3365.1359822126738,准备装载,109.2308517,23.0085095,127.7,14.0
T019,3375.1359822126738,准备装载,109.2308517,23.0085095,127.7,14.0
T019,3385.1359822126738,准备装载,109.2308517,23.0085095,127.7,14.0
T019,3395.1359822126738,准备装载,109.2308517,23.0085095,127.7,14.0
T019,3405.1359822126738,准备装载,109.2308517,23.0085095,127.7,14.0
T019,3415.1359822126738,准备装载,109.2308517,23.0085095,127.7,14.0
T019,3425.1359822126738,准备装载,109.2308517,23.0085095,127.7,14.0
T019,3435.1359822126738,准备装载,109.2308517,23.0085095,127.7,14.0
T019,3445.1359822126738,准备装载,109.2308517,23.0085095,127.7,14.0
T019,3455.1359822126738,准备装载,109.2308517,23.0085095,127.7,14.0
T019,3465.1359822126738,准备装载,109.2308517,23.0085095,127.7,14.0
T019,3475.1359822126738,准备装载,109.2308517,23.0085095,127.7,14.0
T019,3485.1359822126738,准备装载,109.2308517,23.0085095,127.7,14.0
T019,3495.1359822126738,准备装载,109.2308517,23.0085095,127.7,14.0
T019,3505.1359822126738,准备装载,109.2308517,23.0085095,127.7,14.0
T019,3515.1359822126738,准备装载,109.2308517,23.0085095,127.7,14.0
T019,3525.1359822126738,准备装载,109.2308517,23.0085095,127.7,14.0
T019,3535.1359822126738,准备装载,109.2308517,23.0085095,127.7,14.0
T019,3545.1359822126738,准备装载,109.2308517,23.0085095,127.7,14.0
T019,3555.1359822126738,准备装载,109.2308517,23.0085095,127.7,14.0
T019,3565.1359822126738,准备装载,109.2308517,23.0085095,127.7,14.0
T019,3575.1359822126738,准备装载,109.2308517,23.0085095,127.7,14.0
T019,3585.1359822126738,准备装载,109.2308517,23.0085095,127.7,14.0
T019,3595.1359822126738,准备装载,109.2308517,23.0085095,127.7,14.0
T019,3605.1359822126738,准备装载,109.2308517,23.0085095,127.7,14.0
T019,3615.1359822126738,准备装载,109.2308517,23.0085095,127.7,14.0
T019,3625.1359822126738,准备装载,109.2308517,23.0085095,127.7,14.0
T019,3635.1359822126738,准备装载,109.2308517,23.0085095,127.7,14.0
T019,3635.1359822126738,爬升,109.2308517,23.0085095,127.7,14.0
T019,3644.826422886502,爬升,109.2308517,23.0085095,156.77132202148437,14.0
T019,3654.51686356033,爬升,109.2308517,23.0085095,185.84264404296874,14.0
T019,3664.207304234158,爬升,109.2308517,23.0085095,214.91396606445315,14.0
T019,3673.897744907986,爬升,109.2308517,23.0085095,243.9852880859375,14.0
T019,3683.5881855818143,爬升,109.2308517,23.0085095,273.0566101074219,14.0
T019,3683.5881855818143,巡航,109.2308517,23.0085095,273.0566101074219,14.0
T019,3693.283356513619,巡航,109.23144123333334,23.009703938095235,273.0566101074219,14.0
T019,3702.978527445424,巡航,109.23203076666667,23.010898376190475,273.0566101074219,14.0
T019,3712.6736983772284,巡航,109.23262030000001,23.01209281428571,273.0566101074219,14.0
T019,3722.3688693090335,巡航,109.23320983333333,23.01328725238095,273.0566101074219,14.0
T019,3732.064040240838,巡航,109.23379936666667,23.014481690476188,273.0566101074219,14.0
T019,3741.759211172643,巡航,109.2343889,23.015676128571428,273.0566101074219,14.0
T019,3751.4543821044476,巡航,109.23497843333334,23.016870566666665,273.0566101074219,14.0
T019,3761.149553036252,巡航,109.23556796666666,23.018065004761905,273.0566101074219,14.0
T019,3770.844723968057,巡航,109.2361575,23.01925944285714,273.0566101074219,14.0
T019,3780.539894899862,巡航,109.23674703333333,23.02045388095238,273.0566101074219,14.0
T019,3790.235065831667,巡航,109.23733656666667,23.021648319047618,273.0566101074219,14.0
T019,3799.9302367634714,巡航,109.2379261,23.022842757142858,273.0566101074219,14.0
T019,3809.6254076952764,巡航,109.23851563333334,23.024037195238094,273.0566101074219,14.0
T019,3819.320578627081,巡航,109.23910516666666,23.025231633333334,273.0566101074219,14.0
T019,3829.0157495588855,巡航,109.2396947,23.02642607142857,273.0566101074219,14.0
T019,3838.7109204906906,巡航,109.24028423333333,23.02762050952381,273.0566101074219,14.0
T019,3848.406091422495,巡航,109.24087376666667,23.028814947619047,273.0566101074219,14.0
T019,3858.1012623543,巡航,109.24146329999999,23.030009385714287,273.0566101074219,14.0
T019,3867.7964332861047,巡航,109.24205283333333,23.031203823809523,273.0566101074219,14.0
T019,3877.4916042179098,巡航,109.24264236666666,23.032398261904763,273.0566101074219,14.0
T019,3887.1867751497143,巡航,109.2432319,23.0335927,273.0566101074219,14.0
T019,3887.1867751497143,下降,109.2432319,23.0335927,273.0566101074219,14.0
T019,3896.0924361604566,下降,109.2432319,23.0335927,250.7924575805664,14.0
T019,3904.9980971711984,下降,109.2432319,23.0335927,228.52830505371094,14.0
T019,3913.9037581819407,下降,109.2432319,23.0335927,206.26415252685547,14.0
T019,3922.809419192683,下降,109.2432319,23.0335927,184.0,14.0
T019,3922.809419192683,交接,109.2432319,23.0335927,184.0,14.0
T019,3932.809419192683,交接,109.2432319,23.0335927,184.0,14.0
T019,3942.809419192683,交接,109.2432319,23.0335927,184.0,14.0
T019,3952.809419192683,交接,109.2432319,23.0335927,184.0,14.0
T019,3962.809419192683,交接,109.2432319,23.0335927,184.0,14.0
T019,3972.809419192683,交接,109.2432319,23.0335927,184.0,14.0
T019,3982.809419192683,交接,109.2432319,23.0335927,184.0,14.0
T019,3992.809419192683,交接,109.2432319,23.0335927,184.0,14.0
T019,4002.809419192683,交接,109.2432319,23.0335927,184.0,14.0
T019,4012.809419192683,交接,109.2432319,23.0335927,184.0,14.0
T019,4022.809419192683,交接,109.2432319,23.0335927,184.0,14.0
T019,4032.809419192683,交接,109.2432319,23.0335927,184.0,14.0
T019,4042.809419192683,交接,109.2432319,23.0335927,184.0,14.0
T019,4052.809419192683,交接,109.2432319,23.0335927,184.0,14.0
T019,4062.809419192683,交接,109.2432319,23.0335927,184.0,14.0
T019,4072.809419192683,交接,109.2432319,23.0335927,184.0,14.0
T019,4082.809419192683,交接,109.2432319,23.0335927,184.0,14.0
T019,4092.809419192683,交接,109.2432319,23.0335927,184.0,14.0
T019,4102.809419192683,交接,109.2432319,23.0335927,184.0,14.0
T019,4102.809419192683,爬升,109.2432319,23.0335927,184.0,0.0
T019,4112.704598093508,爬升,109.2432319,23.0335927,213.68553670247397,0.0
T019,4122.599776994332,爬升,109.2432319,23.0335927,243.3710734049479,0.0
T019,4132.494955895158,爬升,109.2432319,23.0335927,273.0566101074219,0.0
T019,4132.494955895158,巡航,109.2432319,23.0335927,273.0566101074219,0.0
T019,4142.190126826962,巡航,109.24264236666666,23.032398261904763,273.0566101074219,0.0
T019,4151.885297758767,巡航,109.24205283333333,23.031203823809523,273.0566101074219,0.0
T019,4161.580468690572,巡航,109.24146329999999,23.030009385714287,273.0566101074219,0.0
T019,4171.275639622377,巡航,109.24087376666667,23.028814947619047,273.0566101074219,0.0
T019,4180.970810554181,巡航,109.24028423333333,23.02762050952381,273.0566101074219,0.0
T019,4190.665981485986,巡航,109.2396947,23.02642607142857,273.0566101074219,0.0
T019,4200.36115241779,巡航,109.23910516666666,23.025231633333334,273.0566101074219,0.0
T019,4210.056323349596,巡航,109.23851563333334,23.024037195238094,273.0566101074219,0.0
T019,4219.7514942814005,巡航,109.2379261,23.022842757142858,273.0566101074219,0.0
T019,4229.446665213205,巡航,109.23733656666667,23.021648319047618,273.0566101074219,0.0
T019,4239.14183614501,巡航,109.23674703333333,23.02045388095238,273.0566101074219,0.0
T019,4248.837007076814,巡航,109.2361575,23.01925944285714,273.0566101074219,0.0
T019,4258.532178008619,巡航,109.23556796666666,23.018065004761905,273.0566101074219,0.0
T019,4268.227348940424,巡航,109.23497843333334,23.016870566666665,273.0566101074219,0.0
T019,4277.922519872229,巡航,109.2343889,23.015676128571428,273.0566101074219,0.0
T019,4287.617690804033,巡航,109.23379936666667,23.014481690476188,273.0566101074219,0.0
T019,4297.312861735838,巡航,109.23320983333333,23.01328725238095,273.0566101074219,0.0
T019,4307.0080326676425,巡航,109.23262030000001,23.01209281428571,273.0566101074219,0.0
T019,4316.703203599448,巡航,109.23203076666667,23.010898376190475,273.0566101074219,0.0
T019,4326.398374531253,巡航,109.23144123333334,23.009703938095235,273.0566101074219,0.0
T019,4336.093545463057,巡航,109.2308517,23.0085095,273.0566101074219,0.0
T019,4336.093545463057,下降,109.2308517,23.0085095,273.0566101074219,0.0
T019,4345.783986136885,下降,109.2308517,23.0085095,248.83050842285155,0.0
T019,4355.474426810713,下降,109.2308517,23.0085095,224.60440673828126,0.0
T019,4365.164867484542,下降,109.2308517,23.0085095,200.37830505371093,0.0
T019,4374.85530815837,下降,109.2308517,23.0085095,176.15220336914064,0.0
T019,4384.545748832197,下降,109.2308517,23.0085095,151.9261016845703,0.0
T019,4394.236189506026,下降,109.2308517,23.0085095,127.69999999999999,0.0
T020,3313.2126758462746,准备装载,109.2308517,23.0085095,127.7,14.0
T020,3323.2126758462746,准备装载,109.2308517,23.0085095,127.7,14.0
T020,3333.2126758462746,准备装载,109.2308517,23.0085095,127.7,14.0
T020,3343.2126758462746,准备装载,109.2308517,23.0085095,127.7,14.0
T020,3353.2126758462746,准备装载,109.2308517,23.0085095,127.7,14.0
T020,3363.2126758462746,准备装载,109.2308517,23.0085095,127.7,14.0
T020,3373.2126758462746,准备装载,109.2308517,23.0085095,127.7,14.0
T020,3383.2126758462746,准备装载,109.2308517,23.0085095,127.7,14.0
T020,3393.2126758462746,准备装载,109.2308517,23.0085095,127.7,14.0
T020,3403.2126758462746,准备装载,109.2308517,23.0085095,127.7,14.0
T020,3413.2126758462746,准备装载,109.2308517,23.0085095,127.7,14.0
T020,3423.2126758462746,准备装载,109.2308517,23.0085095,127.7,14.0
T020,3433.2126758462746,准备装载,109.2308517,23.0085095,127.7,14.0
T020,3443.2126758462746,准备装载,109.2308517,23.0085095,127.7,14.0
T020,3453.2126758462746,准备装载,109.2308517,23.0085095,127.7,14.0
T020,3463.2126758462746,准备装载,109.2308517,23.0085095,127.7,14.0
T020,3473.2126758462746,准备装载,109.2308517,23.0085095,127.7,14.0
T020,3483.2126758462746,准备装载,109.2308517,23.0085095,127.7,14.0
T020,3493.2126758462746,准备装载,109.2308517,23.0085095,127.7,14.0
T020,3503.2126758462746,准备装载,109.2308517,23.0085095,127.7,14.0
T020,3513.2126758462746,准备装载,109.2308517,23.0085095,127.7,14.0
T020,3523.2126758462746,准备装载,109.2308517,23.0085095,127.7,14.0
T020,3533.2126758462746,准备装载,109.2308517,23.0085095,127.7,14.0
T020,3543.2126758462746,准备装载,109.2308517,23.0085095,127.7,14.0
T020,3553.2126758462746,准备装载,109.2308517,23.0085095,127.7,14.0
T020,3563.2126758462746,准备装载,109.2308517,23.0085095,127.7,14.0
T020,3573.2126758462746,准备装载,109.2308517,23.0085095,127.7,14.0
T020,3583.2126758462746,准备装载,109.2308517,23.0085095,127.7,14.0
T020,3593.2126758462746,准备装载,109.2308517,23.0085095,127.7,14.0
T020,3603.2126758462746,准备装载,109.2308517,23.0085095,127.7,14.0
T020,3613.2126758462746,准备装载,109.2308517,23.0085095,127.7,14.0
T020,3623.2126758462746,准备装载,109.2308517,23.0085095,127.7,14.0
T020,3633.2126758462746,准备装载,109.2308517,23.0085095,127.7,14.0
T020,3643.2126758462746,准备装载,109.2308517,23.0085095,127.7,14.0
T020,3643.2126758462746,爬升,109.2308517,23.0085095,127.7,14.0
T020,3652.9031165201027,爬升,109.2308517,23.0085095,156.77132202148437,14.0
T020,3662.593557193931,爬升,109.2308517,23.0085095,185.84264404296874,14.0
T020,3672.283997867759,爬升,109.2308517,23.0085095,214.91396606445315,14.0
T020,3681.974438541587,爬升,109.2308517,23.0085095,243.9852880859375,14.0
T020,3691.664879215415,爬升,109.2308517,23.0085095,273.0566101074219,14.0
T020,3691.664879215415,巡航,109.2308517,23.0085095,273.0566101074219,14.0
T020,3701.3600501472197,巡航,109.23144123333334,23.009703938095235,273.0566101074219,14.0
T020,3711.0552210790247,巡航,109.23203076666667,23.010898376190475,273.0566101074219,14.0
T020,3720.7503920108293,巡航,109.23262030000001,23.01209281428571,273.0566101074219,14.0
T020,3730.4455629426343,巡航,109.23320983333333,23.01328725238095,273.0566101074219,14.0
T020,3740.140733874439,巡航,109.23379936666667,23.014481690476188,273.0566101074219,14.0
T020,3749.835904806244,巡航,109.2343889,23.015676128571428,273.0566101074219,14.0
T020,3759.5310757380485,巡航,109.23497843333334,23.016870566666665,273.0566101074219,14.0
T020,3769.226246669853,巡航,109.23556796666666,23.018065004761905,273.0566101074219,14.0
T020,3778.921417601658,巡航,109.2361575,23.01925944285714,273.0566101074219,14.0
T020,3788.6165885334626,巡航,109.23674703333333,23.02045388095238,273.0566101074219,14.0
T020,3798.3117594652676,巡航,109.23733656666667,23.021648319047618,273.0566101074219,14.0
T020,3808.006930397072,巡航,109.2379261,23.022842757142858,273.0566101074219,14.0
T020,3817.7021013288772,巡航,109.23851563333334,23.024037195238094,273.0566101074219,14.0
T020,3827.397272260682,巡航,109.23910516666666,23.025231633333334,273.0566101074219,14.0
T020,3837.0924431924864,巡航,109.2396947,23.02642607142857,273.0566101074219,14.0
T020,3846.7876141242914,巡航,109.24028423333333,23.02762050952381,273.0566101074219,14.0
T020,3856.482785056096,巡航,109.24087376666667,23.028814947619047,273.0566101074219,14.0
T020,3866.177955987901,巡航,109.24146329999999,23.030009385714287,273.0566101074219,14.0
T020,3875.8731269197056,巡航,109.24205283333333,23.031203823809523,273.0566101074219,14.0
T020,3885.5682978515106,巡航,109.24264236666666,23.032398261904763,273.0566101074219,14.0
T020,3895.263468783315,巡航,109.2432319,23.0335927,273.0566101074219,14.0
T020,3895.263468783315,下降,109.2432319,23.0335927,273.0566101074219,14.0
T020,3904.1691297940574,下降,109.2432319,23.0335927,250.7924575805664,14.0
T020,3913.0747908047997,下降,109.2432319,23.0335927,228.52830505371094,14.0
T020,3921.9804518155415,下降,109.2432319,23.0335927,206.26415252685547,14.0
T020,3930.886112826284,下降,109.2432319,23.0335927,184.0,14.0
T020,3930.886112826284,交接,109.2432319,23.0335927,184.0,14.0
T020,3940.35979703681,交接,109.2432319,23.0335927,184.0,14.0
T020,3949.8334812473363,交接,109.2432319,23.0335927,184.0,14.0
T020,3959.307165457863,交接,109.2432319,23.0335927,184.0,14.0
T020,3968.7808496683892,交接,109.2432319,23.0335927,184.0,14.0
T020,3978.2545338789155,交接,109.2432319,23.0335927,184.0,14.0
T020,3987.7282180894417,交接,109.2432319,23.0335927,184.0,14.0
T020,3997.201902299968,交接,109.2432319,23.0335927,184.0,14.0
T020,4006.6755865104947,交接,109.2432319,23.0335927,184.0,14.0
T020,4016.149270721021,交接,109.2432319,23.0335927,184.0,14.0
T020,4025.622954931547,交接,109.2432319,23.0335927,184.0,14.0
T020,4035.0966391420734,交接,109.2432319,23.0335927,184.0,14.0
T020,4044.5703233526,交接,109.2432319,23.0335927,184.0,14.0
T020,4054.0440075631263,交接,109.2432319,23.0335927,184.0,14.0
T020,4063.5176917736526,交接,109.2432319,23.0335927,184.0,14.0
T020,4072.991375984179,交接,109.2432319,23.0335927,184.0,14.0
T020,4082.465060194705,交接,109.2432319,23.0335927,184.0,14.0
T020,4091.938744405232,交接,109.2432319,23.0335927,184.0,14.0
T020,4101.412428615758,交接,109.2432319,23.0335927,184.0,14.0
T020,4110.886112826284,交接,109.2432319,23.0335927,184.0,14.0
T020,4110.886112826284,爬升,109.2432319,23.0335927,184.0,0.0
T020,4120.7812917271085,爬升,109.2432319,23.0335927,213.68553670247397,0.0
T020,4130.676470627934,爬升,109.2432319,23.0335927,243.3710734049479,0.0
T020,4140.571649528758,爬升,109.2432319,23.0335927,273.0566101074219,0.0
T020,4140.571649528758,巡航,109.2432319,23.0335927,273.0566101074219,0.0
T020,4150.2668204605625,巡航,109.24264236666666,23.032398261904763,273.0566101074219,0.0
T020,4159.961991392367,巡航,109.24205283333333,23.031203823809523,273.0566101074219,0.0
T020,4169.6571623241725,巡航,109.24146329999999,23.030009385714287,273.0566101074219,0.0
T020,4179.352333255977,巡航,109.24087376666667,23.028814947619047,273.0566101074219,0.0
T020,4189.047504187782,巡航,109.24028423333333,23.02762050952381,273.0566101074219,0.0
T020,4198.742675119586,巡航,109.2396947,23.02642607142857,273.0566101074219,0.0
T020,4208.437846051392,巡航,109.23910516666666,23.025231633333334,273.0566101074219,0.0
T020,4218.133016983196,巡航,109.23851563333334,23.024037195238094,273.0566101074219,0.0
T020,4227.828187915001,巡航,109.2379261,23.022842757142858,273.0566101074219,0.0
T020,4237.523358846805,巡航,109.23733656666667,23.021648319047618,273.0566101074219,0.0
T020,4247.218529778611,巡航,109.23674703333333,23.02045388095238,273.0566101074219,0.0
T020,4256.9137007104155,巡航,109.2361575,23.01925944285714,273.0566101074219,0.0
T020,4266.60887164222,巡航,109.23556796666666,23.018065004761905,273.0566101074219,0.0
T020,4276.304042574025,巡航,109.23497843333334,23.016870566666665,273.0566101074219,0.0
T020,4285.99921350583,巡航,109.2343889,23.015676128571428,273.0566101074219,0.0
T020,4295.694384437635,巡航,109.23379936666667,23.014481690476188,273.0566101074219,0.0
T020,4305.389555369439,巡航,109.23320983333333,23.01328725238095,273.0566101074219,0.0
T020,4315.084726301244,巡航,109.23262030000001,23.01209281428571,273.0566101074219,0.0
T020,4324.779897233049,巡航,109.23203076666667,23.010898376190475,273.0566101074219,0.0
T020,4334.475068164854,巡航,109.23144123333334,23.009703938095235,273.0566101074219,0.0
T020,4344.170239096658,巡航,109.2308517,23.0085095,273.0566101074219,0.0
T020,4344.170239096658,下降,109.2308517,23.0085095,273.0566101074219,0.0
T020,4353.860679770486,下降,109.2308517,23.0085095,248.83050842285155,0.0
T020,4363.551120444315,下降,109.2308517,23.0085095,224.60440673828126,0.0
T020,4373.241561118142,下降,109.2308517,23.0085095,200.37830505371093,0.0
T020,4382.93200179197,下降,109.2308517,23.0085095,176.15220336914064,0.0
T020,4392.6224424657985,下降,109.2308517,23.0085095,151.9261016845703,0.0
T020,4402.312883139626,下降,109.2308517,23.0085095,127.69999999999999,0.0
T021,3424.4349857951865,准备装载,109.2308517,23.0085095,127.7,14.0
T021,3434.4349857951865,准备装载,109.2308517,23.0085095,127.7,14.0
T021,3444.4349857951865,准备装载,109.2308517,23.0085095,127.7,14.0
T021,3454.4349857951865,准备装载,109.2308517,23.0085095,127.7,14.0
T021,3464.4349857951865,准备装载,109.2308517,23.0085095,127.7,14.0
T021,3474.4349857951865,准备装载,109.2308517,23.0085095,127.7,14.0
T021,3484.4349857951865,准备装载,109.2308517,23.0085095,127.7,14.0
T021,3494.4349857951865,准备装载,109.2308517,23.0085095,127.7,14.0
T021,3504.4349857951865,准备装载,109.2308517,23.0085095,127.7,14.0
T021,3514.4349857951865,准备装载,109.2308517,23.0085095,127.7,14.0
T021,3524.4349857951865,准备装载,109.2308517,23.0085095,127.7,14.0
T021,3534.4349857951865,准备装载,109.2308517,23.0085095,127.7,14.0
T021,3544.4349857951865,准备装载,109.2308517,23.0085095,127.7,14.0
T021,3554.4349857951865,准备装载,109.2308517,23.0085095,127.7,14.0
T021,3564.4349857951865,准备装载,109.2308517,23.0085095,127.7,14.0
T021,3574.4349857951865,准备装载,109.2308517,23.0085095,127.7,14.0
T021,3584.4349857951865,准备装载,109.2308517,23.0085095,127.7,14.0
T021,3594.4349857951865,准备装载,109.2308517,23.0085095,127.7,14.0
T021,3604.4349857951865,准备装载,109.2308517,23.0085095,127.7,14.0
T021,3614.4349857951865,准备装载,109.2308517,23.0085095,127.7,14.0
T021,3624.4349857951865,准备装载,109.2308517,23.0085095,127.7,14.0
T021,3634.4349857951865,准备装载,109.2308517,23.0085095,127.7,14.0
T021,3644.4349857951865,准备装载,109.2308517,23.0085095,127.7,14.0
T021,3654.4349857951865,准备装载,109.2308517,23.0085095,127.7,14.0
T021,3664.4349857951865,准备装载,109.2308517,23.0085095,127.7,14.0
T021,3674.4349857951865,准备装载,109.2308517,23.0085095,127.7,14.0
T021,3684.4349857951865,准备装载,109.2308517,23.0085095,127.7,14.0
T021,3694.4349857951865,准备装载,109.2308517,23.0085095,127.7,14.0
T021,3704.4349857951865,准备装载,109.2308517,23.0085095,127.7,14.0
T021,3714.4349857951865,准备装载,109.2308517,23.0085095,127.7,14.0
T021,3724.4349857951865,准备装载,109.2308517,23.0085095,127.7,14.0
T021,3734.4349857951865,准备装载,109.2308517,23.0085095,127.7,14.0
T021,3744.4349857951865,准备装载,109.2308517,23.0085095,127.7,14.0
T021,3754.4349857951865,准备装载,109.2308517,23.0085095,127.7,14.0
T021,3754.4349857951865,爬升,109.2308517,23.0085095,127.7,14.0
T021,3764.1254264690147,爬升,109.2308517,23.0085095,156.77132202148437,14.0
T021,3773.8158671428428,爬升,109.2308517,23.0085095,185.84264404296874,14.0
T021,3783.506307816671,爬升,109.2308517,23.0085095,214.91396606445315,14.0
T021,3793.196748490499,爬升,109.2308517,23.0085095,243.9852880859375,14.0
T021,3802.887189164327,爬升,109.2308517,23.0085095,273.0566101074219,14.0
T021,3802.887189164327,巡航,109.2308517,23.0085095,273.0566101074219,14.0
T021,3812.675582893553,巡航,109.23132786153846,23.009474238461536,273.0566101074219,14.0
T021,3822.4639766227792,巡航,109.23180402307692,23.010438976923076,273.0566101074219,14.0
T021,3832.252370352005,巡航,109.23228018461539,23.011403715384613,273.0566101074219,14.0
T021,3842.040764081231,巡航,109.23275634615385,23.012368453846154,273.0566101074219,14.0
T021,3851.8291578104568,巡航,109.2332325076923,23.01333319230769,273.0566101074219,14.0
T021,3861.617551539683,巡航,109.23370866923077,23.01429793076923,273.0566101074219,14.0
T021,3871.405945268909,巡航,109.23418483076924,23.01526266923077,273.0566101074219,14.0
T021,3881.1943389981348,巡航,109.2346609923077,23.016227407692305,273.0566101074219,14.0
T021,3890.9827327273606,巡航,109.23513715384615,23.017192146153846,273.0566101074219,14.0
T021,3900.771126456587,巡航,109.23561331538461,23.018156884615383,273.0566101074219,14.0
T021,3910.5595201858127,巡航,109.23608947692308,23.019121623076924,273.0566101074219,14.0
T021,3920.3479139150386,巡航,109.23656563846154,23.02008636153846,273.0566101074219,14.0
T021,3930.136307644265,巡航,109.2370418,23.0210511,273.0566101074219,14.0
T021,3939.9247013734907,巡航,109.23751796153846,23.022015838461538,273.0566101074219,14.0
T021,3949.7130951027166,巡航,109.23799412307692,23.022980576923075,273.0566101074219,14.0
T021,3959.5014888319424,巡航,109.23847028461539,23.023945315384616,273.0566101074219,14.0
T021,3969.2898825611687,巡航,109.23894644615385,23.024910053846153,273.0566101074219,14.0
T021,3979.0782762903946,巡航,109.2394226076923,23.025874792307693,273.0566101074219,14.0
T021,3988.8666700196204,巡航,109.23989876923076,23.02683953076923,273.0566101074219,14.0
T021,3998.6550637488463,巡航,109.24037493076924,23.027804269230767,273.0566101074219,14.0
T021,4008.4434574780726,巡航,109.2408510923077,23.028769007692308,273.0566101074219,14.0
T021,4018.2318512072984,巡航,109.24132725384615,23.029733746153845,273.0566101074219,14.0
T021,4028.0202449365243,巡航,109.24180341538461,23.030698484615385,273.0566101074219,14.0
T021,4037.8086386657505,巡航,109.24227957692308,23.031663223076922,273.0566101074219,14.0
T021,4047.5970323949764,巡航,109.24275573846154,23.032627961538463,273.0566101074219,14.0
T021,4057.3854261242022,巡航,109.2432319,23.0335927,273.0566101074219,14.0
T021,4057.3854261242022,下降,109.2432319,23.0335927,273.0566101074219,14.0
T021,4066.2910871349445,下降,109.2432319,23.0335927,250.7924575805664,14.0
T021,4075.196748145687,下降,109.2432319,23.0335927,228.52830505371094,14.0
T021,4084.1024091564286,下降,109.2432319,23.0335927,206.26415252685547,14.0
T021,4093.008070167171,下降,109.2432319,23.0335927,184.0,14.0
T021,4093.008070167171,交接,109.2432319,23.0335927,184.0,14.0
T021,4103.00807016717,交接,109.2432319,23.0335927,184.0,14.0
T021,4113.00807016717,交接,109.2432319,23.0335927,184.0,14.0
T021,4123.00807016717,交接,109.2432319,23.0335927,184.0,14.0
T021,4133.00807016717,交接,109.2432319,23.0335927,184.0,14.0
T021,4143.00807016717,交接,109.2432319,23.0335927,184.0,14.0
T021,4153.00807016717,交接,109.2432319,23.0335927,184.0,14.0
T021,4163.00807016717,交接,109.2432319,23.0335927,184.0,14.0
T021,4173.00807016717,交接,109.2432319,23.0335927,184.0,14.0
T021,4183.00807016717,交接,109.2432319,23.0335927,184.0,14.0
T021,4193.00807016717,交接,109.2432319,23.0335927,184.0,14.0
T021,4203.00807016717,交接,109.2432319,23.0335927,184.0,14.0
T021,4213.00807016717,交接,109.2432319,23.0335927,184.0,14.0
T021,4223.00807016717,交接,109.2432319,23.0335927,184.0,14.0
T021,4233.00807016717,交接,109.2432319,23.0335927,184.0,14.0
T021,4243.00807016717,交接,109.2432319,23.0335927,184.0,14.0
T021,4253.00807016717,交接,109.2432319,23.0335927,184.0,14.0
T021,4263.00807016717,交接,109.2432319,23.0335927,184.0,14.0
T021,4273.00807016717,交接,109.2432319,23.0335927,184.0,14.0
T021,4273.00807016717,爬升,109.2432319,23.0335927,184.0,0.0
T021,4282.903249067996,爬升,109.2432319,23.0335927,213.68553670247397,0.0
T021,4292.79842796882,爬升,109.2432319,23.0335927,243.3710734049479,0.0
T021,4302.693606869645,爬升,109.2432319,23.0335927,273.0566101074219,0.0
T021,4302.693606869645,巡航,109.2432319,23.0335927,273.0566101074219,0.0
T021,4312.482000598871,巡航,109.24275573846154,23.032627961538463,273.0566101074219,0.0
T021,4322.270394328097,巡航,109.24227957692308,23.031663223076922,273.0566101074219,0.0
T021,4332.058788057323,巡航,109.24180341538461,23.030698484615385,273.0566101074219,0.0
T021,4341.847181786548,巡航,109.24132725384615,23.029733746153845,273.0566101074219,0.0
T021,4351.635575515775,巡航,109.2408510923077,23.028769007692308,273.0566101074219,0.0
T021,4361.423969245001,巡航,109.24037493076924,23.027804269230767,273.0566101074219,0.0
T021,4371.212362974226,巡航,109.23989876923076,23.02683953076923,273.0566101074219,0.0
T021,4381.000756703453,巡航,109.2394226076923,23.025874792307693,273.0566101074219,0.0
T021,4390.789150432679,巡航,109.23894644615385,23.024910053846153,273.0566101074219,0.0
T021,4400.577544161904,巡航,109.23847028461539,23.023945315384616,273.0566101074219,0.0
T021,4410.365937891131,巡航,109.23799412307692,23.022980576923075,273.0566101074219,0.0
T021,4420.154331620356,巡航,109.23751796153846,23.022015838461538,273.0566101074219,0.0
T021,4429.942725349582,巡航,109.2370418,23.0210511,273.0566101074219,0.0
T021,4439.731119078809,巡航,109.23656563846154,23.02008636153846,273.0566101074219,0.0
T021,4449.519512808034,巡航,109.23608947692308,23.019121623076924,273.0566101074219,0.0
T021,4459.30790653726,巡航,109.23561331538461,23.018156884615383,273.0566101074219,0.0
T021,4469.096300266486,巡航,109.23513715384615,23.017192146153846,273.0566101074219,0.0
T021,4478.884693995712,巡航,109.2346609923077,23.016227407692305,273.0566101074219,0.0
T021,4488.673087724938,巡航,109.23418483076924,23.01526266923077,273.0566101074219,0.0
T021,4498.461481454164,巡航,109.23370866923077,23.01429793076923,273.0566101074219,0.0
T021,4508.24987518339,巡航,109.2332325076923,23.01333319230769,273.0566101074219,0.0
T021,4518.038268912616,巡航,109.23275634615385,23.012368453846154,273.0566101074219,0.0
T021,4527.826662641842,巡航,109.23228018461539,23.011403715384613,273.0566101074219,0.0
T021,4537.615056371068,巡航,109.23180402307692,23.010438976923076,273.0566101074219,0.0
T021,4547.403450100293,巡航,109.23132786153846,23.009474238461536,273.0566101074219,0.0
T021,4557.19184382952,巡航,109.2308517,23.0085095,273.0566101074219,0.0
T021,4557.19184382952,下降,109.2308517,23.0085095,273.0566101074219,0.0
T021,4566.882284503348,下降,109.2308517,23.0085095,248.83050842285155,0.0
T021,4576.572725177176,下降,109.2308517,23.0085095,224.60440673828126,0.0
T021,4586.2631658510045,下降,109.2308517,23.0085095,200.37830505371093,0.0
T021,4595.953606524833,下降,109.2308517,23.0085095,176.15220336914064,0.0
T021,4605.644047198661,下降,109.2308517,23.0085095,151.9261016845703,0.0
T021,4615.334487872489,下降,109.2308517,23.0085095,127.69999999999999,0.0
T022,3665.9646704365687,准备装载,109.2308517,23.0085095,127.7,14.0
T022,3675.9646704365687,准备装载,109.2308517,23.0085095,127.7,14.0
T022,3685.9646704365687,准备装载,109.2308517,23.0085095,127.7,14.0
T022,3695.9646704365687,准备装载,109.2308517,23.0085095,127.7,14.0
T022,3705.9646704365687,准备装载,109.2308517,23.0085095,127.7,14.0
T022,3715.9646704365687,准备装载,109.2308517,23.0085095,127.7,14.0
T022,3725.9646704365687,准备装载,109.2308517,23.0085095,127.7,14.0
T022,3735.9646704365687,准备装载,109.2308517,23.0085095,127.7,14.0
T022,3745.9646704365687,准备装载,109.2308517,23.0085095,127.7,14.0
T022,3755.9646704365687,准备装载,109.2308517,23.0085095,127.7,14.0
T022,3765.9646704365687,准备装载,109.2308517,23.0085095,127.7,14.0
T022,3775.9646704365687,准备装载,109.2308517,23.0085095,127.7,14.0
T022,3785.9646704365687,准备装载,109.2308517,23.0085095,127.7,14.0
T022,3795.9646704365687,准备装载,109.2308517,23.0085095,127.7,14.0
T022,3805.9646704365687,准备装载,109.2308517,23.0085095,127.7,14.0
T022,3815.9646704365687,准备装载,109.2308517,23.0085095,127.7,14.0
T022,3825.9646704365687,准备装载,109.2308517,23.0085095,127.7,14.0
T022,3835.9646704365687,准备装载,109.2308517,23.0085095,127.7,14.0
T022,3845.9646704365687,准备装载,109.2308517,23.0085095,127.7,14.0
T022,3855.9646704365687,准备装载,109.2308517,23.0085095,127.7,14.0
T022,3865.9646704365687,准备装载,109.2308517,23.0085095,127.7,14.0
T022,3875.9646704365687,准备装载,109.2308517,23.0085095,127.7,14.0
T022,3885.9646704365687,准备装载,109.2308517,23.0085095,127.7,14.0
T022,3895.9646704365687,准备装载,109.2308517,23.0085095,127.7,14.0
T022,3905.9646704365687,准备装载,109.2308517,23.0085095,127.7,14.0
T022,3915.9646704365687,准备装载,109.2308517,23.0085095,127.7,14.0
T022,3925.9646704365687,准备装载,109.2308517,23.0085095,127.7,14.0
T022,3935.9646704365687,准备装载,109.2308517,23.0085095,127.7,14.0
T022,3945.9646704365687,准备装载,109.2308517,23.0085095,127.7,14.0
T022,3955.9646704365687,准备装载,109.2308517,23.0085095,127.7,14.0
T022,3965.9646704365687,准备装载,109.2308517,23.0085095,127.7,14.0
T022,3975.9646704365687,准备装载,109.2308517,23.0085095,127.7,14.0
T022,3985.9646704365687,准备装载,109.2308517,23.0085095,127.7,14.0
T022,3995.9646704365687,准备装载,109.2308517,23.0085095,127.7,14.0
T022,3995.9646704365687,爬升,109.2308517,23.0085095,127.7,14.0
T022,4005.655111110397,爬升,109.2308517,23.0085095,156.77132202148437,14.0
T022,4015.345551784225,爬升,109.2308517,23.0085095,185.84264404296874,14.0
T022,4025.035992458053,爬升,109.2308517,23.0085095,214.91396606445315,14.0
T022,4034.726433131881,爬升,109.2308517,23.0085095,243.9852880859375,14.0
T022,4044.416873805709,爬升,109.2308517,23.0085095,273.0566101074219,14.0
T022,4044.416873805709,巡航,109.2308517,23.0085095,273.0566101074219,14.0
T022,4054.205267534935,巡航,109.23132786153846,23.009474238461536,273.0566101074219,14.0
T022,4063.9936612641613,巡航,109.23180402307692,23.010438976923076,273.0566101074219,14.0
T022,4073.782054993387,巡航,109.23228018461539,23.011403715384613,273.0566101074219,14.0
T022,4083.570448722613,巡航,109.23275634615385,23.012368453846154,273.0566101074219,14.0
T022,4093.358842451839,巡航,109.2332325076923,23.01333319230769,273.0566101074219,14.0
T022,4103.147236181065,巡航,109.23370866923077,23.01429793076923,273.0566101074219,14.0
T022,4112.935629910291,巡航,109.23418483076924,23.01526266923077,273.0566101074219,14.0
T022,4122.724023639517,巡航,109.2346609923077,23.016227407692305,273.0566101074219,14.0
T022,4132.512417368743,巡航,109.23513715384615,23.017192146153846,273.0566101074219,14.0
T022,4142.300811097969,巡航,109.23561331538461,23.018156884615383,273.0566101074219,14.0
T022,4152.089204827194,巡航,109.23608947692308,23.019121623076924,273.0566101074219,14.0
T022,4161.877598556421,巡航,109.23656563846154,23.02008636153846,273.0566101074219,14.0
T022,4171.665992285647,巡航,109.2370418,23.0210511,273.0566101074219,14.0
T022,4181.454386014872,巡航,109.23751796153846,23.022015838461538,273.0566101074219,14.0
T022,4191.242779744099,巡航,109.23799412307692,23.022980576923075,273.0566101074219,14.0
T022,4201.031173473325,巡航,109.23847028461539,23.023945315384616,273.0566101074219,14.0
T022,4210.81956720255,巡航,109.23894644615385,23.024910053846153,273.0566101074219,14.0
T022,4220.607960931777,巡航,109.2394226076923,23.025874792307693,273.0566101074219,14.0
T022,4230.396354661003,巡航,109.23989876923076,23.02683953076923,273.0566101074219,14.0
T022,4240.184748390228,巡航,109.24037493076924,23.027804269230767,273.0566101074219,14.0
T022,4249.973142119455,巡航,109.2408510923077,23.028769007692308,273.0566101074219,14.0
T022,4259.76153584868,巡航,109.24132725384615,23.029733746153845,273.0566101074219,14.0
T022,4269.549929577906,巡航,109.24180341538461,23.030698484615385,273.0566101074219,14.0
T022,4279.338323307133,巡航,109.24227957692308,23.031663223076922,273.0566101074219,14.0
T022,4289.126717036358,巡航,109.24275573846154,23.032627961538463,273.0566101074219,14.0
T022,4298.915110765584,巡航,109.2432319,23.0335927,273.0566101074219,14.0
T022,4298.915110765584,下降,109.2432319,23.0335927,273.0566101074219,14.0
T022,4307.820771776326,下降,109.2432319,23.0335927,250.7924575805664,14.0
T022,4316.726432787069,下降,109.2432319,23.0335927,228.52830505371094,14.0
T022,4325.632093797811,下降,109.2432319,23.0335927,206.26415252685547,14.0
T022,4334.537754808553,下降,109.2432319,23.0335927,184.0,14.0
T022,4334.537754808553,交接,109.2432319,23.0335927,184.0,14.0
T022,4344.537754808553,交接,109.2432319,23.0335927,184.0,14.0
T022,4354.537754808553,交接,109.2432319,23.0335927,184.0,14.0
T022,4364.537754808553,交接,109.2432319,23.0335927,184.0,14.0
T022,4374.537754808553,交接,109.2432319,23.0335927,184.0,14.0
T022,4384.537754808553,交接,109.2432319,23.0335927,184.0,14.0
T022,4394.537754808553,交接,109.2432319,23.0335927,184.0,14.0
T022,4404.537754808553,交接,109.2432319,23.0335927,184.0,14.0
T022,4414.537754808553,交接,109.2432319,23.0335927,184.0,14.0
T022,4424.537754808553,交接,109.2432319,23.0335927,184.0,14.0
T022,4434.537754808553,交接,109.2432319,23.0335927,184.0,14.0
T022,4444.537754808553,交接,109.2432319,23.0335927,184.0,14.0
T022,4454.537754808553,交接,109.2432319,23.0335927,184.0,14.0
T022,4464.537754808553,交接,109.2432319,23.0335927,184.0,14.0
T022,4474.537754808553,交接,109.2432319,23.0335927,184.0,14.0
T022,4484.537754808553,交接,109.2432319,23.0335927,184.0,14.0
T022,4494.537754808553,交接,109.2432319,23.0335927,184.0,14.0
T022,4504.537754808553,交接,109.2432319,23.0335927,184.0,14.0
T022,4514.537754808553,交接,109.2432319,23.0335927,184.0,14.0
T022,4514.537754808553,爬升,109.2432319,23.0335927,184.0,0.0
T022,4524.432933709378,爬升,109.2432319,23.0335927,213.68553670247397,0.0
T022,4534.328112610202,爬升,109.2432319,23.0335927,243.3710734049479,0.0
T022,4544.223291511027,爬升,109.2432319,23.0335927,273.0566101074219,0.0
T022,4544.223291511027,巡航,109.2432319,23.0335927,273.0566101074219,0.0
T022,4554.011685240253,巡航,109.24275573846154,23.032627961538463,273.0566101074219,0.0
T022,4563.800078969479,巡航,109.24227957692308,23.031663223076922,273.0566101074219,0.0
T022,4573.588472698705,巡航,109.24180341538461,23.030698484615385,273.0566101074219,0.0
T022,4583.3768664279305,巡航,109.24132725384615,23.029733746153845,273.0566101074219,0.0
T022,4593.165260157157,巡航,109.2408510923077,23.028769007692308,273.0566101074219,0.0
T022,4602.953653886383,巡航,109.24037493076924,23.027804269230767,273.0566101074219,0.0
T022,4612.7420476156085,巡航,109.23989876923076,23.02683953076923,273.0566101074219,0.0
T022,4622.530441344835,巡航,109.2394226076923,23.025874792307693,273.0566101074219,0.0
T022,4632.318835074061,巡航,109.23894644615385,23.024910053846153,273.0566101074219,0.0
T022,4642.1072288032865,巡航,109.23847028461539,23.023945315384616,273.0566101074219,0.0
T022,4651.895622532513,巡航,109.23799412307692,23.022980576923075,273.0566101074219,0.0
T022,4661.684016261738,巡航,109.23751796153846,23.022015838461538,273.0566101074219,0.0
T022,4671.4724099909645,巡航,109.2370418,23.0210511,273.0566101074219,0.0
T022,4681.260803720191,巡航,109.23656563846154,23.02008636153846,273.0566101074219,0.0
T022,4691.049197449416,巡航,109.23608947692308,23.019121623076924,273.0566101074219,0.0
T022,4700.8375911786425,巡航,109.23561331538461,23.018156884615383,273.0566101074219,0.0
T022,4710.625984907868,巡航,109.23513715384615,23.017192146153846,273.0566101074219,0.0
T022,4720.414378637094,巡航,109.2346609923077,23.016227407692305,273.0566101074219,0.0
T022,4730.2027723663205,巡航,109.23418483076924,23.01526266923077,273.0566101074219,0.0
T022,4739.991166095546,巡航,109.23370866923077,23.01429793076923,273.0566101074219,0.0
T022,4749.779559824772,巡航,109.2332325076923,23.01333319230769,273.0566101074219,0.0
T022,4759.567953553998,巡航,109.23275634615385,23.012368453846154,273.0566101074219,0.0
T022,4769.356347283224,巡航,109.23228018461539,23.011403715384613,273.0566101074219,0.0
T022,4779.14474101245,巡航,109.23180402307692,23.010438976923076,273.0566101074219,0.0
T022,4788.9331347416755,巡航,109.23132786153846,23.009474238461536,273.0566101074219,0.0
T022,4798.721528470902,巡航,109.2308517,23.0085095,273.0566101074219,0.0
T022,4798.721528470902,下降,109.2308517,23.0085095,273.0566101074219,0.0
T022,4808.41196914473,下降,109.2308517,23.0085095,248.83050842285155,0.0
T022,4818.102409818558,下降,109.2308517,23.0085095,224.60440673828126,0.0
T022,4827.792850492387,下降,109.2308517,23.0085095,200.37830505371093,0.0
T022,4837.483291166215,下降,109.2308517,23.0085095,176.15220336914064,0.0
T022,4847.173731840043,下降,109.2308517,23.0085095,151.9261016845703,0.0
T022,4856.864172513871,下降,109.2308517,23.0085095,127.69999999999999,0.0
T023,3937.2619219931075,准备装载,109.2308517,23.0085095,127.7,14.0
T023,3947.2619219931075,准备装载,109.2308517,23.0085095,127.7,14.0
T023,3957.2619219931075,准备装载,109.2308517,23.0085095,127.7,14.0
T023,3967.2619219931075,准备装载,109.2308517,23.0085095,127.7,14.0
T023,3977.2619219931075,准备装载,109.2308517,23.0085095,127.7,14.0
T023,3987.2619219931075,准备装载,109.2308517,23.0085095,127.7,14.0
T023,3997.2619219931075,准备装载,109.2308517,23.0085095,127.7,14.0
T023,4007.2619219931075,准备装载,109.2308517,23.0085095,127.7,14.0
T023,4017.2619219931075,准备装载,109.2308517,23.0085095,127.7,14.0
T023,4027.2619219931075,准备装载,109.2308517,23.0085095,127.7,14.0
T023,4037.2619219931075,准备装载,109.2308517,23.0085095,127.7,14.0
T023,4047.2619219931075,准备装载,109.2308517,23.0085095,127.7,14.0
T023,4057.2619219931075,准备装载,109.2308517,23.0085095,127.7,14.0
T023,4067.2619219931075,准备装载,109.2308517,23.0085095,127.7,14.0
T023,4077.2619219931075,准备装载,109.2308517,23.0085095,127.7,14.0
T023,4087.2619219931075,准备装载,109.2308517,23.0085095,127.7,14.0
T023,4097.2619219931075,准备装载,109.2308517,23.0085095,127.7,14.0
T023,4107.2619219931075,准备装载,109.2308517,23.0085095,127.7,14.0
T023,4117.2619219931075,准备装载,109.2308517,23.0085095,127.7,14.0
T023,4127.2619219931075,准备装载,109.2308517,23.0085095,127.7,14.0
T023,4137.2619219931075,准备装载,109.2308517,23.0085095,127.7,14.0
T023,4147.2619219931075,准备装载,109.2308517,23.0085095,127.7,14.0
T023,4157.2619219931075,准备装载,109.2308517,23.0085095,127.7,14.0
T023,4167.2619219931075,准备装载,109.2308517,23.0085095,127.7,14.0
T023,4177.2619219931075,准备装载,109.2308517,23.0085095,127.7,14.0
T023,4187.2619219931075,准备装载,109.2308517,23.0085095,127.7,14.0
T023,4197.2619219931075,准备装载,109.2308517,23.0085095,127.7,14.0
T023,4207.2619219931075,准备装载,109.2308517,23.0085095,127.7,14.0
T023,4217.2619219931075,准备装载,109.2308517,23.0085095,127.7,14.0
T023,4227.2619219931075,准备装载,109.2308517,23.0085095,127.7,14.0
T023,4237.2619219931075,准备装载,109.2308517,23.0085095,127.7,14.0
T023,4247.2619219931075,准备装载,109.2308517,23.0085095,127.7,14.0
T023,4257.2619219931075,准备装载,109.2308517,23.0085095,127.7,14.0
T023,4267.2619219931075,准备装载,109.2308517,23.0085095,127.7,14.0
T023,4267.2619219931075,爬升,109.2308517,23.0085095,127.7,14.0
T023,4275.89307695265,爬升,109.2308517,23.0085095,153.59346487862723,14.0
T023,4284.524231912193,爬升,109.2308517,23.0085095,179.48692975725447,14.0
T023,4293.155386871735,爬升,109.2308517,23.0085095,205.38039463588171,14.0
T023,4301.786541831278,爬升,109.2308517,23.0085095,231.27385951450893,14.0
T023,4310.41769679082,爬升,109.2308517,23.0085095,257.16732439313614,14.0
T023,4319.048851750363,爬升,109.2308517,23.0085095,283.0607892717634,14.0
T023,4327.680006709905,爬升,109.2308517,23.0085095,308.9542541503906,14.0
T023,4327.680006709905,巡航,109.2308517,23.0085095,308.9542541503906,14.0
T023,4337.64144549362,巡航,109.23129847741936,23.009506558064516,308.9542541503906,14.0
T023,4347.602884277336,巡航,109.23174525483871,23.010503616129032,308.9542541503906,14.0
T023,4357.56432306105,巡航,109.23219203225807,23.01150067419355,308.9542541503906,14.0
T023,4367.525761844766,巡航,109.23263880967743,23.012497732258062,308.9542541503906,14.0
T023,4377.487200628481,巡航,109.23308558709678,23.01349479032258,308.9542541503906,14.0
T023,4387.448639412197,巡航,109.23353236451614,23.014491848387095,308.9542541503906,14.0
T023,4397.410078195911,巡航,109.23397914193549,23.015488906451612,308.9542541503906,14.0
T023,4407.371516979627,巡航,109.23442591935483,23.01648596451613,308.9542541503906,14.0
T023,4417.332955763342,巡航,109.23487269677419,23.017483022580645,308.9542541503906,14.0
T023,4427.294394547058,巡航,109.23531947419355,23.018480080645162,308.9542541503906,14.0
T023,4437.255833330773,巡航,109.2357662516129,23.019477138709675,308.9542541503906,14.0
T023,4447.217272114488,巡航,109.23621302903226,23.02047419677419,308.9542541503906,14.0
T023,4457.1787108982035,巡航,109.23665980645161,23.02147125483871,308.9542541503906,14.0
T023,4467.140149681919,巡航,109.23710658387097,23.022468312903225,308.9542541503906,14.0
T023,4477.101588465634,巡航,109.23755336129032,23.02346537096774,308.9542541503906,14.0
T023,4487.063027249349,巡航,109.23800013870968,23.02446242903226,308.9542541503906,14.0
T023,4497.0244660330645,巡航,109.23844691612904,23.025459487096775,308.9542541503906,14.0
T023,4506.98590481678,巡航,109.23889369354839,23.026456545161288,308.9542541503906,14.0
T023,4516.9473436004955,巡航,109.23934047096775,23.027453603225805,308.9542541503906,14.0
T023,4526.90878238421,巡航,109.2397872483871,23.02845066129032,308.9542541503906,14.0
T023,4536.870221167926,巡航,109.24023402580646,23.029447719354838,308.9542541503906,14.0
T023,4546.831659951641,巡航,109.24068080322581,23.030444777419355,308.9542541503906,14.0
T023,4556.793098735357,巡航,109.24112758064517,23.03144183548387,308.9542541503906,14.0
T023,4566.754537519072,巡航,109.24157435806451,23.032438893548388,308.9542541503906,14.0
T023,4576.715976302787,巡航,109.24202113548387,23.0334359516129,308.9542541503906,14.0
T023,4586.677415086502,巡航,109.24246791290322,23.034433009677418,308.9542541503906,14.0
T023,4596.638853870218,巡航,109.24291469032258,23.035430067741935,308.9542541503906,14.0
T023,4606.600292653933,巡航,109.24336146774193,23.03642712580645,308.9542541503906,14.0
T023,4616.561731437648,巡航,109.24380824516129,23.037424183870968,308.9542541503906,14.0
T023,4626.523170221363,巡航,109.24425502258065,23.038421241935485,308.9542541503906,14.0
T023,4636.484609005079,巡航,109.2447018,23.0394183,308.9542541503906,14.0
T023,4646.446047788794,巡航,109.24514857741936,23.040415358064514,308.9542541503906,14.0
T023,4656.407486572509,巡航,109.24559535483871,23.04141241612903,308.9542541503906,14.0
T023,4666.368925356224,巡航,109.24604213225807,23.042409474193548,308.9542541503906,14.0
T023,4676.33036413994,巡航,109.24648890967742,23.043406532258064,308.9542541503906,14.0
T023,4686.291802923655,巡航,109.24693568709678,23.04440359032258,308.9542541503906,14.0
T023,4696.253241707371,巡航,109.24738246451614,23.045400648387098,308.9542541503906,14.0
T023,4706.214680491085,巡航,109.24782924193549,23.04639770645161,308.9542541503906,14.0
T023,4716.176119274801,巡航,109.24827601935483,23.047394764516127,308.9542541503906,14.0
T023,4726.137558058516,巡航,109.24872279677419,23.048391822580644,308.9542541503906,14.0
T023,4736.098996842232,巡航,109.24916957419354,23.04938888064516,308.9542541503906,14.0
T023,4746.060435625946,巡航,109.2496163516129,23.050385938709677,308.9542541503906,14.0
T023,4756.021874409662,巡航,109.25006312903226,23.051382996774194,308.9542541503906,14.0
T023,4765.983313193377,巡航,109.25050990645161,23.05238005483871,308.9542541503906,14.0
T023,4775.944751977093,巡航,109.25095668387097,23.053377112903224,308.9542541503906,14.0
T023,4785.906190760808,巡航,109.25140346129032,23.05437417096774,308.9542541503906,14.0
T023,4795.867629544523,巡航,109.25185023870968,23.055371229032257,308.9542541503906,14.0
T023,4805.8290683282385,巡航,109.25229701612903,23.056368287096774,308.9542541503906,14.0
T023,4815.790507111954,巡航,109.25274379354839,23.05736534516129,308.9542541503906,14.0
T023,4825.751945895669,巡航,109.25319057096775,23.058362403225807,308.9542541503906,14.0
T023,4835.713384679384,巡航,109.2536373483871,23.059359461290324,308.9542541503906,14.0
T023,4845.6748234630995,巡航,109.25408412580646,23.060356519354837,308.9542541503906,14.0
T023,4855.636262246815,巡航,109.25453090322581,23.061353577419354,308.9542541503906,14.0
T023,4865.5977010305305,巡航,109.25497768064517,23.06235063548387,308.9542541503906,14.0
T023,4875.559139814246,巡航,109.25542445806451,23.063347693548387,308.9542541503906,14.0
T023,4885.520578597961,巡航,109.25587123548387,23.064344751612904,308.9542541503906,14.0
T023,4895.482017381676,巡航,109.25631801290322,23.06534180967742,308.9542541503906,14.0
T023,4905.443456165392,巡航,109.25676479032258,23.066338867741937,308.9542541503906,14.0
T023,4915.404894949107,巡航,109.25721156774193,23.06733592580645,308.9542541503906,14.0
T023,4925.366333732822,巡航,109.25765834516129,23.068332983870967,308.9542541503906,14.0
T023,4935.327772516537,巡航,109.25810512258064,23.069330041935483,308.9542541503906,14.0
T023,4945.289211300253,巡航,109.2585519,23.0703271,308.9542541503906,14.0
T023,4945.289211300253,下降,109.2585519,23.0703271,308.9542541503906,14.0
T023,4954.234636715291,下降,109.2585519,23.0703271,286.59069061279297,14.0
T023,4963.180062130331,下降,109.2585519,23.0703271,264.2271270751953,14.0
T023,4972.125487545371,下降,109.2585519,23.0703271,241.86356353759766,14.0
T023,4981.070912960409,下降,109.2585519,23.0703271,219.5,14.0
T023,4981.070912960409,交接,109.2585519,23.0703271,219.5,14.0
T023,4991.070912960409,交接,109.2585519,23.0703271,219.5,14.0
T023,5001.070912960409,交接,109.2585519,23.0703271,219.5,14.0
T023,5011.070912960409,交接,109.2585519,23.0703271,219.5,14.0
T023,5021.070912960409,交接,109.2585519,23.0703271,219.5,14.0
T023,5031.070912960409,交接,109.2585519,23.0703271,219.5,14.0
T023,5041.070912960409,交接,109.2585519,23.0703271,219.5,14.0
T023,5051.070912960409,交接,109.2585519,23.0703271,219.5,14.0
T023,5061.070912960409,交接,109.2585519,23.0703271,219.5,14.0
T023,5071.070912960409,交接,109.2585519,23.0703271,219.5,14.0
T023,5081.070912960409,交接,109.2585519,23.0703271,219.5,14.0
T023,5091.070912960409,交接,109.2585519,23.0703271,219.5,14.0
T023,5101.070912960409,交接,109.2585519,23.0703271,219.5,14.0
T023,5111.070912960409,交接,109.2585519,23.0703271,219.5,14.0
T023,5121.070912960409,交接,109.2585519,23.0703271,219.5,14.0
T023,5131.070912960409,交接,109.2585519,23.0703271,219.5,14.0
T023,5141.070912960409,交接,109.2585519,23.0703271,219.5,14.0
T023,5151.070912960409,交接,109.2585519,23.0703271,219.5,14.0
T023,5161.070912960409,交接,109.2585519,23.0703271,219.5,14.0
T023,5161.070912960409,爬升,109.2585519,23.0703271,219.5,0.0
T023,5171.010274532675,爬升,109.2585519,23.0703271,249.31808471679688,0.0
T023,5180.9496361049405,爬升,109.2585519,23.0703271,279.13616943359375,0.0
T023,5190.888997677206,爬升,109.2585519,23.0703271,308.9542541503906,0.0
T023,5190.888997677206,巡航,109.2585519,23.0703271,308.9542541503906,0.0
T023,5200.850436460922,巡航,109.25810512258064,23.069330041935483,308.9542541503906,0.0
T023,5210.811875244637,巡航,109.25765834516129,23.068332983870967,308.9542541503906,0.0
T023,5220.773314028352,巡航,109.25721156774193,23.06733592580645,308.9542541503906,0.0
T023,5230.734752812067,巡航,109.25676479032258,23.066338867741937,308.9542541503906,0.0
T023,5240.696191595783,巡航,109.25631801290322,23.06534180967742,308.9542541503906,0.0
T023,5250.657630379498,巡航,109.25587123548387,23.064344751612904,308.9542541503906,0.0
T023,5260.619069163214,巡航,109.25542445806451,23.063347693548387,308.9542541503906,0.0
T023,5270.580507946928,巡航,109.25497768064517,23.06235063548387,308.9542541503906,0.0
T023,5280.541946730644,巡航,109.25453090322581,23.061353577419354,308.9542541503906,0.0
T023,5290.503385514359,巡航,109.25408412580646,23.060356519354837,308.9542541503906,0.0
T023,5300.464824298075,巡航,109.2536373483871,23.059359461290324,308.9542541503906,0.0
T023,5310.426263081789,巡航,109.25319057096775,23.058362403225807,308.9542541503906,0.0
T023,5320.387701865505,巡航,109.25274379354839,23.05736534516129,308.9542541503906,0.0
T023,5330.34914064922,巡航,109.25229701612903,23.056368287096774,308.9542541503906,0.0
T023,5340.310579432936,巡航,109.25185023870968,23.055371229032257,308.9542541503906,0.0
T023,5350.272018216651,巡航,109.25140346129032,23.05437417096774,308.9542541503906,0.0
T023,5360.233457000366,巡航,109.25095668387097,23.053377112903224,308.9542541503906,0.0
T023,5370.194895784081,巡航,109.25050990645161,23.05238005483871,308.9542541503906,0.0
T023,5380.156334567797,巡航,109.25006312903226,23.051382996774194,308.9542541503906,0.0
T023,5390.117773351512,巡航,109.2496163516129,23.050385938709677,308.9542541503906,0.0
T023,5400.079212135228,巡航,109.24916957419354,23.04938888064516,308.9542541503906,0.0
T023,5410.040650918942,巡航,109.24872279677419,23.048391822580644,308.9542541503906,0.0
T023,5420.002089702658,巡航,109.24827601935483,23.047394764516127,308.9542541503906,0.0
T023,5429.963528486373,巡航,109.24782924193549,23.04639770645161,308.9542541503906,0.0
T023,5439.924967270089,巡航,109.24738246451614,23.045400648387098,308.9542541503906,0.0
T023,5449.8864060538035,巡航,109.24693568709678,23.04440359032258,308.9542541503906,0.0
T023,5459.847844837519,巡航,109.24648890967742,23.043406532258064,308.9542541503906,0.0
T023,5469.8092836212345,巡航,109.24604213225807,23.042409474193548,308.9542541503906,0.0
T023,5479.77072240495,巡航,109.24559535483871,23.04141241612903,308.9542541503906,0.0
T023,5489.7321611886655,巡航,109.24514857741936,23.040415358064514,308.9542541503906,0.0
T023,5499.693599972381,巡航,109.2447018,23.0394183,308.9542541503906,0.0
T023,5509.655038756096,巡航,109.24425502258065,23.038421241935485,308.9542541503906,0.0
T023,5519.616477539811,巡航,109.24380824516129,23.037424183870968,308.9542541503906,0.0
T023,5529.577916323527,巡航,109.24336146774193,23.03642712580645,308.9542541503906,0.0
T023,5539.539355107242,巡航,109.24291469032258,23.035430067741935,308.9542541503906,0.0
T023,5549.500793890957,巡航,109.24246791290322,23.034433009677418,308.9542541503906,0.0
T023,5559.462232674672,巡航,109.24202113548387,23.0334359516129,308.9542541503906,0.0
T023,5569.423671458388,巡航,109.24157435806451,23.032438893548388,308.9542541503906,0.0
T023,5579.385110242103,巡航,109.24112758064517,23.03144183548387,308.9542541503906,0.0
T023,5589.346549025819,巡航,109.24068080322581,23.030444777419355,308.9542541503906,0.0
T023,5599.307987809533,巡航,109.24023402580646,23.029447719354838,308.9542541503906,0.0
T023,5609.269426593249,巡航,109.2397872483871,23.02845066129032,308.9542541503906,0.0
T023,5619.230865376964,巡航,109.23934047096775,23.027453603225805,308.9542541503906,0.0
T023,5629.19230416068,巡航,109.23889369354839,23.026456545161288,308.9542541503906,0.0
T023,5639.153742944395,巡航,109.23844691612904,23.025459487096775,308.9542541503906,0.0
T023,5649.11518172811,巡航,109.23800013870968,23.02446242903226,308.9542541503906,0.0
T023,5659.076620511825,巡航,109.23755336129032,23.02346537096774,308.9542541503906,0.0
T023,5669.038059295541,巡航,109.23710658387097,23.022468312903225,308.9542541503906,0.0
T023,5678.999498079256,巡航,109.23665980645161,23.02147125483871,308.9542541503906,0.0
T023,5688.960936862972,巡航,109.23621302903226,23.02047419677419,308.9542541503906,0.0
T023,5698.922375646686,巡航,109.2357662516129,23.019477138709675,308.9542541503906,0.0
T023,5708.883814430402,巡航,109.23531947419355,23.018480080645162,308.9542541503906,0.0
T023,5718.845253214117,巡航,109.23487269677419,23.017483022580645,308.9542541503906,0.0
T023,5728.806691997833,巡航,109.23442591935483,23.01648596451613,308.9542541503906,0.0
T023,5738.768130781547,巡航,109.23397914193549,23.015488906451612,308.9542541503906,0.0
T023,5748.729569565263,巡航,109.23353236451614,23.014491848387095,308.9542541503906,0.0
T023,5758.691008348978,巡航,109.23308558709678,23.01349479032258,308.9542541503906,0.0
T023,5768.652447132694,巡航,109.23263880967743,23.012497732258062,308.9542541503906,0.0
T023,5778.613885916409,巡航,109.23219203225807,23.01150067419355,308.9542541503906,0.0
T023,5788.575324700125,巡航,109.23174525483871,23.010503616129032,308.9542541503906,0.0
T023,5798.536763483839,巡航,109.23129847741936,23.009506558064516,308.9542541503906,0.0
T023,5808.498202267555,巡航,109.2308517,23.0085095,308.9542541503906,0.0
T023,5808.498202267555,下降,109.2308517,23.0085095,308.9542541503906,0.0
T023,5817.560914975074,下降,109.2308517,23.0085095,286.2974723815918,0.0
T023,5826.623627682594,下降,109.2308517,23.0085095,263.640690612793,0.0
T023,5835.686340390113,下降,109.2308517,23.0085095,240.98390884399413,0.0
T023,5844.749053097633,下降,109.2308517,23.0085095,218.3271270751953,0.0
T023,5853.811765805152,下降,109.2308517,23.0085095,195.67034530639648,0.0
T023,5862.874478512672,下降,109.2308517,23.0085095,173.01356353759763,0.0
T023,5871.937191220191,下降,109.2308517,23.0085095,150.3567817687988,0.0
T023,5880.999903927711,下降,109.2308517,23.0085095,127.69999999999999,0.0
T024,4356.580170341995,准备装载,109.2308517,23.0085095,127.7,14.0
T024,4366.580170341995,准备装载,109.2308517,23.0085095,127.7,14.0
T024,4376.580170341995,准备装载,109.2308517,23.0085095,127.7,14.0
T024,4386.580170341995,准备装载,109.2308517,23.0085095,127.7,14.0
T024,4396.580170341995,准备装载,109.2308517,23.0085095,127.7,14.0
T024,4406.580170341995,准备装载,109.2308517,23.0085095,127.7,14.0
T024,4416.580170341995,准备装载,109.2308517,23.0085095,127.7,14.0
T024,4426.580170341995,准备装载,109.2308517,23.0085095,127.7,14.0
T024,4436.580170341995,准备装载,109.2308517,23.0085095,127.7,14.0
T024,4446.580170341995,准备装载,109.2308517,23.0085095,127.7,14.0
T024,4456.580170341995,准备装载,109.2308517,23.0085095,127.7,14.0
T024,4466.580170341995,准备装载,109.2308517,23.0085095,127.7,14.0
T024,4476.580170341995,准备装载,109.2308517,23.0085095,127.7,14.0
T024,4486.580170341995,准备装载,109.2308517,23.0085095,127.7,14.0
T024,4496.580170341995,准备装载,109.2308517,23.0085095,127.7,14.0
T024,4506.580170341995,准备装载,109.2308517,23.0085095,127.7,14.0
T024,4516.580170341995,准备装载,109.2308517,23.0085095,127.7,14.0
T024,4526.580170341995,准备装载,109.2308517,23.0085095,127.7,14.0
T024,4536.580170341995,准备装载,109.2308517,23.0085095,127.7,14.0
T024,4546.580170341995,准备装载,109.2308517,23.0085095,127.7,14.0
T024,4556.580170341995,准备装载,109.2308517,23.0085095,127.7,14.0
T024,4566.580170341995,准备装载,109.2308517,23.0085095,127.7,14.0
T024,4576.580170341995,准备装载,109.2308517,23.0085095,127.7,14.0
T024,4586.580170341995,准备装载,109.2308517,23.0085095,127.7,14.0
T024,4596.580170341995,准备装载,109.2308517,23.0085095,127.7,14.0
T024,4606.580170341995,准备装载,109.2308517,23.0085095,127.7,14.0
T024,4616.580170341995,准备装载,109.2308517,23.0085095,127.7,14.0
T024,4626.580170341995,准备装载,109.2308517,23.0085095,127.7,14.0
T024,4636.580170341995,准备装载,109.2308517,23.0085095,127.7,14.0
T024,4646.580170341995,准备装载,109.2308517,23.0085095,127.7,14.0
T024,4656.580170341995,准备装载,109.2308517,23.0085095,127.7,14.0
T024,4666.580170341995,准备装载,109.2308517,23.0085095,127.7,14.0
T024,4676.580170341995,准备装载,109.2308517,23.0085095,127.7,14.0
T024,4686.580170341995,准备装载,109.2308517,23.0085095,127.7,14.0
T024,4686.580170341995,爬升,109.2308517,23.0085095,127.7,14.0
T024,4696.513413648472,爬升,109.2308517,23.0085095,157.4997299194336,14.0
T024,4706.44665695495,爬升,109.2308517,23.0085095,187.2994598388672,14.0
T024,4716.379900261429,爬升,109.2308517,23.0085095,217.09918975830078,14.0
T024,4726.313143567906,爬升,109.2308517,23.0085095,246.8989196777344,14.0
T024,4736.2463868743835,爬升,109.2308517,23.0085095,276.69864959716796,14.0
T024,4746.179630180862,爬升,109.2308517,23.0085095,306.4983795166016,14.0
T024,4756.11287348734,爬升,109.2308517,23.0085095,336.2981094360352,14.0
T024,4766.046116793817,爬升,109.2308517,23.0085095,366.09783935546875,14.0
T024,4766.046116793817,巡航,109.2308517,23.0085095,366.09783935546875,14.0
T024,4775.8800926531185,巡航,109.22970102962964,23.008480037037035,366.09783935546875,14.0
T024,4785.71406851242,巡航,109.22855035925926,23.00845057407407,366.09783935546875,14.0
T024,4795.5480443717215,巡航,109.2273996888889,23.00842111111111,366.09783935546875,14.0
T024,4805.382020231023,巡航,109.22624901851852,23.008391648148148,366.09783935546875,14.0
T024,4815.215996090325,巡航,109.22509834814815,23.008362185185185,366.09783935546875,14.0
T024,4825.049971949626,巡航,109.22394767777779,23.00833272222222,366.09783935546875,14.0
T024,4834.883947808928,巡航,109.22279700740741,23.008303259259257,366.09783935546875,14.0
T024,4844.717923668229,巡航,109.22164633703704,23.008273796296294,366.09783935546875,14.0
T024,4854.55189952753,巡航,109.22049566666666,23.008244333333334,366.09783935546875,14.0
T024,4864.385875386832,巡航,109.2193449962963,23.00821487037037,366.09783935546875,14.0
T024,4874.219851246133,巡航,109.21819432592594,23.008185407407407,366.09783935546875,14.0
T024,4884.053827105434,巡航,109.21704365555556,23.008155944444443,366.09783935546875,14.0
T024,4893.887802964736,巡航,109.21589298518519,23.00812648148148,366.09783935546875,14.0
T024,4903.721778824037,巡航,109.21474231481481,23.00809701851852,366.09783935546875,14.0
T024,4913.555754683339,巡航,109.21359164444445,23.008067555555556,366.09783935546875,14.0
T024,4923.38973054264,巡航,109.21244097407407,23.008038092592592,366.09783935546875,14.0
T024,4933.223706401941,巡航,109.2112903037037,23.00800862962963,366.09783935546875,14.0
T024,4943.057682261243,巡航,109.21013963333334,23.007979166666665,366.09783935546875,14.0
T024,4952.891658120544,巡航,109.20898896296296,23.007949703703705,366.09783935546875,14.0
T024,4962.725633979845,巡航,109.2078382925926,23.00792024074074,366.09783935546875,14.0
T024,4972.559609839147,巡航,109.20668762222222,23.007890777777778,366.09783935546875,14.0
T024,4982.393585698448,巡航,109.20553695185185,23.007861314814814,366.09783935546875,14.0
T024,4992.22756155775,巡航,109.20438628148149,23.00783185185185,366.09783935546875,14.0
T024,5002.061537417051,巡航,109.20323561111111,23.007802388888887,366.09783935546875,14.0
T024,5011.895513276352,巡航,109.20208494074075,23.007772925925927,366.09783935546875,14.0
T024,5021.729489135654,巡航,109.20093427037037,23.007743462962964,366.09783935546875,14.0
T024,5031.563464994955,巡航,109.1997836,23.007714,366.09783935546875,14.0
T024,5031.563464994955,下降,109.1997836,23.007714,366.09783935546875,14.0
T024,5038.403176909018,下降,109.1997836,23.007714,348.9985595703125,14.0
T024,5045.242888823081,下降,109.1997836,23.007714,331.89927978515624,14.0
T024,5052.082600737143,下降,109.1997836,23.007714,314.8,14.0
T024,5052.082600737143,交接,109.1997836,23.007714,314.8,14.0
T024,5062.082600737143,交接,109.1997836,23.007714,314.8,14.0
T024,5072.082600737143,交接,109.1997836,23.007714,314.8,14.0
T024,5082.082600737143,交接,109.1997836,23.007714,314.8,14.0
T024,5092.082600737143,交接,109.1997836,23.007714,314.8,14.0
T024,5102.082600737143,交接,109.1997836,23.007714,314.8,14.0
T024,5112.082600737143,交接,109.1997836,23.007714,314.8,14.0
T024,5122.082600737143,交接,109.1997836,23.007714,314.8,14.0
T024,5132.082600737143,交接,109.1997836,23.007714,314.8,14.0
T024,5142.082600737143,交接,109.1997836,23.007714,314.8,14.0
T024,5152.082600737143,交接,109.1997836,23.007714,314.8,14.0
T024,5162.082600737143,交接,109.1997836,23.007714,314.8,14.0
T024,5172.082600737143,交接,109.1997836,23.007714,314.8,14.0
T024,5182.082600737143,交接,109.1997836,23.007714,314.8,14.0
T024,5192.082600737143,交接,109.1997836,23.007714,314.8,14.0
T024,5202.082600737143,交接,109.1997836,23.007714,314.8,14.0
T024,5212.082600737143,交接,109.1997836,23.007714,314.8,14.0
T024,5222.082600737143,交接,109.1997836,23.007714,314.8,14.0
T024,5232.082600737143,交接,109.1997836,23.007714,314.8,14.0
T024,5232.082600737143,爬升,109.1997836,23.007714,314.8,0.0
T024,5240.632240629721,爬升,109.1997836,23.007714,340.44891967773435,0.0
T024,5249.181880522299,爬升,109.1997836,23.007714,366.09783935546875,0.0
T024,5249.181880522299,巡航,109.1997836,23.007714,366.09783935546875,0.0
T024,5259.0158563816,巡航,109.20093427037037,23.007743462962964,366.09783935546875,0.0
T024,5268.849832240902,巡航,109.20208494074075,23.007772925925927,366.09783935546875,0.0
T024,5278.683808100203,巡航,109.20323561111111,23.007802388888887,366.09783935546875,0.0
T024,5288.517783959504,巡航,109.20438628148149,23.00783185185185,366.09783935546875,0.0
T024,5298.351759818806,巡航,109.20553695185185,23.007861314814814,366.09783935546875,0.0
T024,5308.185735678107,巡航,109.20668762222222,23.007890777777778,366.09783935546875,0.0
T024,5318.019711537409,巡航,109.2078382925926,23.00792024074074,366.09783935546875,0.0
T024,5327.8536873967105,巡航,109.20898896296296,23.007949703703705,366.09783935546875,0.0
T024,5337.687663256012,巡航,109.21013963333334,23.007979166666665,366.09783935546875,0.0
T024,5347.5216391153135,巡航,109.2112903037037,23.00800862962963,366.09783935546875,0.0
T024,5357.355614974615,巡航,109.21244097407407,23.008038092592592,366.09783935546875,0.0
T024,5367.189590833916,巡航,109.21359164444445,23.008067555555556,366.09783935546875,0.0
T024,5377.023566693218,巡航,109.21474231481481,23.00809701851852,366.09783935546875,0.0
T024,5386.857542552519,巡航,109.21589298518519,23.00812648148148,366.09783935546875,0.0
T024,5396.691518411821,巡航,109.21704365555556,23.008155944444443,366.09783935546875,0.0
T024,5406.525494271122,巡航,109.21819432592594,23.008185407407407,366.09783935546875,0.0
T024,5416.359470130423,巡航,109.2193449962963,23.00821487037037,366.09783935546875,0.0
T024,5426.193445989725,巡航,109.22049566666666,23.008244333333334,366.09783935546875,0.0
T024,5436.027421849026,巡航,109.22164633703704,23.008273796296294,366.09783935546875,0.0
T024,5445.861397708327,巡航,109.22279700740741,23.008303259259257,366.09783935546875,0.0
T024,5455.695373567629,巡航,109.22394767777779,23.00833272222222,366.09783935546875,0.0
T024,5465.52934942693,巡航,109.22509834814815,23.008362185185185,366.09783935546875,0.0
T024,5475.363325286232,巡航,109.22624901851852,23.008391648148148,366.09783935546875,0.0
T024,5485.197301145533,巡航,109.2273996888889,23.00842111111111,366.09783935546875,0.0
T024,5495.031277004834,巡航,109.22855035925926,23.00845057407407,366.09783935546875,0.0
T024,5504.865252864136,巡航,109.22970102962964,23.008480037037035,366.09783935546875,0.0
T024,5514.699228723437,巡航,109.2308517,23.0085095,366.09783935546875,0.0
T024,5514.699228723437,下降,109.2308517,23.0085095,366.09783935546875,0.0
T024,5524.235142297656,下降,109.2308517,23.0085095,342.2580554199219,0.0
T024,5533.7710558718745,下降,109.2308517,23.0085095,318.418271484375,0.0
T024,5543.306969446094,下降,109.2308517,23.0085095,294.5784875488281,0.0
T024,5552.842883020312,下降,109.2308517,23.0085095,270.73870361328125,0.0
T024,5562.378796594531,下降,109.2308517,23.0085095,246.89891967773437,0.0
T024,5571.91471016875,下降,109.2308517,23.0085095,223.05913574218746,0.0
T024,5581.450623742969,下降,109.2308517,23.0085095,199.2193518066406,0.0
T024,5590.986537317188,下降,109.2308517,23.0085095,175.37956787109374,0.0
T024,5600.522450891406,下降,109.2308517,23.0085095,151.53978393554686,0.0
T024,5610.058364465625,下降,109.2308517,23.0085095,127.69999999999999,0.0
T025,4569.3043244592145,准备装载,109.2308517,23.0085095,127.7,14.0
T025,4579.3043244592145,准备装载,109.2308517,23.0085095,127.7,14.0
T025,4589.3043244592145,准备装载,109.2308517,23.0085095,127.7,14.0
T025,4599.3043244592145,准备装载,109.2308517,23.0085095,127.7,14.0
T025,4609.3043244592145,准备装载,109.2308517,23.0085095,127.7,14.0
T025,4619.3043244592145,准备装载,109.2308517,23.0085095,127.7,14.0
T025,4629.3043244592145,准备装载,109.2308517,23.0085095,127.7,14.0
T025,4639.3043244592145,准备装载,109.2308517,23.0085095,127.7,14.0
T025,4649.3043244592145,准备装载,109.2308517,23.0085095,127.7,14.0
T025,4659.3043244592145,准备装载,109.2308517,23.0085095,127.7,14.0
T025,4669.3043244592145,准备装载,109.2308517,23.0085095,127.7,14.0
T025,4679.3043244592145,准备装载,109.2308517,23.0085095,127.7,14.0
T025,4689.3043244592145,准备装载,109.2308517,23.0085095,127.7,14.0
T025,4699.3043244592145,准备装载,109.2308517,23.0085095,127.7,14.0
T025,4709.3043244592145,准备装载,109.2308517,23.0085095,127.7,14.0
T025,4719.3043244592145,准备装载,109.2308517,23.0085095,127.7,14.0
T025,4729.3043244592145,准备装载,109.2308517,23.0085095,127.7,14.0
T025,4739.3043244592145,准备装载,109.2308517,23.0085095,127.7,14.0
T025,4749.3043244592145,准备装载,109.2308517,23.0085095,127.7,14.0
T025,4759.3043244592145,准备装载,109.2308517,23.0085095,127.7,14.0
T025,4769.3043244592145,准备装载,109.2308517,23.0085095,127.7,14.0
T025,4779.3043244592145,准备装载,109.2308517,23.0085095,127.7,14.0
T025,4789.3043244592145,准备装载,109.2308517,23.0085095,127.7,14.0
T025,4799.3043244592145,准备装载,109.2308517,23.0085095,127.7,14.0
T025,4809.3043244592145,准备装载,109.2308517,23.0085095,127.7,14.0
T025,4819.3043244592145,准备装载,109.2308517,23.0085095,127.7,14.0
T025,4829.3043244592145,准备装载,109.2308517,23.0085095,127.7,14.0
T025,4839.3043244592145,准备装载,109.2308517,23.0085095,127.7,14.0
T025,4849.3043244592145,准备装载,109.2308517,23.0085095,127.7,14.0
T025,4859.3043244592145,准备装载,109.2308517,23.0085095,127.7,14.0
T025,4869.3043244592145,准备装载,109.2308517,23.0085095,127.7,14.0
T025,4879.3043244592145,准备装载,109.2308517,23.0085095,127.7,14.0
T025,4889.3043244592145,准备装载,109.2308517,23.0085095,127.7,14.0
T025,4899.3043244592145,准备装载,109.2308517,23.0085095,127.7,14.0
T025,4899.3043244592145,爬升,109.2308517,23.0085095,127.7,14.0
T025,4909.237567765693,爬升,109.2308517,23.0085095,157.4997299194336,14.0
T025,4919.17081107217,爬升,109.2308517,23.0085095,187.2994598388672,14.0
T025,4929.104054378648,爬升,109.2308517,23.0085095,217.09918975830078,14.0
T025,4939.037297685126,爬升,109.2308517,23.0085095,246.8989196777344,14.0
T025,4948.970540991604,爬升,109.2308517,23.0085095,276.69864959716796,14.0
T025,4958.9037842980815,爬升,109.2308517,23.0085095,306.4983795166016,14.0
T025,4968.837027604559,爬升,109.2308517,23.0085095,336.2981094360352,14.0
T025,4978.770270911037,爬升,109.2308517,23.0085095,366.09783935546875,14.0
T025,4978.770270911037,巡航,109.2308517,23.0085095,366.09783935546875,14.0
T025,4988.425447209261,巡航,109.22943951363636,23.00847334090909,366.09783935546875,14.0
T025,4998.080623507483,巡航,109.22802732727273,23.00843718181818,366.09783935546875,14.0
T025,5007.735799805707,巡航,109.22661514090909,23.008401022727273,366.09783935546875,14.0
T025,5017.39097610393,巡航,109.22520295454545,23.008364863636363,366.09783935546875,14.0
T025,5027.046152402153,巡航,109.22379076818181,23.008328704545452,366.09783935546875,14.0
T025,5036.7013287003765,巡航,109.22237858181819,23.008292545454545,366.09783935546875,14.0
T025,5046.356504998599,巡航,109.22096639545455,23.008256386363634,366.09783935546875,14.0
T025,5056.011681296823,巡航,109.21955420909092,23.008220227272727,366.09783935546875,14.0
T025,5065.666857595046,巡航,109.21814202272728,23.00818406818182,366.09783935546875,14.0
T025,5075.322033893269,巡航,109.21672983636364,23.00814790909091,366.09783935546875,14.0
T025,5084.977210191492,巡航,109.21531765,23.008111749999998,366.09783935546875,14.0
T025,5094.632386489716,巡航,109.21390546363637,23.00807559090909,366.09783935546875,14.0
T025,5104.287562787938,巡航,109.21249327727273,23.008039431818183,366.09783935546875,14.0
T025,5113.942739086162,巡航,109.21108109090909,23.008003272727272,366.09783935546875,14.0
T025,5123.5979153843855,巡航,109.20966890454545,23.00796711363636,366.09783935546875,14.0
T025,5133.253091682608,巡航,109.20825671818181,23.007930954545454,366.09783935546875,14.0
T025,5142.908267980832,巡航,109.20684453181819,23.007894795454547,366.09783935546875,14.0
T025,5152.563444279054,巡航,109.20543234545455,23.007858636363636,366.09783935546875,14.0
T025,5162.218620577278,巡航,109.20402015909092,23.007822477272725,366.09783935546875,14.0
T025,5171.873796875501,巡航,109.20260797272728,23.007786318181818,366.09783935546875,14.0
T025,5181.528973173724,巡航,109.20119578636364,23.00775015909091,366.09783935546875,14.0
T025,5191.184149471947,巡航,109.1997836,23.007714,366.09783935546875,14.0
T025,5191.184149471947,下降,109.1997836,23.007714,366.09783935546875,14.0
T025,5198.02386138601,下降,109.1997836,23.007714,348.9985595703125,14.0
T025,5204.863573300073,下降,109.1997836,23.007714,331.89927978515624,14.0
T025,5211.703285214136,下降,109.1997836,23.007714,314.8,14.0
T025,5211.703285214136,交接,109.1997836,23.007714,314.8,14.0
T025,5221.703285214136,交接,109.1997836,23.007714,314.8,14.0
T025,5231.703285214136,交接,109.1997836,23.007714,314.8,14.0
T025,5241.703285214136,交接,109.1997836,23.007714,314.8,14.0
T025,5251.703285214136,交接,109.1997836,23.007714,314.8,14.0
T025,5261.703285214136,交接,109.1997836,23.007714,314.8,14.0
T025,5271.703285214136,交接,109.1997836,23.007714,314.8,14.0
T025,5281.703285214136,交接,109.1997836,23.007714,314.8,14.0
T025,5291.703285214136,交接,109.1997836,23.007714,314.8,14.0
T025,5301.703285214136,交接,109.1997836,23.007714,314.8,14.0
T025,5311.703285214136,交接,109.1997836,23.007714,314.8,14.0
T025,5321.703285214136,交接,109.1997836,23.007714,314.8,14.0
T025,5331.703285214136,交接,109.1997836,23.007714,314.8,14.0
T025,5341.703285214136,交接,109.1997836,23.007714,314.8,14.0
T025,5351.703285214136,交接,109.1997836,23.007714,314.8,14.0
T025,5361.703285214136,交接,109.1997836,23.007714,314.8,14.0
T025,5371.703285214136,交接,109.1997836,23.007714,314.8,14.0
T025,5381.703285214136,交接,109.1997836,23.007714,314.8,14.0
T025,5391.703285214136,交接,109.1997836,23.007714,314.8,14.0
T025,5391.703285214136,爬升,109.1997836,23.007714,314.8,0.0
T025,5400.2529251067135,爬升,109.1997836,23.007714,340.44891967773435,0.0
T025,5408.8025649992915,爬升,109.1997836,23.007714,366.09783935546875,0.0
T025,5408.8025649992915,巡航,109.1997836,23.007714,366.09783935546875,0.0
T025,5418.457741297515,巡航,109.20119578636364,23.00775015909091,366.09783935546875,0.0
T025,5428.112917595738,巡航,109.20260797272728,23.007786318181818,366.09783935546875,0.0
T025,5437.768093893961,巡航,109.20402015909092,23.007822477272725,366.09783935546875,0.0
T025,5447.423270192185,巡航,109.20543234545455,23.007858636363636,366.09783935546875,0.0
T025,5457.078446490407,巡航,109.20684453181819,23.007894795454547,366.09783935546875,0.0
T025,5466.733622788631,巡航,109.20825671818181,23.007930954545454,366.09783935546875,0.0
T025,5476.388799086853,巡航,109.20966890454545,23.00796711363636,366.09783935546875,0.0
T025,5486.043975385077,巡航,109.21108109090909,23.008003272727272,366.09783935546875,0.0
T025,5495.6991516833,巡航,109.21249327727273,23.008039431818183,366.09783935546875,0.0
T025,5505.354327981523,巡航,109.21390546363637,23.00807559090909,366.09783935546875,0.0
T025,5515.009504279747,巡航,109.21531765,23.008111749999998,366.09783935546875,0.0
T025,5524.66468057797,巡航,109.21672983636364,23.00814790909091,366.09783935546875,0.0
T025,5534.319856876193,巡航,109.21814202272728,23.00818406818182,366.09783935546875,0.0
T025,5543.975033174416,巡航,109.21955420909092,23.008220227272727,366.09783935546875,0.0
T025,5553.63020947264,巡航,109.22096639545455,23.008256386363634,366.09783935546875,0.0
T025,5563.285385770862,巡航,109.22237858181819,23.008292545454545,366.09783935546875,0.0
T025,5572.940562069086,巡航,109.22379076818181,23.008328704545455,366.09783935546875,0.0
T025,5582.5957383673085,巡航,109.22520295454545,23.008364863636363,366.09783935546875,0.0
T025,5592.250914665532,巡航,109.22661514090909,23.00840102272727,366.09783935546875,0.0
T025,5601.906090963756,巡航,109.22802732727273,23.00843718181818,366.09783935546875,0.0
T025,5611.561267261978,巡航,109.22943951363636,23.00847334090909,366.09783935546875,0.0
T025,5621.216443560202,巡航,109.2308517,23.0085095,366.09783935546875,0.0
T025,5621.216443560202,下降,109.2308517,23.0085095,366.09783935546875,0.0
T025,5630.752357134421,下降,109.2308517,23.0085095,342.2580554199219,0.0
T025,5640.288270708639,下降,109.2308517,23.0085095,318.418271484375,0.0
T025,5649.824184282858,下降,109.2308517,23.0085095,294.5784875488281,0.0
T025,5659.360097857077,下降,109.2308517,23.0085095,270.73870361328125,0.0
T025,5668.896011431296,下降,109.2308517,23.0085095,246.89891967773437,0.0
T025,5678.431925005514,下降,109.2308517,23.0085095,223.05913574218746,0.0
T025,5687.967838579732,下降,109.2308517,23.0085095,199.2193518066406,0.0
T025,5697.503752153952,下降,109.2308517,23.0085095,175.37956787109374,0.0
T025,5707.039665728171,下降,109.2308517,23.0085095,151.53978393554686,0.0
T025,5716.575579302389,下降,109.2308517,23.0085095,127.69999999999999,0.0
T026,4615.334487872489,准备装载,109.2308517,23.0085095,127.7,14.0
T026,4625.334487872489,准备装载,109.2308517,23.0085095,127.7,14.0
T026,4635.334487872489,准备装载,109.2308517,23.0085095,127.7,14.0
T026,4645.334487872489,准备装载,109.2308517,23.0085095,127.7,14.0
T026,4655.334487872489,准备装载,109.2308517,23.0085095,127.7,14.0
T026,4665.334487872489,准备装载,109.2308517,23.0085095,127.7,14.0
T026,4675.334487872489,准备装载,109.2308517,23.0085095,127.7,14.0
T026,4685.334487872489,准备装载,109.2308517,23.0085095,127.7,14.0
T026,4695.334487872489,准备装载,109.2308517,23.0085095,127.7,14.0
T026,4705.334487872489,准备装载,109.2308517,23.0085095,127.7,14.0
T026,4715.334487872489,准备装载,109.2308517,23.0085095,127.7,14.0
T026,4725.334487872489,准备装载,109.2308517,23.0085095,127.7,14.0
T026,4735.334487872489,准备装载,109.2308517,23.0085095,127.7,14.0
T026,4745.334487872489,准备装载,109.2308517,23.0085095,127.7,14.0
T026,4755.334487872489,准备装载,109.2308517,23.0085095,127.7,14.0
T026,4765.334487872489,准备装载,109.2308517,23.0085095,127.7,14.0
T026,4775.334487872489,准备装载,109.2308517,23.0085095,127.7,14.0
T026,4785.334487872489,准备装载,109.2308517,23.0085095,127.7,14.0
T026,4795.334487872489,准备装载,109.2308517,23.0085095,127.7,14.0
T026,4805.334487872489,准备装载,109.2308517,23.0085095,127.7,14.0
T026,4815.334487872489,准备装载,109.2308517,23.0085095,127.7,14.0
T026,4825.334487872489,准备装载,109.2308517,23.0085095,127.7,14.0
T026,4835.334487872489,准备装载,109.2308517,23.0085095,127.7,14.0
T026,4845.334487872489,准备装载,109.2308517,23.0085095,127.7,14.0
T026,4855.334487872489,准备装载,109.2308517,23.0085095,127.7,14.0
T026,4865.334487872489,准备装载,109.2308517,23.0085095,127.7,14.0
T026,4875.334487872489,准备装载,109.2308517,23.0085095,127.7,14.0
T026,4885.334487872489,准备装载,109.2308517,23.0085095,127.7,14.0
T026,4895.334487872489,准备装载,109.2308517,23.0085095,127.7,14.0
T026,4905.334487872489,准备装载,109.2308517,23.0085095,127.7,14.0
T026,4915.334487872489,准备装载,109.2308517,23.0085095,127.7,14.0
T026,4925.334487872489,准备装载,109.2308517,23.0085095,127.7,14.0
T026,4935.334487872489,准备装载,109.2308517,23.0085095,127.7,14.0
T026,4945.334487872489,准备装载,109.2308517,23.0085095,127.7,14.0
T026,4945.334487872489,爬升,109.2308517,23.0085095,127.7,14.0
T026,4954.352460081148,爬升,109.2308517,23.0085095,154.75391662597656,14.0
T026,4963.370432289807,爬升,109.2308517,23.0085095,181.80783325195313,14.0
T026,4972.388404498466,爬升,109.2308517,23.0085095,208.8617498779297,14.0
T026,4981.406376707125,爬升,109.2308517,23.0085095,235.91566650390627,14.0
T026,4990.424348915783,爬升,109.2308517,23.0085095,262.96958312988284,14.0
T026,4999.442321124442,爬升,109.2308517,23.0085095,290.0234997558594,14.0
T026,5008.460293333101,爬升,109.2308517,23.0085095,317.077416381836,14.0
T026,5017.47826554176,爬升,109.2308517,23.0085095,344.13133300781254,14.0
T026,5026.496237750419,爬升,109.2308517,23.0085095,371.18524963378906,14.0
T026,5035.514209959078,爬升,109.2308517,23.0085095,398.2391662597656,14.0
T026,5035.514209959078,巡航,109.2308517,23.0085095,398.2391662597656,14.0
T026,5045.404846432305,巡航,109.23096431076924,23.009576144615384,398.2391662597656,14.0
T026,5055.295482905532,巡航,109.23107692153846,23.01064278923077,398.2391662597656,14.0
T026,5065.186119378759,巡航,109.2311895323077,23.011709433846153,398.2391662597656,14.0
T026,5075.0767558519865,巡航,109.23130214307693,23.01277607846154,398.2391662597656,14.0
T026,5084.967392325213,巡航,109.23141475384615,23.013842723076923,398.2391662597656,14.0
T026,5094.8580287984405,巡航,109.23152736461539,23.014909367692308,398.2391662597656,14.0
T026,5104.748665271668,巡航,109.23163997538462,23.015976012307693,398.2391662597656,14.0
T026,5114.6393017448945,巡航,109.23175258615385,23.017042656923078,398.2391662597656,14.0
T026,5124.529938218122,巡航,109.23186519692308,23.01810930153846,398.2391662597656,14.0
T026,5134.4205746913485,巡航,109.2319778076923,23.019175946153844,398.2391662597656,14.0
T026,5144.311211164576,巡航,109.23209041846154,23.02024259076923,398.2391662597656,14.0
T026,5154.201847637803,巡航,109.23220302923077,23.021309235384614,398.2391662597656,14.0
T026,5164.09248411103,巡航,109.23231564,23.02237588,398.2391662597656,14.0
T026,5173.983120584257,巡航,109.23242825076923,23.023442524615383,398.2391662597656,14.0
T026,5183.873757057485,巡航,109.23254086153847,23.024509169230768,398.2391662597656,14.0
T026,5193.7643935307115,巡航,109.23265347230769,23.025575813846153,398.2391662597656,14.0
T026,5203.655030003939,巡航,109.23276608307692,23.026642458461538,398.2391662597656,14.0
T026,5213.545666477166,巡航,109.23287869384616,23.027709103076923,398.2391662597656,14.0
T026,5223.436302950393,巡航,109.23299130461538,23.028775747692308,398.2391662597656,14.0
T026,5233.32693942362,巡航,109.23310391538462,23.029842392307692,398.2391662597656,14.0
T026,5243.217575896848,巡航,109.23321652615385,23.030909036923077,398.2391662597656,14.0
T026,5253.108212370074,巡航,109.23332913692307,23.031975681538462,398.2391662597656,14.0
T026,5262.998848843302,巡航,109.23344174769231,23.033042326153847,398.2391662597656,14.0
T026,5272.889485316529,巡航,109.23355435846155,23.034108970769232,398.2391662597656,14.0
T026,5282.780121789756,巡航,109.23366696923077,23.035175615384613,398.2391662597656,14.0
T026,5292.670758262983,巡航,109.23377958,23.036242259999998,398.2391662597656,14.0
T026,5302.56139473621,巡航,109.23389219076923,23.037308904615383,398.2391662597656,14.0
T026,5312.452031209437,巡航,109.23400480153846,23.038375549230768,398.2391662597656,14.0
T026,5322.342667682665,巡航,109.2341174123077,23.039442193846153,398.2391662597656,14.0
T026,5332.233304155891,巡航,109.23423002307692,23.040508838461538,398.2391662597656,14.0
T026,5342.123940629119,巡航,109.23434263384615,23.041575483076922,398.2391662597656,14.0
T026,5352.014577102346,巡航,109.23445524461539,23.042642127692307,398.2391662597656,14.0
T026,5361.905213575573,巡航,109.23456785538461,23.043708772307692,398.2391662597656,14.0
T026,5371.7958500488,巡航,109.23468046615385,23.044775416923077,398.2391662597656,14.0
T026,5381.686486522028,巡航,109.23479307692308,23.045842061538462,398.2391662597656,14.0
T026,5391.577122995254,巡航,109.2349056876923,23.046908706153847,398.2391662597656,14.0
T026,5401.467759468482,巡航,109.23501829846154,23.04797535076923,398.2391662597656,14.0
T026,5411.358395941709,巡航,109.23513090923078,23.049041995384616,398.2391662597656,14.0
T026,5421.249032414936,巡航,109.23524352,23.05010864,398.2391662597656,14.0
T026,5431.139668888163,巡航,109.23535613076923,23.051175284615386,398.2391662597656,14.0
T026,5441.03030536139,巡航,109.23546874153845,23.052241929230767,398.2391662597656,14.0
T026,5450.920941834617,巡航,109.23558135230769,23.053308573846152,398.2391662597656,14.0
T026,5460.811578307845,巡航,109.23569396307693,23.054375218461537,398.2391662597656,14.0
T026,5470.702214781071,巡航,109.23580657384615,23.055441863076922,398.2391662597656,14.0
T026,5480.592851254299,巡航,109.23591918461538,23.056508507692307,398.2391662597656,14.0
T026,5490.483487727526,巡航,109.23603179538462,23.05757515230769,398.2391662597656,14.0
T026,5500.374124200753,巡航,109.23614440615384,23.058641796923077,398.2391662597656,14.0
T026,5510.26476067398,巡航,109.23625701692308,23.05970844153846,398.2391662597656,14.0
T026,5520.155397147208,巡航,109.23636962769231,23.060775086153846,398.2391662597656,14.0
T026,5530.046033620434,巡航,109.23648223846153,23.06184173076923,398.2391662597656,14.0
T026,5539.936670093662,巡航,109.23659484923077,23.062908375384616,398.2391662597656,14.0
T026,5549.827306566889,巡航,109.23670746,23.06397502,398.2391662597656,14.0
T026,5559.717943040116,巡航,109.23682007076923,23.065041664615386,398.2391662597656,14.0
T026,5569.608579513343,巡航,109.23693268153846,23.06610830923077,398.2391662597656,14.0
T026,5579.499215986571,巡航,109.2370452923077,23.067174953846155,398.2391662597656,14.0
T026,5589.389852459797,巡航,109.23715790307692,23.06824159846154,398.2391662597656,14.0
T026,5599.280488933025,巡航,109.23727051384616,23.06930824307692,398.2391662597656,14.0
T026,5609.171125406252,巡航,109.23738312461538,23.070374887692306,398.2391662597656,14.0
T026,5619.061761879479,巡航,109.23749573538461,23.07144153230769,398.2391662597656,14.0
T026,5628.952398352706,巡航,109.23760834615385,23.072508176923076,398.2391662597656,14.0
T026,5638.843034825933,巡航,109.23772095692307,23.07357482153846,398.2391662597656,14.0
T026,5648.73367129916,巡航,109.2378335676923,23.074641466153846,398.2391662597656,14.0
T026,5658.6243077723875,巡航,109.23794617846154,23.07570811076923,398.2391662597656,14.0
T026,5668.514944245614,巡航,109.23805878923076,23.076774755384616,398.2391662597656,14.0
T026,5678.4055807188415,巡航,109.2381714,23.0778414,398.2391662597656,14.0
T026,5678.4055807188415,下降,109.2381714,23.0778414,398.2391662597656,14.0
T026,5688.116390219399,下降,109.2381714,23.0778414,373.96214250837056,14.0
T026,5697.827199719958,下降,109.2381714,23.0778414,349.68511875697544,14.0
T026,5707.538009220516,下降,109.2381714,23.0778414,325.4080950055804,14.0
T026,5717.248818721074,下降,109.2381714,23.0778414,301.13107125418526,14.0
T026,5726.959628221632,下降,109.2381714,23.0778414,276.8540475027902,14.0
T026,5736.67043772219,下降,109.2381714,23.0778414,252.5770237513951,14.0
T026,5746.381247222748,下降,109.2381714,23.0778414,228.3,14.0
T026,5746.381247222748,交接,109.2381714,23.0778414,228.3,14.0
T026,5756.381247222748,交接,109.2381714,23.0778414,228.3,14.0
T026,5766.381247222748,交接,109.2381714,23.0778414,228.3,14.0
T026,5776.381247222748,交接,109.2381714,23.0778414,228.3,14.0
T026,5786.381247222748,交接,109.2381714,23.0778414,228.3,14.0
T026,5796.381247222748,交接,109.2381714,23.0778414,228.3,14.0
T026,5806.381247222748,交接,109.2381714,23.0778414,228.3,14.0
T026,5816.381247222748,交接,109.2381714,23.0778414,228.3,14.0
T026,5826.381247222748,交接,109.2381714,23.0778414,228.3,14.0
T026,5836.381247222748,交接,109.2381714,23.0778414,228.3,14.0
T026,5846.381247222748,交接,109.2381714,23.0778414,228.3,14.0
T026,5856.381247222748,交接,109.2381714,23.0778414,228.3,14.0
T026,5866.381247222748,交接,109.2381714,23.0778414,228.3,14.0
T026,5876.381247222748,交接,109.2381714,23.0778414,228.3,14.0
T026,5886.381247222748,交接,109.2381714,23.0778414,228.3,14.0
T026,5896.381247222748,交接,109.2381714,23.0778414,228.3,14.0
T026,5906.381247222748,交接,109.2381714,23.0778414,228.3,14.0
T026,5916.381247222748,交接,109.2381714,23.0778414,228.3,14.0
T026,5926.381247222748,交接,109.2381714,23.0778414,228.3,14.0
T026,5926.381247222748,爬升,109.2381714,23.0778414,228.3,0.0
T026,5935.822312014958,爬升,109.2381714,23.0778414,256.6231943766276,0.0
T026,5945.263376807166,爬升,109.2381714,23.0778414,284.94638875325523,0.0
T026,5954.704441599375,爬升,109.2381714,23.0778414,313.2695831298828,0.0
T026,5964.145506391585,爬升,109.2381714,23.0778414,341.5927775065104,0.0
T026,5973.586571183793,爬升,109.2381714,23.0778414,369.915971883138,0.0
T026,5983.027635976003,爬升,109.2381714,23.0778414,398.2391662597656,0.0
T026,5983.027635976003,巡航,109.2381714,23.0778414,398.2391662597656,0.0
T026,5992.91827244923,巡航,109.23805878923076,23.076774755384616,398.2391662597656,0.0
T026,6002.808908922457,巡航,109.23794617846154,23.07570811076923,398.2391662597656,0.0
T026,6012.699545395684,巡航,109.2378335676923,23.074641466153846,398.2391662597656,0.0
T026,6022.590181868912,巡航,109.23772095692307,23.07357482153846,398.2391662597656,0.0
T026,6032.480818342138,巡航,109.23760834615385,23.072508176923076,398.2391662597656,0.0
T026,6042.371454815366,巡航,109.23749573538461,23.07144153230769,398.2391662597656,0.0
T026,6052.262091288593,巡航,109.23738312461538,23.070374887692306,398.2391662597656,0.0
T026,6062.15272776182,巡航,109.23727051384616,23.06930824307692,398.2391662597656,0.0
T026,6072.043364235047,巡航,109.23715790307692,23.06824159846154,398.2391662597656,0.0
T026,6081.934000708274,巡航,109.2370452923077,23.067174953846155,398.2391662597656,0.0
T026,6091.824637181501,巡航,109.23693268153846,23.06610830923077,398.2391662597656,0.0
T026,6101.715273654729,巡航,109.23682007076923,23.065041664615386,398.2391662597656,0.0
T026,6111.605910127955,巡航,109.23670746,23.06397502,398.2391662597656,0.0
T026,6121.496546601183,巡航,109.23659484923077,23.062908375384616,398.2391662597656,0.0
T026,6131.38718307441,巡航,109.23648223846153,23.06184173076923,398.2391662597656,0.0
T026,6141.277819547637,巡航,109.23636962769231,23.060775086153846,398.2391662597656,0.0
T026,6151.168456020864,巡航,109.23625701692308,23.05970844153846,398.2391662597656,0.0
T026,6161.059092494092,巡航,109.23614440615384,23.058641796923077,398.2391662597656,0.0
T026,6170.949728967318,巡航,109.23603179538462,23.05757515230769,398.2391662597656,0.0
T026,6180.840365440546,巡航,109.23591918461538,23.056508507692307,398.2391662597656,0.0
T026,6190.731001913773,巡航,109.23580657384615,23.055441863076922,398.2391662597656,0.0
T026,6200.621638387,巡航,109.23569396307693,23.054375218461537,398.2391662597656,0.0
T026,6210.512274860227,巡航,109.23558135230769,23.053308573846152,398.2391662597656,0.0
T026,6220.4029113334545,巡航,109.23546874153845,23.052241929230767,398.2391662597656,0.0
T026,6230.293547806681,巡航,109.23535613076923,23.051175284615386,398.2391662597656,0.0
T026,6240.184184279909,巡航,109.23524352,23.05010864,398.2391662597656,0.0
T026,6250.074820753135,巡航,109.23513090923078,23.049041995384616,398.2391662597656,0.0
T026,6259.965457226363,巡航,109.23501829846154,23.04797535076923,398.2391662597656,0.0
T026,6269.85609369959,巡航,109.2349056876923,23.046908706153847,398.2391662597656,0.0
T026,6279.746730172817,巡航,109.23479307692308,23.045842061538462,398.2391662597656,0.0
T026,6289.637366646044,巡航,109.23468046615385,23.044775416923077,398.2391662597656,0.0
T026,6299.5280031192715,巡航,109.23456785538461,23.043708772307692,398.2391662597656,0.0
T026,6309.418639592498,巡航,109.23445524461539,23.042642127692307,398.2391662597656,0.0
T026,6319.3092760657255,巡航,109.23434263384615,23.041575483076922,398.2391662597656,0.0
T026,6329.199912538953,巡航,109.23423002307692,23.040508838461538,398.2391662597656,0.0
T026,6339.0905490121795,巡航,109.2341174123077,23.039442193846153,398.2391662597656,0.0
T026,6348.981185485407,巡航,109.23400480153846,23.038375549230768,398.2391662597656,0.0
T026,6358.871821958634,巡航,109.23389219076923,23.037308904615383,398.2391662597656,0.0
T026,6368.762458431861,巡航,109.23377958,23.036242259999998,398.2391662597656,0.0
T026,6378.653094905088,巡航,109.23366696923077,23.035175615384613,398.2391662597656,0.0
T026,6388.543731378315,巡航,109.23355435846155,23.034108970769232,398.2391662597656,0.0
T026,6398.434367851542,巡航,109.23344174769231,23.033042326153847,398.2391662597656,0.0
T026,6408.32500432477,巡航,109.23332913692307,23.031975681538462,398.2391662597656,0.0
T026,6418.2156407979965,巡航,109.23321652615385,23.030909036923077,398.2391662597656,0.0
T026,6428.106277271224,巡航,109.23310391538462,23.029842392307692,398.2391662597656,0.0
T026,6437.996913744451,巡航,109.23299130461538,23.028775747692308,398.2391662597656,0.0
T026,6447.887550217678,巡航,109.23287869384616,23.027709103076923,398.2391662597656,0.0
T026,6457.778186690905,巡航,109.23276608307692,23.026642458461538,398.2391662597656,0.0
T026,6467.668823164133,巡航,109.23265347230769,23.025575813846153,398.2391662597656,0.0
T026,6477.559459637359,巡航,109.23254086153847,23.024509169230768,398.2391662597656,0.0
T026,6487.450096110587,巡航,109.23242825076923,23.023442524615383,398.2391662597656,0.0
T026,6497.340732583814,巡航,109.23231564,23.02237588,398.2391662597656,0.0
T026,6507.231369057041,巡航,109.23220302923077,23.021309235384614,398.2391662597656,0.0
T026,6517.122005530268,巡航,109.23209041846154,23.02024259076923,398.2391662597656,0.0
T026,6527.012642003496,巡航,109.2319778076923,23.019175946153844,398.2391662597656,0.0
T026,6536.903278476722,巡航,109.23186519692308,23.01810930153846,398.2391662597656,0.0
T026,6546.79391494995,巡航,109.23175258615385,23.017042656923078,398.2391662597656,0.0
T026,6556.684551423177,巡航,109.23163997538462,23.015976012307693,398.2391662597656,0.0
T026,6566.575187896404,巡航,109.23152736461539,23.014909367692308,398.2391662597656,0.0
T026,6576.465824369631,巡航,109.23141475384615,23.013842723076923,398.2391662597656,0.0
T026,6586.356460842858,巡航,109.23130214307693,23.01277607846154,398.2391662597656,0.0
T026,6596.247097316085,巡航,109.2311895323077,23.011709433846153,398.2391662597656,0.0
T026,6606.137733789313,巡航,109.23107692153846,23.01064278923077,398.2391662597656,0.0
T026,6616.028370262539,巡航,109.23096431076924,23.009576144615384,398.2391662597656,0.0
T026,6625.919006735767,巡航,109.2308517,23.0085095,398.2391662597656,0.0
T026,6625.919006735767,下降,109.2308517,23.0085095,398.2391662597656,0.0
T026,6635.756794599758,下降,109.2308517,23.0085095,373.6446965997869,0.0
T026,6645.59458246375,下降,109.2308517,23.0085095,349.0502269398082,0.0
T026,6655.432370327741,下降,109.2308517,23.0085095,324.4557572798295,0.0
T026,6665.270158191733,下降,109.2308517,23.0085095,299.8612876198508,0.0
T026,6675.107946055724,下降,109.2308517,23.0085095,275.2668179598721,0.0
T026,6684.945733919716,下降,109.2308517,23.0085095,250.67234829989346,0.0
T026,6694.783521783707,下降,109.2308517,23.0085095,226.07787863991476,0.0
T026,6704.621309647699,下降,109.2308517,23.0085095,201.48340897993606,0.0
T026,6714.45909751169,下降,109.2308517,23.0085095,176.88893931995736,0.0
T026,6724.296885375682,下降,109.2308517,23.0085095,152.29446965997866,0.0
T026,6734.134673239673,下降,109.2308517,23.0085095,127.69999999999999,0.0
T027,4675.90373441993,准备装载,109.2308517,23.0085095,127.7,70.0
T027,4685.90373441993,准备装载,109.2308517,23.0085095,127.7,70.0
T027,4695.90373441993,准备装载,109.2308517,23.0085095,127.7,70.0
T027,4705.90373441993,准备装载,109.2308517,23.0085095,127.7,70.0
T027,4715.90373441993,准备装载,109.2308517,23.0085095,127.7,70.0
T027,4725.90373441993,准备装载,109.2308517,23.0085095,127.7,70.0
T027,4735.90373441993,准备装载,109.2308517,23.0085095,127.7,70.0
T027,4745.90373441993,准备装载,109.2308517,23.0085095,127.7,70.0
T027,4755.90373441993,准备装载,109.2308517,23.0085095,127.7,70.0
T027,4765.90373441993,准备装载,109.2308517,23.0085095,127.7,70.0
T027,4775.90373441993,准备装载,109.2308517,23.0085095,127.7,70.0
T027,4785.90373441993,准备装载,109.2308517,23.0085095,127.7,70.0
T027,4795.90373441993,准备装载,109.2308517,23.0085095,127.7,70.0
T027,4805.90373441993,准备装载,109.2308517,23.0085095,127.7,70.0
T027,4815.90373441993,准备装载,109.2308517,23.0085095,127.7,70.0
T027,4825.90373441993,准备装载,109.2308517,23.0085095,127.7,70.0
T027,4835.90373441993,准备装载,109.2308517,23.0085095,127.7,70.0
T027,4845.90373441993,准备装载,109.2308517,23.0085095,127.7,70.0
T027,4855.90373441993,准备装载,109.2308517,23.0085095,127.7,70.0
T027,4865.90373441993,准备装载,109.2308517,23.0085095,127.7,70.0
T027,4875.90373441993,准备装载,109.2308517,23.0085095,127.7,70.0
T027,4885.90373441993,准备装载,109.2308517,23.0085095,127.7,70.0
T027,4895.90373441993,准备装载,109.2308517,23.0085095,127.7,70.0
T027,4905.90373441993,准备装载,109.2308517,23.0085095,127.7,70.0
T027,4915.90373441993,准备装载,109.2308517,23.0085095,127.7,70.0
T027,4925.90373441993,准备装载,109.2308517,23.0085095,127.7,70.0
T027,4935.90373441993,准备装载,109.2308517,23.0085095,127.7,70.0
T027,4945.90373441993,准备装载,109.2308517,23.0085095,127.7,70.0
T027,4955.90373441993,准备装载,109.2308517,23.0085095,127.7,70.0
T027,4965.90373441993,准备装载,109.2308517,23.0085095,127.7,70.0
T027,4975.90373441993,准备装载,109.2308517,23.0085095,127.7,70.0
T027,4985.90373441993,准备装载,109.2308517,23.0085095,127.7,70.0
T027,4995.90373441993,准备装载,109.2308517,23.0085095,127.7,70.0
T027,5005.90373441993,准备装载,109.2308517,23.0085095,127.7,70.0
T027,5015.90373441993,准备装载,109.2308517,23.0085095,127.7,70.0
T027,5025.90373441993,准备装载,109.2308517,23.0085095,127.7,70.0
T027,5035.90373441993,准备装载,109.2308517,23.0085095,127.7,70.0
T027,5045.90373441993,准备装载,109.2308517,23.0085095,127.7,70.0
T027,5055.90373441993,准备装载,109.2308517,23.0085095,127.7,70.0
T027,5065.90373441993,准备装载,109.2308517,23.0085095,127.7,70.0
T027,5075.90373441993,准备装载,109.2308517,23.0085095,127.7,70.0
T027,5085.90373441993,准备装载,109.2308517,23.0085095,127.7,70.0
T027,5095.90373441993,准备装载,109.2308517,23.0085095,127.7,70.0
T027,5105.90373441993,准备装载,109.2308517,23.0085095,127.7,70.0
T027,5115.90373441993,准备装载,109.2308517,23.0085095,127.7,70.0
T027,5125.90373441993,准备装载,109.2308517,23.0085095,127.7,70.0
T027,5135.90373441993,准备装载,109.2308517,23.0085095,127.7,70.0
T027,5145.90373441993,准备装载,109.2308517,23.0085095,127.7,70.0
T027,5155.90373441993,准备装载,109.2308517,23.0085095,127.7,70.0
T027,5165.90373441993,准备装载,109.2308517,23.0085095,127.7,70.0
T027,5175.90373441993,准备装载,109.2308517,23.0085095,127.7,70.0
T027,5185.90373441993,准备装载,109.2308517,23.0085095,127.7,70.0
T027,5195.90373441993,准备装载,109.2308517,23.0085095,127.7,70.0
T027,5205.90373441993,准备装载,109.2308517,23.0085095,127.7,70.0
T027,5215.90373441993,准备装载,109.2308517,23.0085095,127.7,70.0
T027,5215.90373441993,爬升,109.2308517,23.0085095,127.7,70.0
T027,5225.839278853524,爬升,109.2308517,23.0085095,152.5388610839844,70.0
T027,5235.774823287117,爬升,109.2308517,23.0085095,177.37772216796876,70.0
T027,5245.710367720711,爬升,109.2308517,23.0085095,202.21658325195312,70.0
T027,5255.645912154305,爬升,109.2308517,23.0085095,227.05544433593752,70.0
T027,5265.581456587899,爬升,109.2308517,23.0085095,251.89430541992186,70.0
T027,5275.517001021492,爬升,109.2308517,23.0085095,276.73316650390626,70.0
T027,5285.452545455086,爬升,109.2308517,23.0085095,301.57202758789066,70.0
T027,5295.38808988868,爬升,109.2308517,23.0085095,326.410888671875,70.0
T027,5295.38808988868,巡航,109.2308517,23.0085095,326.410888671875,70.0
T027,5305.16699162363,巡航,109.23078082777778,23.009832397222223,326.410888671875,70.0
T027,5314.94589335858,巡航,109.23070995555555,23.011155294444443,326.410888671875,70.0
T027,5324.724795093531,巡航,109.23063908333333,23.012478191666666,326.410888671875,70.0
T027,5334.50369682848,巡航,109.23056821111112,23.013801088888886,326.410888671875,70.0
T027,5344.28259856343,巡航,109.2304973388889,23.01512398611111,326.410888671875,70.0
T027,5354.06150029838,巡航,109.23042646666667,23.016446883333334,326.410888671875,70.0
T027,5363.84040203333,巡航,109.23035559444445,23.017769780555554,326.410888671875,70.0
T027,5373.619303768281,巡航,109.23028472222222,23.019092677777778,326.410888671875,70.0
T027,5383.39820550323,巡航,109.23021385,23.020415575,326.410888671875,70.0
T027,5393.177107238181,巡航,109.23014297777777,23.02173847222222,326.410888671875,70.0
T027,5402.95600897313,巡航,109.23007210555556,23.023061369444445,326.410888671875,70.0
T027,5412.734910708081,巡航,109.23000123333334,23.024384266666665,326.410888671875,70.0
T027,5422.5138124430305,巡航,109.22993036111112,23.02570716388889,326.410888671875,70.0
T027,5432.292714177981,巡航,109.22985948888889,23.027030061111113,326.410888671875,70.0
T027,5442.0716159129315,巡航,109.22978861666667,23.028352958333333,326.410888671875,70.0
T027,5451.850517647881,巡航,109.22971774444444,23.029675855555556,326.410888671875,70.0
T027,5461.629419382831,巡航,109.22964687222222,23.030998752777776,326.410888671875,70.0
T027,5471.408321117781,巡航,109.22957600000001,23.03232165,326.410888671875,70.0
T027,5481.187222852732,巡航,109.22950512777778,23.033644547222224,326.410888671875,70.0
T027,5490.966124587681,巡航,109.22943425555556,23.034967444444444,326.410888671875,70.0
T027,5500.745026322631,巡航,109.22936338333334,23.036290341666668,326.410888671875,70.0
T027,5510.5239280575815,巡航,109.22929251111111,23.037613238888888,326.410888671875,70.0
T027,5520.302829792531,巡航,109.22922163888889,23.03893613611111,326.410888671875,70.0
T027,5530.081731527482,巡航,109.22915076666666,23.040259033333335,326.410888671875,70.0
T027,5539.860633262431,巡航,109.22907989444444,23.041581930555555,326.410888671875,70.0
T027,5549.639534997382,巡航,109.22900902222223,23.04290482777778,326.410888671875,70.0
T027,5559.418436732332,巡航,109.22893815,23.044227725,326.410888671875,70.0
T027,5569.197338467282,巡航,109.22886727777778,23.045550622222223,326.410888671875,70.0
T027,5578.976240202232,巡航,109.22879640555556,23.046873519444446,326.410888671875,70.0
T027,5588.755141937182,巡航,109.22872553333333,23.048196416666666,326.410888671875,70.0
T027,5598.534043672133,巡航,109.22865466111111,23.04951931388889,326.410888671875,70.0
T027,5608.312945407082,巡航,109.22858378888888,23.050842211111114,326.410888671875,70.0
T027,5618.091847142032,巡航,109.22851291666667,23.052165108333334,326.410888671875,70.0
T027,5627.870748876982,巡航,109.22844204444445,23.053488005555558,326.410888671875,70.0
T027,5637.649650611933,巡航,109.22837117222223,23.054810902777778,326.410888671875,70.0
T027,5647.4285523468825,巡航,109.2283003,23.0561338,326.410888671875,70.0
T027,5647.4285523468825,下降,109.2283003,23.0561338,326.410888671875,70.0
T027,5656.815044394873,下降,109.2283003,23.0561338,307.63790457589283,70.0
T027,5666.201536442864,下降,109.2283003,23.0561338,288.8649204799107,70.0
T027,5675.588028490855,下降,109.2283003,23.0561338,270.09193638392856,70.0
T027,5684.974520538847,下降,109.2283003,23.0561338,251.31895228794644,70.0
T027,5694.361012586838,下降,109.2283003,23.0561338,232.54596819196428,70.0
T027,5703.747504634829,下降,109.2283003,23.0561338,213.77298409598217,70.0
T027,5713.13399668282,下降,109.2283003,23.0561338,195.0,70.0
T027,5713.13399668282,交接,109.2283003,23.0561338,195.0,70.0
T027,5723.03399668282,交接,109.2283003,23.0561338,195.0,70.0
T027,5732.93399668282,交接,109.2283003,23.0561338,195.0,70.0
T027,5742.83399668282,交接,109.2283003,23.0561338,195.0,70.0
T027,5752.73399668282,交接,109.2283003,23.0561338,195.0,70.0
T027,5762.63399668282,交接,109.2283003,23.0561338,195.0,70.0
T027,5772.53399668282,交接,109.2283003,23.0561338,195.0,70.0
T027,5782.43399668282,交接,109.2283003,23.0561338,195.0,70.0
T027,5792.33399668282,交接,109.2283003,23.0561338,195.0,70.0
T027,5802.23399668282,交接,109.2283003,23.0561338,195.0,70.0
T027,5812.13399668282,交接,109.2283003,23.0561338,195.0,70.0
T027,5822.03399668282,交接,109.2283003,23.0561338,195.0,70.0
T027,5831.93399668282,交接,109.2283003,23.0561338,195.0,70.0
T027,5841.83399668282,交接,109.2283003,23.0561338,195.0,70.0
T027,5851.73399668282,交接,109.2283003,23.0561338,195.0,70.0
T027,5861.63399668282,交接,109.2283003,23.0561338,195.0,70.0
T027,5871.53399668282,交接,109.2283003,23.0561338,195.0,70.0
T027,5881.43399668282,交接,109.2283003,23.0561338,195.0,70.0
T027,5891.33399668282,交接,109.2283003,23.0561338,195.0,70.0
T027,5901.23399668282,交接,109.2283003,23.0561338,195.0,70.0
T027,5911.13399668282,交接,109.2283003,23.0561338,195.0,70.0
T027,5921.03399668282,交接,109.2283003,23.0561338,195.0,70.0
T027,5930.93399668282,交接,109.2283003,23.0561338,195.0,70.0
T027,5940.83399668282,交接,109.2283003,23.0561338,195.0,70.0
T027,5950.73399668282,交接,109.2283003,23.0561338,195.0,70.0
T027,5960.63399668282,交接,109.2283003,23.0561338,195.0,70.0
T027,5970.53399668282,交接,109.2283003,23.0561338,195.0,70.0
T027,5980.43399668282,交接,109.2283003,23.0561338,195.0,70.0
T027,5990.33399668282,交接,109.2283003,23.0561338,195.0,70.0
T027,6000.23399668282,交接,109.2283003,23.0561338,195.0,70.0
T027,6010.13399668282,交接,109.2283003,23.0561338,195.0,70.0
T027,6020.03399668282,交接,109.2283003,23.0561338,195.0,70.0
T027,6029.93399668282,交接,109.2283003,23.0561338,195.0,70.0
T027,6039.83399668282,交接,109.2283003,23.0561338,195.0,70.0
T027,6049.73399668282,交接,109.2283003,23.0561338,195.0,70.0
T027,6059.63399668282,交接,109.2283003,23.0561338,195.0,70.0
T027,6069.53399668282,交接,109.2283003,23.0561338,195.0,70.0
T027,6079.43399668282,交接,109.2283003,23.0561338,195.0,70.0
T027,6089.33399668282,交接,109.2283003,23.0561338,195.0,70.0
T027,6099.23399668282,交接,109.2283003,23.0561338,195.0,70.0
T027,6109.13399668282,交接,109.2283003,23.0561338,195.0,70.0
T027,6109.13399668282,爬升,109.2283003,23.0561338,195.0,11.0
T027,6118.8943726593825,爬升,109.2283003,23.0561338,219.40093994140625,11.0
T027,6128.654748635945,爬升,109.2283003,23.0561338,243.8018798828125,11.0
T027,6138.4151246125075,爬升,109.2283003,23.0561338,268.20281982421875,11.0
T027,6148.17550058907,爬升,109.2283003,23.0561338,292.603759765625,11.0
T027,6157.9358765656325,爬升,109.2283003,23.0561338,317.00469970703125,11.0
T027,6167.696252542195,爬升,109.2283003,23.0561338,341.4056396484375,11.0
T027,6177.4566285187575,爬升,109.2283003,23.0561338,365.80657958984375,11.0
T027,6177.4566285187575,巡航,109.2283003,23.0561338,365.80657958984375,11.0
T027,6187.116412050106,巡航,109.22884869444445,23.05733977777778,365.80657958984375,11.0
T027,6196.776195581455,巡航,109.22939708888889,23.058545755555556,365.80657958984375,11.0
T027,6206.435979112804,巡航,109.22994548333334,23.059751733333336,365.80657958984375,11.0
T027,6216.095762644152,巡航,109.23049387777777,23.06095771111111,365.80657958984375,11.0
T027,6225.755546175502,巡航,109.23104227222223,23.06216368888889,365.80657958984375,11.0
T027,6235.415329706851,巡航,109.23159066666666,23.063369666666667,365.80657958984375,11.0
T027,6245.075113238199,巡航,109.23213906111111,23.064575644444446,365.80657958984375,11.0
T027,6254.734896769548,巡航,109.23268745555555,23.06578162222222,365.80657958984375,11.0
T027,6264.394680300897,巡航,109.23323585,23.0669876,365.80657958984375,11.0
T027,6274.054463832245,巡航,109.23378424444445,23.06819357777778,365.80657958984375,11.0
T027,6283.714247363594,巡航,109.23433263888889,23.069399555555556,365.80657958984375,11.0
T027,6293.374030894943,巡航,109.23488103333334,23.070605533333335,365.80657958984375,11.0
T027,6303.033814426291,巡航,109.23542942777777,23.07181151111111,365.80657958984375,11.0
T027,6312.693597957641,巡航,109.23597782222222,23.07301748888889,365.80657958984375,11.0
T027,6322.35338148899,巡航,109.23652621666666,23.074223466666666,365.80657958984375,11.0
T027,6332.013165020338,巡航,109.23707461111111,23.075429444444445,365.80657958984375,11.0
T027,6341.672948551687,巡航,109.23762300555555,23.07663542222222,365.80657958984375,11.0
T027,6351.332732083036,巡航,109.2381714,23.0778414,365.80657958984375,11.0
T027,6351.332732083036,下降,109.2381714,23.0778414,365.80657958984375,11.0
T027,6361.154630625168,下降,109.2381714,23.0778414,346.16278250558037,11.0
T027,6370.976529167299,下降,109.2381714,23.0778414,326.518985421317,11.0
T027,6380.798427709431,下降,109.2381714,23.0778414,306.8751883370536,11.0
T027,6390.620326251563,下降,109.2381714,23.0778414,287.2313912527902,11.0
T027,6400.442224793695,下降,109.2381714,23.0778414,267.58759416852683,11.0
T027,6410.264123335826,下降,109.2381714,23.0778414,247.9437970842634,11.0
T027,6420.086021877958,下降,109.2381714,23.0778414,228.3,11.0
T027,6420.086021877958,交接,109.2381714,23.0778414,228.3,11.0
T027,6429.778329570266,交接,109.2381714,23.0778414,228.3,11.0
T027,6439.470637262573,交接,109.2381714,23.0778414,228.3,11.0
T027,6449.162944954881,交接,109.2381714,23.0778414,228.3,11.0
T027,6458.8552526471885,交接,109.2381714,23.0778414,228.3,11.0
T027,6468.547560339496,交接,109.2381714,23.0778414,228.3,11.0
T027,6478.239868031804,交接,109.2381714,23.0778414,228.3,11.0
T027,6487.932175724112,交接,109.2381714,23.0778414,228.3,11.0
T027,6497.62448341642,交接,109.2381714,23.0778414,228.3,11.0
T027,6507.316791108728,交接,109.2381714,23.0778414,228.3,11.0
T027,6517.009098801035,交接,109.2381714,23.0778414,228.3,11.0
T027,6526.701406493343,交接,109.2381714,23.0778414,228.3,11.0
T027,6536.39371418565,交接,109.2381714,23.0778414,228.3,11.0
T027,6546.086021877958,交接,109.2381714,23.0778414,228.3,11.0
T027,6555.778329570266,交接,109.2381714,23.0778414,228.3,11.0
T027,6565.470637262573,交接,109.2381714,23.0778414,228.3,11.0
T027,6575.162944954881,交接,109.2381714,23.0778414,228.3,11.0
T027,6584.8552526471885,交接,109.2381714,23.0778414,228.3,11.0
T027,6594.547560339496,交接,109.2381714,23.0778414,228.3,11.0
T027,6604.239868031804,交接,109.2381714,23.0778414,228.3,11.0
T027,6613.932175724112,交接,109.2381714,23.0778414,228.3,11.0
T027,6623.62448341642,交接,109.2381714,23.0778414,228.3,11.0
T027,6633.316791108728,交接,109.2381714,23.0778414,228.3,11.0
T027,6643.009098801035,交接,109.2381714,23.0778414,228.3,11.0
T027,6652.701406493343,交接,109.2381714,23.0778414,228.3,11.0
T027,6662.39371418565,交接,109.2381714,23.0778414,228.3,11.0
T027,6672.086021877958,交接,109.2381714,23.0778414,228.3,11.0
T027,6672.086021877958,爬升,109.2381714,23.0778414,228.3,0.0
T027,6681.796831378516,爬升,109.2381714,23.0778414,252.5770237513951,0.0
T027,6691.507640879074,爬升,109.2381714,23.0778414,276.8540475027902,0.0
T027,6701.218450379632,爬升,109.2381714,23.0778414,301.13107125418526,0.0
T027,6710.92925988019,爬升,109.2381714,23.0778414,325.4080950055803,0.0
T027,6720.640069380748,爬升,109.2381714,23.0778414,349.68511875697544,0.0
T027,6730.350878881306,爬升,109.2381714,23.0778414,373.96214250837056,0.0
T027,6740.061688381864,爬升,109.2381714,23.0778414,398.2391662597656,0.0
T027,6740.061688381864,巡航,109.2381714,23.0778414,398.2391662597656,0.0
T027,6749.952324855091,巡航,109.23803063653845,23.07650809423077,398.2391662597656,0.0
T027,6759.842961328318,巡航,109.23788987307692,23.07517478846154,398.2391662597656,0.0
T027,6769.733597801545,巡航,109.23774910961538,23.07384148269231,398.2391662597656,0.0
T027,6779.624234274773,巡航,109.23760834615385,23.072508176923076,398.2391662597656,0.0
T027,6789.514870747999,巡航,109.2374675826923,23.071174871153847,398.2391662597656,0.0
T027,6799.405507221227,巡航,109.23732681923077,23.069841565384614,398.2391662597656,0.0
T027,6809.296143694454,巡航,109.23718605576923,23.068508259615385,398.2391662597656,0.0
T027,6819.186780167681,巡航,109.2370452923077,23.067174953846155,398.2391662597656,0.0
T027,6829.077416640908,巡航,109.23690452884615,23.065841648076923,398.2391662597656,0.0
T027,6838.968053114136,巡航,109.23676376538461,23.064508342307693,398.2391662597656,0.0
T027,6848.858689587362,巡航,109.23662300192308,23.06317503653846,398.2391662597656,0.0
T027,6858.74932606059,巡航,109.23648223846153,23.06184173076923,398.2391662597656,0.0
T027,6868.639962533816,巡航,109.236341475,23.060508425000002,398.2391662597656,0.0
T027,6878.530599007044,巡航,109.23620071153846,23.05917511923077,398.2391662597656,0.0
T027,6888.421235480271,巡航,109.23605994807693,23.05784181346154,398.2391662597656,0.0
T027,6898.311871953498,巡航,109.23591918461538,23.056508507692307,398.2391662597656,0.0
T027,6908.202508426725,巡航,109.23577842115385,23.055175201923078,398.2391662597656,0.0
T027,6918.093144899953,巡航,109.23563765769231,23.053841896153845,398.2391662597656,0.0
T027,6927.983781373179,巡航,109.23549689423076,23.052508590384615,398.2391662597656,0.0
T027,6937.874417846407,巡航,109.23535613076923,23.051175284615386,398.2391662597656,0.0
T027,6947.765054319634,巡航,109.23521536730769,23.049841978846153,398.2391662597656,0.0
T027,6957.655690792861,巡航,109.23507460384616,23.048508673076924,398.2391662597656,0.0
T027,6967.546327266088,巡航,109.23493384038461,23.04717536730769,398.2391662597656,0.0
T027,6977.436963739316,巡航,109.23479307692308,23.045842061538462,398.2391662597656,0.0
T027,6987.327600212542,巡航,109.23465231346154,23.04450875576923,398.2391662597656,0.0
T027,6997.21823668577,巡航,109.23451155000001,23.04317545,398.2391662597656,0.0
T027,7007.108873158997,巡航,109.23437078653846,23.04184214423077,398.2391662597656,0.0
T027,7016.999509632224,巡航,109.23423002307692,23.040508838461538,398.2391662597656,0.0
T027,7026.890146105451,巡航,109.23408925961539,23.03917553269231,398.2391662597656,0.0
T027,7036.780782578679,巡航,109.23394849615384,23.037842226923075,398.2391662597656,0.0
T027,7046.671419051905,巡航,109.23380773269231,23.036508921153846,398.2391662597656,0.0
T027,7056.562055525133,巡航,109.23366696923077,23.035175615384613,398.2391662597656,0.0
T027,7066.45269199836,巡航,109.23352620576924,23.033842309615384,398.2391662597656,0.0
T027,7076.343328471587,巡航,109.23338544230769,23.032509003846155,398.2391662597656,0.0
T027,7086.233964944814,巡航,109.23324467884615,23.03117569807692,398.2391662597656,0.0
T027,7096.1246014180415,巡航,109.23310391538462,23.029842392307692,398.2391662597656,0.0
T027,7106.015237891268,巡航,109.23296315192307,23.02850908653846,398.2391662597656,0.0
T027,7115.9058743644955,巡航,109.23282238846154,23.02717578076923,398.2391662597656,0.0
T027,7125.796510837723,巡航,109.232681625,23.025842474999997,398.2391662597656,0.0
T027,7135.6871473109495,巡航,109.23254086153847,23.024509169230768,398.2391662597656,0.0
T027,7145.577783784177,巡航,109.23240009807692,23.02317586346154,398.2391662597656,0.0
T027,7155.468420257404,巡航,109.23225933461539,23.021842557692306,398.2391662597656,0.0
T027,7165.359056730631,巡航,109.23211857115385,23.020509251923077,398.2391662597656,0.0
T027,7175.249693203858,巡航,109.2319778076923,23.019175946153844,398.2391662597656,0.0
T027,7185.140329677085,巡航,109.23183704423077,23.017842640384615,398.2391662597656,0.0
T027,7195.030966150312,巡航,109.23169628076923,23.016509334615385,398.2391662597656,0.0
T027,7204.92160262354,巡航,109.2315555173077,23.015176028846152,398.2391662597656,0.0
T027,7214.8122390967665,巡航,109.23141475384615,23.013842723076923,398.2391662597656,0.0
T027,7224.702875569994,巡航,109.23127399038462,23.01250941730769,398.2391662597656,0.0
T027,7234.593512043221,巡航,109.23113322692308,23.01117611153846,398.2391662597656,0.0
T027,7244.484148516448,巡航,109.23099246346155,23.009842805769228,398.2391662597656,0.0
T027,7254.374784989675,巡航,109.2308517,23.0085095,398.2391662597656,0.0
T027,7254.374784989675,下降,109.2308517,23.0085095,398.2391662597656,0.0
T027,7264.0368980703815,下降,109.2308517,23.0085095,378.9149400983538,0.0
T027,7273.699011151087,下降,109.2308517,23.0085095,359.59071393694194,0.0
T027,7283.361124231793,下降,109.2308517,23.0085095,340.26648777553015,0.0
T027,7293.023237312499,下降,109.2308517,23.0085095,320.9422616141183,0.0
T027,7302.685350393205,下降,109.2308517,23.0085095,301.61803545270647,0.0
T027,7312.3474634739105,下降,109.2308517,23.0085095,282.2938092912947,0.0
T027,7322.009576554617,下降,109.2308517,23.0085095,262.96958312988284,0.0
T027,7331.671689635323,下降,109.2308517,23.0085095,243.645356968471,0.0
T027,7341.333802716028,下降,109.2308517,23.0085095,224.32113080705915,0.0
T027,7350.995915796734,下降,109.2308517,23.0085095,204.99690464564733,0.0
T027,7360.65802887744,下降,109.2308517,23.0085095,185.6726784842355,0.0
T027,7370.320141958146,下降,109.2308517,23.0085095,166.34845232282368,0.0
T027,7379.982255038852,下降,109.2308517,23.0085095,147.02422616141183,0.0
T027,7389.644368119558,下降,109.2308517,23.0085095,127.69999999999999,0.0
T028,4743.437538344977,准备装载,109.2308517,23.0085095,127.7,45.0
T028,4753.437538344977,准备装载,109.2308517,23.0085095,127.7,45.0
T028,4763.437538344977,准备装载,109.2308517,23.0085095,127.7,45.0
T028,4773.437538344977,准备装载,109.2308517,23.0085095,127.7,45.0
T028,4783.437538344977,准备装载,109.2308517,23.0085095,127.7,45.0
T028,4793.437538344977,准备装载,109.2308517,23.0085095,127.7,45.0
T028,4803.437538344977,准备装载,109.2308517,23.0085095,127.7,45.0
T028,4813.437538344977,准备装载,109.2308517,23.0085095,127.7,45.0
T028,4823.437538344977,准备装载,109.2308517,23.0085095,127.7,45.0
T028,4833.437538344977,准备装载,109.2308517,23.0085095,127.7,45.0
T028,4843.437538344977,准备装载,109.2308517,23.0085095,127.7,45.0
T028,4853.437538344977,准备装载,109.2308517,23.0085095,127.7,45.0
T028,4863.437538344977,准备装载,109.2308517,23.0085095,127.7,45.0
T028,4873.437538344977,准备装载,109.2308517,23.0085095,127.7,45.0
T028,4883.437538344977,准备装载,109.2308517,23.0085095,127.7,45.0
T028,4893.437538344977,准备装载,109.2308517,23.0085095,127.7,45.0
T028,4903.437538344977,准备装载,109.2308517,23.0085095,127.7,45.0
T028,4913.437538344977,准备装载,109.2308517,23.0085095,127.7,45.0
T028,4923.437538344977,准备装载,109.2308517,23.0085095,127.7,45.0
T028,4933.437538344977,准备装载,109.2308517,23.0085095,127.7,45.0
T028,4943.437538344977,准备装载,109.2308517,23.0085095,127.7,45.0
T028,4953.437538344977,准备装载,109.2308517,23.0085095,127.7,45.0
T028,4963.437538344977,准备装载,109.2308517,23.0085095,127.7,45.0
T028,4973.437538344977,准备装载,109.2308517,23.0085095,127.7,45.0
T028,4983.437538344977,准备装载,109.2308517,23.0085095,127.7,45.0
T028,4993.437538344977,准备装载,109.2308517,23.0085095,127.7,45.0
T028,5003.437538344977,准备装载,109.2308517,23.0085095,127.7,45.0
T028,5013.437538344977,准备装载,109.2308517,23.0085095,127.7,45.0
T028,5023.437538344977,准备装载,109.2308517,23.0085095,127.7,45.0
T028,5033.437538344977,准备装载,109.2308517,23.0085095,127.7,45.0
T028,5043.437538344977,准备装载,109.2308517,23.0085095,127.7,45.0
T028,5053.437538344977,准备装载,109.2308517,23.0085095,127.7,45.0
T028,5063.437538344977,准备装载,109.2308517,23.0085095,127.7,45.0
T028,5073.437538344977,准备装载,109.2308517,23.0085095,127.7,45.0
T028,5083.437538344977,准备装载,109.2308517,23.0085095,127.7,45.0
T028,5093.437538344977,准备装载,109.2308517,23.0085095,127.7,45.0
T028,5103.437538344977,准备装载,109.2308517,23.0085095,127.7,45.0
T028,5113.437538344977,准备装载,109.2308517,23.0085095,127.7,45.0
T028,5123.437538344977,准备装载,109.2308517,23.0085095,127.7,45.0
T028,5133.437538344977,准备装载,109.2308517,23.0085095,127.7,45.0
T028,5143.437538344977,准备装载,109.2308517,23.0085095,127.7,45.0
T028,5153.437538344977,准备装载,109.2308517,23.0085095,127.7,45.0
T028,5163.437538344977,准备装载,109.2308517,23.0085095,127.7,45.0
T028,5173.437538344977,准备装载,109.2308517,23.0085095,127.7,45.0
T028,5183.437538344977,准备装载,109.2308517,23.0085095,127.7,45.0
T028,5193.437538344977,准备装载,109.2308517,23.0085095,127.7,45.0
T028,5193.437538344977,爬升,109.2308517,23.0085095,127.7,45.0
T028,5203.245911635992,爬升,109.2308517,23.0085095,152.22093322753906,45.0
T028,5213.054284927008,爬升,109.2308517,23.0085095,176.74186645507814,45.0
T028,5222.862658218024,爬升,109.2308517,23.0085095,201.26279968261719,45.0
T028,5232.6710315090395,爬升,109.2308517,23.0085095,225.78373291015626,45.0
T028,5242.479404800055,爬升,109.2308517,23.0085095,250.30466613769534,45.0
T028,5252.28777809107,爬升,109.2308517,23.0085095,274.8255993652344,45.0
T028,5262.096151382086,爬升,109.2308517,23.0085095,299.3465325927735,45.0
T028,5271.904524673102,爬升,109.2308517,23.0085095,323.86746582031253,45.0
T028,5281.7128979641175,爬升,109.2308517,23.0085095,348.3883990478516,45.0
T028,5291.521271255133,爬升,109.2308517,23.0085095,372.9093322753906,45.0
T028,5291.521271255133,巡航,109.2308517,23.0085095,372.9093322753906,45.0
T028,5301.495386208741,巡航,109.23051643148149,23.009824348148147,372.9093322753906,45.0
T028,5311.469501162351,巡航,109.23018116296296,23.011139196296295,372.9093322753906,45.0
T028,5321.443616115959,巡航,109.22984589444445,23.012454044444443,372.9093322753906,45.0
T028,5331.417731069569,巡航,109.22951062592593,23.01376889259259,372.9093322753906,45.0
T028,5341.391846023177,巡航,109.22917535740741,23.01508374074074,372.9093322753906,45.0
T028,5351.3659609767865,巡航,109.22884008888889,23.016398588888887,372.9093322753906,45.0
T028,5361.340075930395,巡航,109.22850482037038,23.017713437037035,372.9093322753906,45.0
T028,5371.314190884004,巡航,109.22816955185185,23.019028285185183,372.9093322753906,45.0
T028,5381.288305837613,巡航,109.22783428333334,23.020343133333334,372.9093322753906,45.0
T028,5391.262420791221,巡航,109.22749901481481,23.021657981481482,372.9093322753906,45.0
T028,5401.236535744831,巡航,109.2271637462963,23.02297282962963,372.9093322753906,45.0
T028,5411.210650698439,巡航,109.22682847777777,23.024287677777778,372.9093322753906,45.0
T028,5421.184765652049,巡航,109.22649320925926,23.025602525925926,372.9093322753906,45.0
T028,5431.158880605657,巡航,109.22615794074075,23.026917374074074,372.9093322753906,45.0
T028,5441.132995559266,巡航,109.22582267222222,23.028232222222222,372.9093322753906,45.0
T028,5451.107110512875,巡航,109.22548740370371,23.02954707037037,372.9093322753906,45.0
T028,5461.081225466484,巡航,109.22515213518518,23.030861918518518,372.9093322753906,45.0
T028,5471.055340420093,巡航,109.22481686666667,23.032176766666666,372.9093322753906,45.0
T028,5481.029455373701,巡航,109.22448159814815,23.033491614814814,372.9093322753906,45.0
T028,5491.003570327311,巡航,109.22414632962963,23.034806462962962,372.9093322753906,45.0
T028,5500.977685280919,巡航,109.2238110611111,23.03612131111111,372.9093322753906,45.0
T028,5510.9518002345285,巡航,109.2234757925926,23.037436159259258,372.9093322753906,45.0
T028,5520.925915188137,巡航,109.22314052407407,23.038751007407406,372.9093322753906,45.0
T028,5530.900030141746,巡航,109.22280525555556,23.040065855555554,372.9093322753906,45.0
T028,5540.874145095355,巡航,109.22246998703703,23.0413807037037,372.9093322753906,45.0
T028,5550.848260048964,巡航,109.22213471851852,23.04269555185185,372.9093322753906,45.0
T028,5560.822375002573,巡航,109.22179944999999,23.044010399999998,372.9093322753906,45.0
T028,5570.796489956181,巡航,109.22146418148148,23.04532524814815,372.9093322753906,45.0
T028,5580.770604909791,巡航,109.22112891296297,23.046640096296297,372.9093322753906,45.0
T028,5590.744719863399,巡航,109.22079364444444,23.047954944444445,372.9093322753906,45.0
T028,5600.718834817008,巡航,109.22045837592593,23.049269792592593,372.9093322753906,45.0
T028,5610.692949770617,巡航,109.2201231074074,23.05058464074074,372.9093322753906,45.0
T028,5620.667064724226,巡航,109.21978783888889,23.05189948888889,372.9093322753906,45.0
T028,5630.641179677835,巡航,109.21945257037036,23.053214337037037,372.9093322753906,45.0
T028,5640.615294631444,巡航,109.21911730185185,23.054529185185185,372.9093322753906,45.0
T028,5650.589409585053,巡航,109.21878203333333,23.055844033333333,372.9093322753906,45.0
T028,5660.563524538661,巡航,109.21844676481481,23.05715888148148,372.9093322753906,45.0
T028,5670.5376394922705,巡航,109.21811149629629,23.05847372962963,372.9093322753906,45.0
T028,5680.511754445879,巡航,109.21777622777778,23.059788577777777,372.9093322753906,45.0
T028,5690.485869399488,巡航,109.21744095925925,23.061103425925925,372.9093322753906,45.0
T028,5700.459984353097,巡航,109.21710569074074,23.062418274074073,372.9093322753906,45.0
T028,5710.434099306706,巡航,109.21677042222223,23.06373312222222,372.9093322753906,45.0
T028,5720.408214260315,巡航,109.2164351537037,23.06504797037037,372.9093322753906,45.0
T028,5730.382329213924,巡航,109.21609988518519,23.066362818518517,372.9093322753906,45.0
T028,5740.356444167533,巡航,109.21576461666666,23.067677666666665,372.9093322753906,45.0
T028,5750.330559121141,巡航,109.21542934814815,23.068992514814816,372.9093322753906,45.0
T028,5760.30467407475,巡航,109.21509407962962,23.070307362962964,372.9093322753906,45.0
T028,5770.278789028359,巡航,109.21475881111111,23.071622211111112,372.9093322753906,45.0
T028,5780.252903981968,巡航,109.21442354259258,23.07293705925926,372.9093322753906,45.0
T028,5790.227018935577,巡航,109.21408827407407,23.074251907407408,372.9093322753906,45.0
T028,5800.201133889186,巡航,109.21375300555555,23.075566755555556,372.9093322753906,45.0
T028,5810.175248842795,巡航,109.21341773703703,23.076881603703704,372.9093322753906,45.0
T028,5820.149363796403,巡航,109.21308246851851,23.078196451851852,372.9093322753906,45.0
T028,5830.1234787500125,巡航,109.2127472,23.0795113,372.9093322753906,45.0
T028,5830.1234787500125,下降,109.2127472,23.0795113,372.9093322753906,45.0
T028,5838.624256439629,下降,109.2127472,23.0795113,355.90777689615885,45.0
T028,5847.125034129244,下降,109.2127472,23.0795113,338.9062215169271,45.0
T028,5855.62581181886,下降,109.2127472,23.0795113,321.9046661376953,45.0
T028,5864.126589508476,下降,109.2127472,23.0795113,304.9031107584635,45.0
T028,5872.627367198092,下降,109.2127472,23.0795113,287.90155537923175,45.0
T028,5881.128144887708,下降,109.2127472,23.0795113,270.9,45.0
T028,5881.128144887708,交接,109.2127472,23.0795113,270.9,45.0
T028,5891.128144887708,交接,109.2127472,23.0795113,270.9,45.0
T028,5901.128144887708,交接,109.2127472,23.0795113,270.9,45.0
T028,5911.128144887708,交接,109.2127472,23.0795113,270.9,45.0
T028,5921.128144887708,交接,109.2127472,23.0795113,270.9,45.0
T028,5931.128144887708,交接,109.2127472,23.0795113,270.9,45.0
T028,5941.128144887708,交接,109.2127472,23.0795113,270.9,45.0
T028,5951.128144887708,交接,109.2127472,23.0795113,270.9,45.0
T028,5961.128144887708,交接,109.2127472,23.0795113,270.9,45.0
T028,5971.128144887708,交接,109.2127472,23.0795113,270.9,45.0
T028,5981.128144887708,交接,109.2127472,23.0795113,270.9,45.0
T028,5991.128144887708,交接,109.2127472,23.0795113,270.9,45.0
T028,6001.128144887708,交接,109.2127472,23.0795113,270.9,45.0
T028,6011.128144887708,交接,109.2127472,23.0795113,270.9,45.0
T028,6021.128144887708,交接,109.2127472,23.0795113,270.9,45.0
T028,6031.128144887708,交接,109.2127472,23.0795113,270.9,45.0
T028,6041.128144887708,交接,109.2127472,23.0795113,270.9,45.0
T028,6051.128144887708,交接,109.2127472,23.0795113,270.9,45.0
T028,6061.128144887708,交接,109.2127472,23.0795113,270.9,45.0
T028,6071.128144887708,交接,109.2127472,23.0795113,270.9,45.0
T028,6081.128144887708,交接,109.2127472,23.0795113,270.9,45.0
T028,6091.128144887708,交接,109.2127472,23.0795113,270.9,45.0
T028,6101.128144887708,交接,109.2127472,23.0795113,270.9,45.0
T028,6111.128144887708,交接,109.2127472,23.0795113,270.9,45.0
T028,6121.128144887708,交接,109.2127472,23.0795113,270.9,45.0
T028,6131.128144887708,交接,109.2127472,23.0795113,270.9,45.0
T028,6141.128144887708,交接,109.2127472,23.0795113,270.9,45.0
T028,6151.128144887708,交接,109.2127472,23.0795113,270.9,45.0
T028,6161.128144887708,交接,109.2127472,23.0795113,270.9,45.0
T028,6171.128144887708,交接,109.2127472,23.0795113,270.9,45.0
T028,6181.128144887708,交接,109.2127472,23.0795113,270.9,45.0
T028,6191.128144887708,交接,109.2127472,23.0795113,270.9,45.0
T028,6201.128144887708,交接,109.2127472,23.0795113,270.9,45.0
T028,6211.128144887708,交接,109.2127472,23.0795113,270.9,45.0
T028,6221.128144887708,交接,109.2127472,23.0795113,270.9,45.0
T028,6231.128144887708,交接,109.2127472,23.0795113,270.9,45.0
T028,6241.128144887708,交接,109.2127472,23.0795113,270.9,45.0
T028,6241.128144887708,爬升,109.2127472,23.0795113,270.9,0.0
T028,6249.28889146974,爬升,109.2127472,23.0795113,291.3018664550781,0.0
T028,6257.44963805177,爬升,109.2127472,23.0795113,311.70373291015625,0.0
T028,6265.610384633802,爬升,109.2127472,23.0795113,332.10559936523435,0.0
T028,6273.771131215833,爬升,109.2127472,23.0795113,352.5074658203125,0.0
T028,6281.931877797864,爬升,109.2127472,23.0795113,372.9093322753906,0.0
T028,6281.931877797864,巡航,109.2127472,23.0795113,372.9093322753906,0.0
T028,6291.905992751473,巡航,109.21308246851851,23.078196451851852,372.9093322753906,0.0
T028,6301.880107705082,巡航,109.21341773703703,23.076881603703704,372.9093322753906,0.0
T028,6311.854222658691,巡航,109.21375300555555,23.075566755555556,372.9093322753906,0.0
T028,6321.8283376123,巡航,109.21408827407407,23.074251907407408,372.9093322753906,0.0
T028,6331.802452565908,巡航,109.21442354259258,23.07293705925926,372.9093322753906,0.0
T028,6341.776567519518,巡航,109.21475881111111,23.071622211111112,372.9093322753906,0.0
T028,6351.750682473126,巡航,109.21509407962962,23.070307362962964,372.9093322753906,0.0
T028,6361.724797426735,巡航,109.21542934814815,23.068992514814816,372.9093322753906,0.0
T028,6371.698912380344,巡航,109.21576461666666,23.06767766666667,372.9093322753906,0.0
T028,6381.673027333953,巡航,109.21609988518519,23.066362818518517,372.9093322753906,0.0
T028,6391.647142287562,巡航,109.2164351537037,23.06504797037037,372.9093322753906,0.0
T028,6401.6212572411705,巡航,109.21677042222223,23.06373312222222,372.9093322753906,0.0
T028,6411.59537219478,巡航,109.21710569074074,23.062418274074073,372.9093322753906,0.0
T028,6421.569487148388,巡航,109.21744095925925,23.061103425925925,372.9093322753906,0.0
T028,6431.543602101997,巡航,109.21777622777778,23.059788577777777,372.9093322753906,0.0
T028,6441.517717055606,巡航,109.21811149629629,23.05847372962963,372.9093322753906,0.0
T028,6451.491832009215,巡航,109.21844676481481,23.05715888148148,372.9093322753906,0.0
T028,6461.465946962824,巡航,109.21878203333333,23.055844033333333,372.9093322753906,0.0
T028,6471.440061916433,巡航,109.21911730185185,23.054529185185185,372.9093322753906,0.0
T028,6481.414176870041,巡航,109.21945257037036,23.053214337037037,372.9093322753906,0.0
T028,6491.38829182365,巡航,109.21978783888889,23.05189948888889,372.9093322753906,0.0
T028,6501.362406777259,巡航,109.2201231074074,23.05058464074074,372.9093322753906,0.0
T028,6511.336521730868,巡航,109.22045837592593,23.049269792592593,372.9093322753906,0.0
T028,6521.310636684477,巡航,109.22079364444444,23.047954944444445,372.9093322753906,0.0
T028,6531.284751638086,巡航,109.22112891296297,23.046640096296297,372.9093322753906,0.0
T028,6541.258866591695,巡航,109.22146418148148,23.04532524814815,372.9093322753906,0.0
T028,6551.232981545303,巡航,109.22179944999999,23.044010399999998,372.9093322753906,0.0
T028,6561.2070964989125,巡航,109.22213471851852,23.04269555185185,372.9093322753906,0.0
T028,6571.181211452521,巡航,109.22246998703703,23.0413807037037,372.9093322753906,0.0
T028,6581.15532640613,巡航,109.22280525555556,23.040065855555554,372.9093322753906,0.0
T028,6591.129441359739,巡航,109.22314052407407,23.038751007407406,372.9093322753906,0.0
T028,6601.103556313348,巡航,109.2234757925926,23.037436159259258,372.9093322753906,0.0
T028,6611.077671266957,巡航,109.2238110611111,23.03612131111111,372.9093322753906,0.0
T028,6621.051786220565,巡航,109.22414632962963,23.034806462962962,372.9093322753906,0.0
T028,6631.025901174175,巡航,109.22448159814815,23.033491614814814,372.9093322753906,0.0
T028,6641.000016127783,巡航,109.22481686666667,23.032176766666666,372.9093322753906,0.0
T028,6650.974131081392,巡航,109.22515213518518,23.030861918518518,372.9093322753906,0.0
T028,6660.948246035001,巡航,109.22548740370371,23.02954707037037,372.9093322753906,0.0
T028,6670.92236098861,巡航,109.22582267222222,23.028232222222222,372.9093322753906,0.0
T028,6680.896475942219,巡航,109.22615794074075,23.026917374074074,372.9093322753906,0.0
T028,6690.870590895827,巡航,109.22649320925926,23.025602525925926,372.9093322753906,0.0
T028,6700.844705849437,巡航,109.22682847777777,23.024287677777778,372.9093322753906,0.0
T028,6710.818820803045,巡航,109.2271637462963,23.02297282962963,372.9093322753906,0.0
T028,6720.7929357566545,巡航,109.22749901481481,23.021657981481482,372.9093322753906,0.0
T028,6730.767050710263,巡航,109.22783428333334,23.020343133333334,372.9093322753906,0.0
T028,6740.741165663872,巡航,109.22816955185185,23.019028285185183,372.9093322753906,0.0
T028,6750.715280617481,巡航,109.22850482037038,23.017713437037035,372.9093322753906,0.0
T028,6760.689395571089,巡航,109.22884008888889,23.016398588888887,372.9093322753906,0.0
T028,6770.663510524699,巡航,109.22917535740741,23.01508374074074,372.9093322753906,0.0
T028,6780.637625478307,巡航,109.22951062592593,23.01376889259259,372.9093322753906,0.0
T028,6790.611740431917,巡航,109.22984589444445,23.012454044444443,372.9093322753906,0.0
T028,6800.585855385525,巡航,109.23018116296296,23.011139196296295,372.9093322753906,0.0
T028,6810.559970339134,巡航,109.23051643148149,23.009824348148147,372.9093322753906,0.0
T028,6820.534085292743,巡航,109.2308517,23.0085095,372.9093322753906,0.0
T028,6820.534085292743,下降,109.2308517,23.0085095,372.9093322753906,0.0
T028,6829.965213457181,下降,109.2308517,23.0085095,354.04707594651444,0.0
T028,6839.396341621619,下降,109.2308517,23.0085095,335.1848196176382,0.0
T028,6848.827469786057,下降,109.2308517,23.0085095,316.322563288762,0.0
T028,6858.258597950496,下降,109.2308517,23.0085095,297.4603069598858,0.0
T028,6867.689726114933,下降,109.2308517,23.0085095,278.5980506310096,0.0
T028,6877.120854279372,下降,109.2308517,23.0085095,259.7357943021334,0.0
T028,6886.55198244381,下降,109.2308517,23.0085095,240.87353797325719,0.0
T028,6895.983110608248,下降,109.2308517,23.0085095,222.011281644381,0.0
T028,6905.414238772686,下降,109.2308517,23.0085095,203.14902531550482,0.0
T028,6914.845366937125,下降,109.2308517,23.0085095,184.28676898662857,0.0
T028,6924.276495101562,下降,109.2308517,23.0085095,165.42451265775236,0.0
T028,6933.707623266001,下降,109.2308517,23.0085095,146.56225632887617,0.0
T028,6943.138751430439,下降,109.2308517,23.0085095,127.69999999999999,0.0
T029,4842.592205327028,准备装载,109.2308517,23.0085095,127.7,14.0
T029,4852.592205327028,准备装载,109.2308517,23.0085095,127.7,14.0
T029,4862.592205327028,准备装载,109.2308517,23.0085095,127.7,14.0
T029,4872.592205327028,准备装载,109.2308517,23.0085095,127.7,14.0
T029,4882.592205327028,准备装载,109.2308517,23.0085095,127.7,14.0
T029,4892.592205327028,准备装载,109.2308517,23.0085095,127.7,14.0
T029,4902.592205327028,准备装载,109.2308517,23.0085095,127.7,14.0
T029,4912.592205327028,准备装载,109.2308517,23.0085095,127.7,14.0
T029,4922.592205327028,准备装载,109.2308517,23.0085095,127.7,14.0
T029,4932.592205327028,准备装载,109.2308517,23.0085095,127.7,14.0
T029,4942.592205327028,准备装载,109.2308517,23.0085095,127.7,14.0
T029,4952.592205327028,准备装载,109.2308517,23.0085095,127.7,14.0
T029,4962.592205327028,准备装载,109.2308517,23.0085095,127.7,14.0
T029,4972.592205327028,准备装载,109.2308517,23.0085095,127.7,14.0
T029,4982.592205327028,准备装载,109.2308517,23.0085095,127.7,14.0
T029,4992.592205327028,准备装载,109.2308517,23.0085095,127.7,14.0
T029,5002.592205327028,准备装载,109.2308517,23.0085095,127.7,14.0
T029,5012.592205327028,准备装载,109.2308517,23.0085095,127.7,14.0
T029,5022.592205327028,准备装载,109.2308517,23.0085095,127.7,14.0
T029,5032.592205327028,准备装载,109.2308517,23.0085095,127.7,14.0
T029,5042.592205327028,准备装载,109.2308517,23.0085095,127.7,14.0
T029,5052.592205327028,准备装载,109.2308517,23.0085095,127.7,14.0
T029,5062.592205327028,准备装载,109.2308517,23.0085095,127.7,14.0
T029,5072.592205327028,准备装载,109.2308517,23.0085095,127.7,14.0
T029,5082.592205327028,准备装载,109.2308517,23.0085095,127.7,14.0
T029,5092.592205327028,准备装载,109.2308517,23.0085095,127.7,14.0
T029,5102.592205327028,准备装载,109.2308517,23.0085095,127.7,14.0
T029,5112.592205327028,准备装载,109.2308517,23.0085095,127.7,14.0
T029,5122.592205327028,准备装载,109.2308517,23.0085095,127.7,14.0
T029,5132.592205327028,准备装载,109.2308517,23.0085095,127.7,14.0
T029,5142.592205327028,准备装载,109.2308517,23.0085095,127.7,14.0
T029,5152.592205327028,准备装载,109.2308517,23.0085095,127.7,14.0
T029,5162.592205327028,准备装载,109.2308517,23.0085095,127.7,14.0
T029,5172.592205327028,准备装载,109.2308517,23.0085095,127.7,14.0
T029,5172.592205327028,爬升,109.2308517,23.0085095,127.7,14.0
T029,5182.23896395333,爬升,109.2308517,23.0085095,156.64027587890627,14.0
T029,5191.885722579632,爬升,109.2308517,23.0085095,185.5805517578125,14.0
T029,5201.532481205934,爬升,109.2308517,23.0085095,214.52082763671876,14.0
T029,5211.179239832236,爬升,109.2308517,23.0085095,243.46110351562498,14.0
T029,5220.825998458538,爬升,109.2308517,23.0085095,272.40137939453126,14.0
T029,5230.472757084841,爬升,109.2308517,23.0085095,301.34165527343754,14.0
T029,5240.119515711142,爬升,109.2308517,23.0085095,330.28193115234376,14.0
T029,5249.766274337445,爬升,109.2308517,23.0085095,359.22220703125,14.0
T029,5259.413032963746,爬升,109.2308517,23.0085095,388.16248291015626,14.0
T029,5269.059791590049,爬升,109.2308517,23.0085095,417.1027587890625,14.0
T029,5278.706550216351,爬升,109.2308517,23.0085095,446.0430346679687,14.0
T029,5288.353308842653,爬升,109.2308517,23.0085095,474.98331054687503,14.0
T029,5298.000067468955,爬升,109.2308517,23.0085095,503.92358642578125,14.0
T029,5307.646826095257,爬升,109.2308517,23.0085095,532.8638623046876,14.0
T029,5317.2935847215595,爬升,109.2308517,23.0085095,561.8041381835938,14.0
T029,5317.2935847215595,巡航,109.2308517,23.0085095,561.8041381835938,14.0
T029,5327.175461261092,巡航,109.22958651836736,23.009157702040817,561.8041381835938,14.0
T029,5337.057337800625,巡航,109.2283213367347,23.00980590408163,561.8041381835938,14.0
T029,5346.939214340157,巡航,109.22705615510205,23.01045410612245,561.8041381835938,14.0
T029,5356.82109087969,巡航,109.22579097346939,23.011102308163263,561.8041381835938,14.0
T029,5366.702967419223,巡航,109.22452579183674,23.01175051020408,561.8041381835938,14.0
T029,5376.584843958755,巡航,109.22326061020408,23.0123987122449,561.8041381835938,14.0
T029,5386.466720498288,巡航,109.22199542857143,23.013046914285713,561.8041381835938,14.0
T029,5396.348597037821,巡航,109.22073024693877,23.01369511632653,561.8041381835938,14.0
T029,5406.230473577353,巡航,109.21946506530612,23.014343318367345,561.8041381835938,14.0
T029,5416.112350116886,巡航,109.21819988367348,23.014991520408163,561.8041381835938,14.0
T029,5425.9942266564185,巡航,109.21693470204082,23.01563972244898,561.8041381835938,14.0
T029,5435.876103195951,巡航,109.21566952040817,23.016287924489795,561.8041381835938,14.0
T029,5445.757979735484,巡航,109.21440433877551,23.016936126530613,561.8041381835938,14.0
T029,5455.639856275016,巡航,109.21313915714286,23.017584328571427,561.8041381835938,14.0
T029,5465.521732814549,巡航,109.2118739755102,23.018232530612245,561.8041381835938,14.0
T029,5475.403609354082,巡航,109.21060879387755,23.01888073265306,561.8041381835938,14.0
T029,5485.285485893614,巡航,109.2093436122449,23.019528934693877,561.8041381835938,14.0
T029,5495.167362433147,巡航,109.20807843061225,23.020177136734695,561.8041381835938,14.0
T029,5505.04923897268,巡航,109.20681324897959,23.02082533877551,561.8041381835938,14.0
T029,5514.931115512212,巡航,109.20554806734694,23.021473540816327,561.8041381835938,14.0
T029,5524.812992051745,巡航,109.20428288571429,23.02212174285714,561.8041381835938,14.0
T029,5534.694868591278,巡航,109.20301770408163,23.02276994489796,561.8041381835938,14.0
T029,5544.57674513081,巡航,109.20175252244898,23.023418146938777,561.8041381835938,14.0
T029,5554.458621670343,巡航,109.20048734081632,23.02406634897959,561.8041381835938,14.0
T029,5564.3404982098755,巡航,109.19922215918368,23.02471455102041,561.8041381835938,14.0
T029,5574.222374749408,巡航,109.19795697755102,23.025362753061223,561.8041381835938,14.0
T029,5584.104251288941,巡航,109.19669179591837,23.02601095510204,561.8041381835938,14.0
T029,5593.986127828473,巡航,109.19542661428571,23.02665915714286,561.8041381835938,14.0
T029,5603.868004368006,巡航,109.19416143265306,23.027307359183673,561.8041381835938,14.0
T029,5613.749880907539,巡航,109.19289625102041,23.02795556122449,561.8041381835938,14.0
T029,5623.631757447071,巡航,109.19163106938775,23.028603763265306,561.8041381835938,14.0
T029,5633.513633986604,巡航,109.1903658877551,23.029251965306123,561.8041381835938,14.0
T029,5643.395510526137,巡航,109.18910070612245,23.02990016734694,561.8041381835938,14.0
T029,5653.277387065669,巡航,109.1878355244898,23.030548369387756,561.8041381835938,14.0
T029,5663.159263605202,巡航,109.18657034285714,23.031196571428573,561.8041381835938,14.0
T029,5673.0411401447345,巡航,109.18530516122449,23.031844773469388,561.8041381835938,14.0
T029,5682.923016684267,巡航,109.18403997959183,23.032492975510205,561.8041381835938,14.0
T029,5692.8048932238,巡航,109.18277479795918,23.03314117755102,561.8041381835938,14.0
T029,5702.686769763332,巡航,109.18150961632652,23.033789379591838,561.8041381835938,14.0
T029,5712.568646302865,巡航,109.18024443469388,23.034437581632655,561.8041381835938,14.0
T029,5722.450522842398,巡航,109.17897925306123,23.03508578367347,561.8041381835938,14.0
T029,5732.33239938193,巡航,109.17771407142857,23.035733985714288,561.8041381835938,14.0
T029,5742.214275921463,巡航,109.17644888979592,23.036382187755102,561.8041381835938,14.0
T029,5752.096152460996,巡航,109.17518370816326,23.03703038979592,561.8041381835938,14.0
T029,5761.978029000528,巡航,109.17391852653061,23.037678591836737,561.8041381835938,14.0
T029,5771.859905540061,巡航,109.17265334489795,23.038326793877552,561.8041381835938,14.0
T029,5781.741782079594,巡航,109.1713881632653,23.03897499591837,561.8041381835938,14.0
T029,5791.623658619126,巡航,109.17012298163264,23.039623197959184,561.8041381835938,14.0
T029,5801.505535158659,巡航,109.1688578,23.0402714,561.8041381835938,14.0
T029,5801.505535158659,下降,109.1688578,23.0402714,561.8041381835938,14.0
T029,5811.430163522374,下降,109.1688578,23.0402714,536.9925672743055,14.0
T029,5821.3547918860895,下降,109.1688578,23.0402714,512.1809963650173,14.0
T029,5831.279420249804,下降,109.1688578,23.0402714,487.3694254557292,14.0
T029,5841.20404861352,下降,109.1688578,23.0402714,462.557854546441,14.0
T029,5851.128676977235,下降,109.1688578,23.0402714,437.74628363715277,14.0
T029,5861.053305340951,下降,109.1688578,23.0402714,412.9347127278646,14.0
T029,5870.977933704666,下降,109.1688578,23.0402714,388.1231418185764,14.0
T029,5880.9025620683815,下降,109.1688578,23.0402714,363.3115709092882,14.0
T029,5890.827190432096,下降,109.1688578,23.0402714,338.5,14.0
T029,5890.827190432096,交接,109.1688578,23.0402714,338.5,14.0
T029,5900.827190432096,交接,109.1688578,23.0402714,338.5,14.0
T029,5910.827190432096,交接,109.1688578,23.0402714,338.5,14.0
T029,5920.827190432096,交接,109.1688578,23.0402714,338.5,14.0
T029,5930.827190432096,交接,109.1688578,23.0402714,338.5,14.0
T029,5940.827190432096,交接,109.1688578,23.0402714,338.5,14.0
T029,5950.827190432096,交接,109.1688578,23.0402714,338.5,14.0
T029,5960.827190432096,交接,109.1688578,23.0402714,338.5,14.0
T029,5970.827190432096,交接,109.1688578,23.0402714,338.5,14.0
T029,5980.827190432096,交接,109.1688578,23.0402714,338.5,14.0
T029,5990.827190432096,交接,109.1688578,23.0402714,338.5,14.0
T029,6000.827190432096,交接,109.1688578,23.0402714,338.5,14.0
T029,6010.827190432096,交接,109.1688578,23.0402714,338.5,14.0
T029,6020.827190432096,交接,109.1688578,23.0402714,338.5,14.0
T029,6030.827190432096,交接,109.1688578,23.0402714,338.5,14.0
T029,6040.827190432096,交接,109.1688578,23.0402714,338.5,14.0
T029,6050.827190432096,交接,109.1688578,23.0402714,338.5,14.0
T029,6060.827190432096,交接,109.1688578,23.0402714,338.5,14.0
T029,6070.827190432096,交接,109.1688578,23.0402714,338.5,14.0
T029,6070.827190432096,爬升,109.1688578,23.0402714,338.5,0.0
T029,6080.13152952308,爬升,109.1688578,23.0402714,366.4130172729492,0.0
T029,6089.435868614062,爬升,109.1688578,23.0402714,394.32603454589844,0.0
T029,6098.740207705046,爬升,109.1688578,23.0402714,422.23905181884766,0.0
T029,6108.044546796029,爬升,109.1688578,23.0402714,450.1520690917969,0.0
T029,6117.348885887011,爬升,109.1688578,23.0402714,478.0650863647461,0.0
T029,6126.653224977995,爬升,109.1688578,23.0402714,505.9781036376953,0.0
T029,6135.957564068977,爬升,109.1688578,23.0402714,533.8911209106445,0.0
T029,6145.261903159961,爬升,109.1688578,23.0402714,561.8041381835938,0.0
T029,6145.261903159961,巡航,109.1688578,23.0402714,561.8041381835938,0.0
T029,6155.143779699493,巡航,109.17012298163264,23.039623197959184,561.8041381835938,0.0
T029,6165.025656239026,巡航,109.1713881632653,23.03897499591837,561.8041381835938,0.0
T029,6174.907532778559,巡航,109.17265334489795,23.038326793877552,561.8041381835938,0.0
T029,6184.789409318091,巡航,109.17391852653061,23.037678591836737,561.8041381835938,0.0
T029,6194.671285857624,巡航,109.17518370816326,23.03703038979592,561.8041381835938,0.0
T029,6204.5531623971565,巡航,109.17644888979592,23.036382187755102,561.8041381835938,0.0
T029,6214.435038936689,巡航,109.17771407142857,23.035733985714288,561.8041381835938,0.0
T029,6224.316915476222,巡航,109.17897925306123,23.03508578367347,561.8041381835938,0.0
T029,6234.198792015754,巡航,109.18024443469388,23.034437581632655,561.8041381835938,0.0
T029,6244.080668555287,巡航,109.18150961632652,23.033789379591838,561.8041381835938,0.0
T029,6253.96254509482,巡航,109.18277479795918,23.03314117755102,561.8041381835938,0.0
T029,6263.844421634352,巡航,109.18403997959183,23.032492975510205,561.8041381835938,0.0
T029,6273.726298173885,巡航,109.18530516122449,23.031844773469388,561.8041381835938,0.0
T029,6283.608174713418,巡航,109.18657034285714,23.031196571428573,561.8041381835938,0.0
T029,6293.49005125295,巡航,109.1878355244898,23.030548369387756,561.8041381835938,0.0
T029,6303.371927792483,巡航,109.18910070612245,23.02990016734694,561.8041381835938,0.0
T029,6313.2538043320155,巡航,109.1903658877551,23.029251965306123,561.8041381835938,0.0
T029,6323.135680871548,巡航,109.19163106938775,23.028603763265306,561.8041381835938,0.0
T029,6333.017557411081,巡航,109.19289625102041,23.02795556122449,561.8041381835938,0.0
T029,6342.8994339506135,巡航,109.19416143265306,23.027307359183673,561.8041381835938,0.0
T029,6352.781310490146,巡航,109.19542661428571,23.02665915714286,561.8041381835938,0.0
T029,6362.663187029679,巡航,109.19669179591837,23.02601095510204,561.8041381835938,0.0
T029,6372.545063569211,巡航,109.19795697755102,23.025362753061223,561.8041381835938,0.0
T029,6382.426940108744,巡航,109.19922215918368,23.02471455102041,561.8041381835938,0.0
T029,6392.308816648278,巡航,109.20048734081632,23.02406634897959,561.8041381835938,0.0
T029,6402.190693187809,巡航,109.20175252244898,23.023418146938777,561.8041381835938,0.0
T029,6412.072569727343,巡航,109.20301770408163,23.02276994489796,561.8041381835938,0.0
T029,6421.9544462668755,巡航,109.20428288571429,23.02212174285714,561.8041381835938,0.0
T029,6431.836322806408,巡航,109.20554806734694,23.021473540816327,561.8041381835938,0.0
T029,6441.718199345941,巡航,109.20681324897959,23.02082533877551,561.8041381835938,0.0
T029,6451.600075885473,巡航,109.20807843061225,23.020177136734695,561.8041381835938,0.0
T029,6461.481952425006,巡航,109.2093436122449,23.019528934693877,561.8041381835938,0.0
T029,6471.363828964539,巡航,109.21060879387755,23.01888073265306,561.8041381835938,0.0
T029,6481.245705504071,巡航,109.2118739755102,23.018232530612245,561.8041381835938,0.0
T029,6491.127582043604,巡航,109.21313915714286,23.017584328571427,561.8041381835938,0.0
T029,6501.009458583137,巡航,109.21440433877551,23.016936126530613,561.8041381835938,0.0
T029,6510.891335122669,巡航,109.21566952040817,23.016287924489795,561.8041381835938,0.0
T029,6520.773211662202,巡航,109.21693470204082,23.01563972244898,561.8041381835938,0.0
T029,6530.6550882017345,巡航,109.21819988367348,23.014991520408163,561.8041381835938,0.0
T029,6540.536964741267,巡航,109.21946506530612,23.014343318367345,561.8041381835938,0.0
T029,6550.4188412808,巡航,109.22073024693877,23.01369511632653,561.8041381835938,0.0
T029,6560.3007178203325,巡航,109.22199542857143,23.013046914285713,561.8041381835938,0.0
T029,6570.182594359865,巡航,109.22326061020408,23.0123987122449,561.8041381835938,0.0
T029,6580.064470899398,巡航,109.22452579183674,23.01175051020408,561.8041381835938,0.0
T029,6589.94634743893,巡航,109.22579097346939,23.011102308163263,561.8041381835938,0.0
T029,6599.828223978463,巡航,109.22705615510205,23.01045410612245,561.8041381835938,0.0
T029,6609.710100517996,巡航,109.2283213367347,23.00980590408163,561.8041381835938,0.0
T029,6619.591977057528,巡航,109.22958651836736,23.009157702040817,561.8041381835938,0.0
T029,6629.473853597061,巡航,109.2308517,23.0085095,561.8041381835938,0.0
T029,6629.473853597061,下降,109.2308517,23.0085095,561.8041381835938,0.0
T029,6639.120612223363,下降,109.2308517,23.0085095,537.6872416178386,0.0
T029,6648.767370849665,下降,109.2308517,23.0085095,513.5703450520833,0.0
T029,6658.4141294759675,下降,109.2308517,23.0085095,489.4534484863281,0.0
T029,6668.060888102269,下降,109.2308517,23.0085095,465.3365519205729,0.0
T029,6677.7076467285715,下降,109.2308517,23.0085095,441.2196553548177,0.0
T029,6687.354405354873,下降,109.2308517,23.0085095,417.1027587890625,0.0
T029,6697.0011639811755,下降,109.2308517,23.0085095,392.9858622233073,0.0
T029,6706.647922607477,下降,109.2308517,23.0085095,368.86896565755205,0.0
T029,6716.29468123378,下降,109.2308517,23.0085095,344.7520690917969,0.0
T029,6725.941439860082,下降,109.2308517,23.0085095,320.63517252604163,0.0
T029,6735.588198486384,下降,109.2308517,23.0085095,296.5182759602865,0.0
T029,6745.234957112686,下降,109.2308517,23.0085095,272.40137939453126,0.0
T029,6754.881715738988,下降,109.2308517,23.0085095,248.28448282877605,0.0
T029,6764.52847436529,下降,109.2308517,23.0085095,224.1675862630209,0.0
T029,6774.175232991592,下降,109.2308517,23.0085095,200.05068969726562,0.0
T029,6783.821991617894,下降,109.2308517,23.0085095,175.9337931315104,0.0
T029,6793.468750244196,下降,109.2308517,23.0085095,151.8168965657552,0.0
T029,6803.115508870498,下降,109.2308517,23.0085095,127.69999999999999,0.0
T030,4878.88760552178,准备装载,109.2308517,23.0085095,127.7,14.0
T030,4888.88760552178,准备装载,109.2308517,23.0085095,127.7,14.0
T030,4898.88760552178,准备装载,109.2308517,23.0085095,127.7,14.0
T030,4908.88760552178,准备装载,109.2308517,23.0085095,127.7,14.0
T030,4918.88760552178,准备装载,109.2308517,23.0085095,127.7,14.0
T030,4928.88760552178,准备装载,109.2308517,23.0085095,127.7,14.0
T030,4938.88760552178,准备装载,109.2308517,23.0085095,127.7,14.0
T030,4948.88760552178,准备装载,109.2308517,23.0085095,127.7,14.0
T030,4958.88760552178,准备装载,109.2308517,23.0085095,127.7,14.0
T030,4968.88760552178,准备装载,109.2308517,23.0085095,127.7,14.0
T030,4978.88760552178,准备装载,109.2308517,23.0085095,127.7,14.0
T030,4988.88760552178,准备装载,109.2308517,23.0085095,127.7,14.0
T030,4998.88760552178,准备装载,109.2308517,23.0085095,127.7,14.0
T030,5008.88760552178,准备装载,109.2308517,23.0085095,127.7,14.0
T030,5018.88760552178,准备装载,109.2308517,23.0085095,127.7,14.0
T030,5028.88760552178,准备装载,109.2308517,23.0085095,127.7,14.0
T030,5038.88760552178,准备装载,109.2308517,23.0085095,127.7,14.0
T030,5048.88760552178,准备装载,109.2308517,23.0085095,127.7,14.0
T030,5058.88760552178,准备装载,109.2308517,23.0085095,127.7,14.0
T030,5068.88760552178,准备装载,109.2308517,23.0085095,127.7,14.0
T030,5078.88760552178,准备装载,109.2308517,23.0085095,127.7,14.0
T030,5088.88760552178,准备装载,109.2308517,23.0085095,127.7,14.0
T030,5098.88760552178,准备装载,109.2308517,23.0085095,127.7,14.0
T030,5108.88760552178,准备装载,109.2308517,23.0085095,127.7,14.0
T030,5118.88760552178,准备装载,109.2308517,23.0085095,127.7,14.0
T030,5128.88760552178,准备装载,109.2308517,23.0085095,127.7,14.0
T030,5138.88760552178,准备装载,109.2308517,23.0085095,127.7,14.0
T030,5148.88760552178,准备装载,109.2308517,23.0085095,127.7,14.0
T030,5158.88760552178,准备装载,109.2308517,23.0085095,127.7,14.0
T030,5168.88760552178,准备装载,109.2308517,23.0085095,127.7,14.0
T030,5178.88760552178,准备装载,109.2308517,23.0085095,127.7,14.0
T030,5188.88760552178,准备装载,109.2308517,23.0085095,127.7,14.0
T030,5198.88760552178,准备装载,109.2308517,23.0085095,127.7,14.0
T030,5208.88760552178,准备装载,109.2308517,23.0085095,127.7,14.0
T030,5208.88760552178,爬升,109.2308517,23.0085095,127.7,14.0
T030,5217.905577730438,爬升,109.2308517,23.0085095,154.75391662597656,14.0
T030,5226.923549939097,爬升,109.2308517,23.0085095,181.80783325195313,14.0
T030,5235.941522147757,爬升,109.2308517,23.0085095,208.8617498779297,14.0
T030,5244.959494356415,爬升,109.2308517,23.0085095,235.91566650390627,14.0
T030,5253.977466565074,爬升,109.2308517,23.0085095,262.96958312988284,14.0
T030,5262.9954387737325,爬升,109.2308517,23.0085095,290.0234997558594,14.0
T030,5272.013410982391,爬升,109.2308517,23.0085095,317.077416381836,14.0
T030,5281.031383191051,爬升,109.2308517,23.0085095,344.13133300781254,14.0
T030,5290.049355399709,爬升,109.2308517,23.0085095,371.18524963378906,14.0
T030,5299.067327608368,爬升,109.2308517,23.0085095,398.2391662597656,14.0
T030,5299.067327608368,巡航,109.2308517,23.0085095,398.2391662597656,14.0
T030,5308.9579640815955,巡航,109.23096431076924,23.009576144615384,398.2391662597656,14.0
T030,5318.848600554822,巡航,109.23107692153846,23.01064278923077,398.2391662597656,14.0
T030,5328.7392370280495,巡航,109.2311895323077,23.011709433846153,398.2391662597656,14.0
T030,5338.629873501277,巡航,109.23130214307693,23.01277607846154,398.2391662597656,14.0
T030,5348.5205099745035,巡航,109.23141475384615,23.013842723076923,398.2391662597656,14.0
T030,5358.411146447731,巡航,109.23152736461539,23.014909367692308,398.2391662597656,14.0
T030,5368.301782920958,巡航,109.23163997538462,23.015976012307693,398.2391662597656,14.0
T030,5378.192419394185,巡航,109.23175258615385,23.017042656923078,398.2391662597656,14.0
T030,5388.083055867412,巡航,109.23186519692308,23.01810930153846,398.2391662597656,14.0
T030,5397.973692340639,巡航,109.2319778076923,23.019175946153844,398.2391662597656,14.0
T030,5407.864328813866,巡航,109.23209041846154,23.02024259076923,398.2391662597656,14.0
T030,5417.754965287094,巡航,109.23220302923077,23.021309235384614,398.2391662597656,14.0
T030,5427.6456017603205,巡航,109.23231564,23.02237588,398.2391662597656,14.0
T030,5437.536238233548,巡航,109.23242825076923,23.023442524615383,398.2391662597656,14.0
T030,5447.426874706775,巡航,109.23254086153847,23.024509169230768,398.2391662597656,14.0
T030,5457.317511180002,巡航,109.23265347230769,23.025575813846153,398.2391662597656,14.0
T030,5467.208147653229,巡航,109.23276608307692,23.026642458461538,398.2391662597656,14.0
T030,5477.098784126457,巡航,109.23287869384616,23.027709103076923,398.2391662597656,14.0
T030,5486.989420599683,巡航,109.23299130461538,23.028775747692308,398.2391662597656,14.0
T030,5496.880057072911,巡航,109.23310391538462,23.029842392307692,398.2391662597656,14.0
T030,5506.770693546138,巡航,109.23321652615385,23.030909036923077,398.2391662597656,14.0
T030,5516.661330019365,巡航,109.23332913692307,23.031975681538462,398.2391662597656,14.0
T030,5526.551966492592,巡航,109.23344174769231,23.033042326153847,398.2391662597656,14.0
T030,5536.44260296582,巡航,109.23355435846155,23.034108970769232,398.2391662597656,14.0
T030,5546.333239439046,巡航,109.23366696923077,23.035175615384613,398.2391662597656,14.0
T030,5556.223875912274,巡航,109.23377958,23.036242259999998,398.2391662597656,14.0
T030,5566.1145123855,巡航,109.23389219076923,23.037308904615383,398.2391662597656,14.0
T030,5576.005148858728,巡航,109.23400480153846,23.038375549230768,398.2391662597656,14.0
T030,5585.895785331955,巡航,109.2341174123077,23.039442193846153,398.2391662597656,14.0
T030,5595.786421805182,巡航,109.23423002307692,23.040508838461538,398.2391662597656,14.0
T030,5605.677058278409,巡航,109.23434263384615,23.041575483076922,398.2391662597656,14.0
T030,5615.567694751637,巡航,109.23445524461539,23.042642127692307,398.2391662597656,14.0
T030,5625.458331224863,巡航,109.23456785538461,23.043708772307692,398.2391662597656,14.0
T030,5635.348967698091,巡航,109.23468046615385,23.044775416923077,398.2391662597656,14.0
T030,5645.239604171318,巡航,109.23479307692308,23.045842061538462,398.2391662597656,14.0
T030,5655.130240644545,巡航,109.2349056876923,23.046908706153847,398.2391662597656,14.0
T030,5665.020877117772,巡航,109.23501829846154,23.04797535076923,398.2391662597656,14.0
T030,5674.911513591,巡航,109.23513090923078,23.049041995384616,398.2391662597656,14.0
T030,5684.802150064226,巡航,109.23524352,23.05010864,398.2391662597656,14.0
T030,5694.692786537454,巡航,109.23535613076923,23.051175284615386,398.2391662597656,14.0
T030,5704.583423010681,巡航,109.23546874153845,23.052241929230767,398.2391662597656,14.0
T030,5714.474059483908,巡航,109.23558135230769,23.053308573846152,398.2391662597656,14.0
T030,5724.364695957135,巡航,109.23569396307693,23.054375218461537,398.2391662597656,14.0
T030,5734.255332430362,巡航,109.23580657384615,23.055441863076922,398.2391662597656,14.0
T030,5744.145968903589,巡航,109.23591918461538,23.056508507692307,398.2391662597656,14.0
T030,5754.036605376817,巡航,109.23603179538462,23.05757515230769,398.2391662597656,14.0
T030,5763.927241850043,巡航,109.23614440615384,23.058641796923077,398.2391662597656,14.0
T030,5773.817878323271,巡航,109.23625701692308,23.05970844153846,398.2391662597656,14.0
T030,5783.708514796498,巡航,109.23636962769231,23.060775086153846,398.2391662597656,14.0
T030,5793.599151269725,巡航,109.23648223846153,23.06184173076923,398.2391662597656,14.0
T030,5803.489787742952,巡航,109.23659484923077,23.062908375384616,398.2391662597656,14.0
T030,5813.38042421618,巡航,109.23670746,23.06397502,398.2391662597656,14.0
T030,5823.271060689406,巡航,109.23682007076923,23.065041664615386,398.2391662597656,14.0
T030,5833.161697162634,巡航,109.23693268153846,23.06610830923077,398.2391662597656,14.0
T030,5843.052333635861,巡航,109.2370452923077,23.067174953846155,398.2391662597656,14.0
T030,5852.942970109088,巡航,109.23715790307692,23.06824159846154,398.2391662597656,14.0
T030,5862.833606582315,巡航,109.23727051384616,23.06930824307692,398.2391662597656,14.0
T030,5872.724243055542,巡航,109.23738312461538,23.070374887692306,398.2391662597656,14.0
T030,5882.614879528769,巡航,109.23749573538461,23.07144153230769,398.2391662597656,14.0
T030,5892.5055160019965,巡航,109.23760834615385,23.072508176923076,398.2391662597656,14.0
T030,5902.396152475223,巡航,109.23772095692307,23.07357482153846,398.2391662597656,14.0
T030,5912.2867889484505,巡航,109.2378335676923,23.074641466153846,398.2391662597656,14.0
T030,5922.177425421678,巡航,109.23794617846154,23.07570811076923,398.2391662597656,14.0
T030,5932.0680618949045,巡航,109.23805878923076,23.076774755384616,398.2391662597656,14.0
T030,5941.958698368132,巡航,109.2381714,23.0778414,398.2391662597656,14.0
T030,5941.958698368132,下降,109.2381714,23.0778414,398.2391662597656,14.0
T030,5951.66950786869,下降,109.2381714,23.0778414,373.96214250837056,14.0
T030,5961.380317369249,下降,109.2381714,23.0778414,349.68511875697544,14.0
T030,5971.091126869806,下降,109.2381714,23.0778414,325.4080950055804,14.0
T030,5980.801936370364,下降,109.2381714,23.0778414,301.13107125418526,14.0
T030,5990.512745870922,下降,109.2381714,23.0778414,276.8540475027902,14.0
T030,6000.223555371481,下降,109.2381714,23.0778414,252.5770237513951,14.0
T030,6009.934364872039,下降,109.2381714,23.0778414,228.3,14.0
T030,6009.934364872039,交接,109.2381714,23.0778414,228.3,14.0
T030,6019.934364872039,交接,109.2381714,23.0778414,228.3,14.0
T030,6029.934364872039,交接,109.2381714,23.0778414,228.3,14.0
T030,6039.934364872039,交接,109.2381714,23.0778414,228.3,14.0
T030,6049.934364872039,交接,109.2381714,23.0778414,228.3,14.0
T030,6059.934364872039,交接,109.2381714,23.0778414,228.3,14.0
T030,6069.934364872039,交接,109.2381714,23.0778414,228.3,14.0
T030,6079.934364872039,交接,109.2381714,23.0778414,228.3,14.0
T030,6089.934364872039,交接,109.2381714,23.0778414,228.3,14.0
T030,6099.934364872039,交接,109.2381714,23.0778414,228.3,14.0
T030,6109.934364872039,交接,109.2381714,23.0778414,228.3,14.0
T030,6119.934364872039,交接,109.2381714,23.0778414,228.3,14.0
T030,6129.934364872039,交接,109.2381714,23.0778414,228.3,14.0
T030,6139.934364872039,交接,109.2381714,23.0778414,228.3,14.0
T030,6149.934364872039,交接,109.2381714,23.0778414,228.3,14.0
T030,6159.934364872039,交接,109.2381714,23.0778414,228.3,14.0
T030,6169.934364872039,交接,109.2381714,23.0778414,228.3,14.0
T030,6179.934364872039,交接,109.2381714,23.0778414,228.3,14.0
T030,6189.934364872039,交接,109.2381714,23.0778414,228.3,14.0
T030,6189.934364872039,爬升,109.2381714,23.0778414,228.3,0.0
T030,6199.375429664248,爬升,109.2381714,23.0778414,256.6231943766276,0.0
T030,6208.816494456457,爬升,109.2381714,23.0778414,284.94638875325523,0.0
T030,6218.257559248666,爬升,109.2381714,23.0778414,313.2695831298828,0.0
T030,6227.698624040876,爬升,109.2381714,23.0778414,341.5927775065104,0.0
T030,6237.139688833085,爬升,109.2381714,23.0778414,369.915971883138,0.0
T030,6246.580753625294,爬升,109.2381714,23.0778414,398.2391662597656,0.0
T030,6246.580753625294,巡航,109.2381714,23.0778414,398.2391662597656,0.0
T030,6256.471390098522,巡航,109.23805878923076,23.076774755384616,398.2391662597656,0.0
T030,6266.362026571748,巡航,109.23794617846154,23.07570811076923,398.2391662597656,0.0
T030,6276.252663044976,巡航,109.2378335676923,23.074641466153846,398.2391662597656,0.0
T030,6286.143299518203,巡航,109.23772095692307,23.07357482153846,398.2391662597656,0.0
T030,6296.03393599143,巡航,109.23760834615385,23.072508176923076,398.2391662597656,0.0
T030,6305.924572464657,巡航,109.23749573538461,23.07144153230769,398.2391662597656,0.0
T030,6315.815208937885,巡航,109.23738312461538,23.070374887692306,398.2391662597656,0.0
T030,6325.705845411111,巡航,109.23727051384616,23.06930824307692,398.2391662597656,0.0
T030,6335.596481884339,巡航,109.23715790307692,23.06824159846154,398.2391662597656,0.0
T030,6345.487118357565,巡航,109.2370452923077,23.067174953846155,398.2391662597656,0.0
T030,6355.377754830793,巡航,109.23693268153846,23.06610830923077,398.2391662597656,0.0
T030,6365.26839130402,巡航,109.23682007076923,23.065041664615386,398.2391662597656,0.0
T030,6375.159027777247,巡航,109.23670746,23.06397502,398.2391662597656,0.0
T030,6385.049664250474,巡航,109.23659484923077,23.062908375384616,398.2391662597656,0.0
T030,6394.9403007237015,巡航,109.23648223846153,23.06184173076923,398.2391662597656,0.0
T030,6404.830937196928,巡航,109.23636962769231,23.060775086153846,398.2391662597656,0.0
T030,6414.7215736701555,巡航,109.23625701692308,23.05970844153846,398.2391662597656,0.0
T030,6424.612210143383,巡航,109.23614440615384,23.058641796923077,398.2391662597656,0.0
T030,6434.5028466166095,巡航,109.23603179538462,23.05757515230769,398.2391662597656,0.0
T030,6444.393483089837,巡航,109.23591918461538,23.056508507692307,398.2391662597656,0.0
T030,6454.284119563064,巡航,109.23580657384615,23.055441863076922,398.2391662597656,0.0
T030,6464.174756036291,巡航,109.23569396307693,23.054375218461537,398.2391662597656,0.0
T030,6474.0653925095185,巡航,109.23558135230769,23.053308573846152,398.2391662597656,0.0
T030,6483.956028982746,巡航,109.23546874153845,23.052241929230767,398.2391662597656,0.0
T030,6493.8466654559725,巡航,109.23535613076923,23.051175284615386,398.2391662597656,0.0
T030,6503.7373019292,巡航,109.23524352,23.05010864,398.2391662597656,0.0
T030,6513.6279384024265,巡航,109.23513090923078,23.049041995384616,398.2391662597656,0.0
T030,6523.518574875654,巡航,109.23501829846154,23.04797535076923,398.2391662597656,0.0
T030,6533.409211348881,巡航,109.2349056876923,23.046908706153847,398.2391662597656,0.0
T030,6543.299847822108,巡航,109.23479307692308,23.045842061538462,398.2391662597656,0.0
T030,6553.190484295335,巡航,109.23468046615385,23.044775416923077,398.2391662597656,0.0
T030,6563.081120768563,巡航,109.23456785538461,23.043708772307692,398.2391662597656,0.0
T030,6572.971757241789,巡航,109.23445524461539,23.042642127692307,398.2391662597656,0.0
T030,6582.862393715017,巡航,109.23434263384615,23.041575483076922,398.2391662597656,0.0
T030,6592.753030188244,巡航,109.23423002307692,23.040508838461538,398.2391662597656,0.0
T030,6602.643666661471,巡航,109.2341174123077,23.039442193846153,398.2391662597656,0.0
T030,6612.534303134698,巡航,109.23400480153846,23.038375549230768,398.2391662597656,0.0
T030,6622.424939607926,巡航,109.23389219076923,23.037308904615383,398.2391662597656,0.0
T030,6632.315576081152,巡航,109.23377958,23.036242259999998,398.2391662597656,0.0
T030,6642.20621255438,巡航,109.23366696923077,23.035175615384613,398.2391662597656,0.0
T030,6652.096849027606,巡航,109.23355435846155,23.034108970769232,398.2391662597656,0.0
T030,6661.987485500834,巡航,109.23344174769231,23.033042326153847,398.2391662597656,0.0
T030,6671.878121974061,巡航,109.23332913692307,23.031975681538462,398.2391662597656,0.0
T030,6681.768758447288,巡航,109.23321652615385,23.030909036923077,398.2391662597656,0.0
T030,6691.659394920515,巡航,109.23310391538462,23.029842392307692,398.2391662597656,0.0
T030,6701.550031393743,巡航,109.23299130461538,23.028775747692308,398.2391662597656,0.0
T030,6711.440667866969,巡航,109.23287869384616,23.027709103076923,398.2391662597656,0.0
T030,6721.331304340197,巡航,109.23276608307692,23.026642458461538,398.2391662597656,0.0
T030,6731.221940813424,巡航,109.23265347230769,23.025575813846153,398.2391662597656,0.0
T030,6741.112577286651,巡航,109.23254086153847,23.024509169230768,398.2391662597656,0.0
T030,6751.003213759878,巡航,109.23242825076923,23.023442524615383,398.2391662597656,0.0
T030,6760.893850233106,巡航,109.23231564,23.02237588,398.2391662597656,0.0
T030,6770.784486706332,巡航,109.23220302923077,23.021309235384614,398.2391662597656,0.0
T030,6780.67512317956,巡航,109.23209041846154,23.02024259076923,398.2391662597656,0.0
T030,6790.565759652787,巡航,109.2319778076923,23.019175946153844,398.2391662597656,0.0
T030,6800.456396126014,巡航,109.23186519692308,23.01810930153846,398.2391662597656,0.0
T030,6810.347032599241,巡航,109.23175258615385,23.017042656923078,398.2391662597656,0.0
T030,6820.237669072469,巡航,109.23163997538462,23.015976012307693,398.2391662597656,0.0
T030,6830.128305545695,巡航,109.23152736461539,23.014909367692308,398.2391662597656,0.0
T030,6840.018942018923,巡航,109.23141475384615,23.013842723076923,398.2391662597656,0.0
T030,6849.909578492149,巡航,109.23130214307693,23.01277607846154,398.2391662597656,0.0
T030,6859.800214965377,巡航,109.2311895323077,23.011709433846153,398.2391662597656,0.0
T030,6869.690851438604,巡航,109.23107692153846,23.01064278923077,398.2391662597656,0.0
T030,6879.581487911831,巡航,109.23096431076924,23.009576144615384,398.2391662597656,0.0
T030,6889.472124385058,巡航,109.2308517,23.0085095,398.2391662597656,0.0
T030,6889.472124385058,下降,109.2308517,23.0085095,398.2391662597656,0.0
T030,6899.309912249049,下降,109.2308517,23.0085095,373.6446965997869,0.0
T030,6909.147700113041,下降,109.2308517,23.0085095,349.0502269398082,0.0
T030,6918.985487977033,下降,109.2308517,23.0085095,324.4557572798295,0.0
T030,6928.823275841024,下降,109.2308517,23.0085095,299.8612876198508,0.0
T030,6938.661063705015,下降,109.2308517,23.0085095,275.2668179598721,0.0
T030,6948.498851569007,下降,109.2308517,23.0085095,250.67234829989346,0.0
T030,6958.336639432998,下降,109.2308517,23.0085095,226.07787863991476,0.0
T030,6968.174427296989,下降,109.2308517,23.0085095,201.48340897993606,0.0
T030,6978.012215160981,下降,109.2308517,23.0085095,176.88893931995736,0.0
T030,6987.8500030249725,下降,109.2308517,23.0085095,152.29446965997866,0.0
T030,6997.687790888964,下降,109.2308517,23.0085095,127.69999999999999,0.0
T031,5610.058364465625,准备装载,109.2308517,23.0085095,127.7,8.0
T031,5620.058364465625,准备装载,109.2308517,23.0085095,127.7,8.0
T031,5630.058364465625,准备装载,109.2308517,23.0085095,127.7,8.0
T031,5640.058364465625,准备装载,109.2308517,23.0085095,127.7,8.0
T031,5650.058364465625,准备装载,109.2308517,23.0085095,127.7,8.0
T031,5660.058364465625,准备装载,109.2308517,23.0085095,127.7,8.0
T031,5670.058364465625,准备装载,109.2308517,23.0085095,127.7,8.0
T031,5680.058364465625,准备装载,109.2308517,23.0085095,127.7,8.0
T031,5690.058364465625,准备装载,109.2308517,23.0085095,127.7,8.0
T031,5700.058364465625,准备装载,109.2308517,23.0085095,127.7,8.0
T031,5710.058364465625,准备装载,109.2308517,23.0085095,127.7,8.0
T031,5720.058364465625,准备装载,109.2308517,23.0085095,127.7,8.0
T031,5730.058364465625,准备装载,109.2308517,23.0085095,127.7,8.0
T031,5740.058364465625,准备装载,109.2308517,23.0085095,127.7,8.0
T031,5750.058364465625,准备装载,109.2308517,23.0085095,127.7,8.0
T031,5760.058364465625,准备装载,109.2308517,23.0085095,127.7,8.0
T031,5770.058364465625,准备装载,109.2308517,23.0085095,127.7,8.0
T031,5780.058364465625,准备装载,109.2308517,23.0085095,127.7,8.0
T031,5790.058364465625,准备装载,109.2308517,23.0085095,127.7,8.0
T031,5800.058364465625,准备装载,109.2308517,23.0085095,127.7,8.0
T031,5810.058364465625,准备装载,109.2308517,23.0085095,127.7,8.0
T031,5820.058364465625,准备装载,109.2308517,23.0085095,127.7,8.0
T031,5830.058364465625,准备装载,109.2308517,23.0085095,127.7,8.0
T031,5840.058364465625,准备装载,109.2308517,23.0085095,127.7,8.0
T031,5850.058364465625,准备装载,109.2308517,23.0085095,127.7,8.0
T031,5860.058364465625,准备装载,109.2308517,23.0085095,127.7,8.0
T031,5870.058364465625,准备装载,109.2308517,23.0085095,127.7,8.0
T031,5880.058364465625,准备装载,109.2308517,23.0085095,127.7,8.0
T031,5890.058364465625,准备装载,109.2308517,23.0085095,127.7,8.0
T031,5900.058364465625,准备装载,109.2308517,23.0085095,127.7,8.0
T031,5910.058364465625,准备装载,109.2308517,23.0085095,127.7,8.0
T031,5920.058364465625,准备装载,109.2308517,23.0085095,127.7,8.0
T031,5930.058364465625,准备装载,109.2308517,23.0085095,127.7,8.0
T031,5940.058364465625,准备装载,109.2308517,23.0085095,127.7,8.0
T031,5940.058364465625,爬升,109.2308517,23.0085095,127.7,8.0
T031,5949.991607772103,爬升,109.2308517,23.0085095,157.4997299194336,8.0
T031,5959.924851078581,爬升,109.2308517,23.0085095,187.2994598388672,8.0
T031,5969.858094385059,爬升,109.2308517,23.0085095,217.09918975830078,8.0
T031,5979.791337691537,爬升,109.2308517,23.0085095,246.8989196777344,8.0
T031,5989.724580998014,爬升,109.2308517,23.0085095,276.69864959716796,8.0
T031,5999.657824304492,爬升,109.2308517,23.0085095,306.4983795166016,8.0
T031,6009.591067610971,爬升,109.2308517,23.0085095,336.2981094360352,8.0
T031,6019.524310917448,爬升,109.2308517,23.0085095,366.09783935546875,8.0
T031,6019.524310917448,巡航,109.2308517,23.0085095,366.09783935546875,8.0
T031,6029.358286776749,巡航,109.22970102962964,23.008480037037035,366.09783935546875,8.0
T031,6039.192262636051,巡航,109.22855035925926,23.00845057407407,366.09783935546875,8.0
T031,6049.026238495352,巡航,109.2273996888889,23.00842111111111,366.09783935546875,8.0
T031,6058.860214354653,巡航,109.22624901851852,23.008391648148148,366.09783935546875,8.0
T031,6068.694190213955,巡航,109.22509834814815,23.008362185185185,366.09783935546875,8.0
T031,6078.528166073256,巡航,109.22394767777779,23.00833272222222,366.09783935546875,8.0
T031,6088.362141932558,巡航,109.22279700740741,23.008303259259257,366.09783935546875,8.0
T031,6098.196117791859,巡航,109.22164633703704,23.008273796296294,366.09783935546875,8.0
T031,6108.03009365116,巡航,109.22049566666666,23.008244333333334,366.09783935546875,8.0
T031,6117.864069510462,巡航,109.2193449962963,23.00821487037037,366.09783935546875,8.0
T031,6127.698045369763,巡航,109.21819432592594,23.008185407407407,366.09783935546875,8.0
T031,6137.532021229064,巡航,109.21704365555556,23.008155944444443,366.09783935546875,8.0
T031,6147.365997088366,巡航,109.21589298518519,23.00812648148148,366.09783935546875,8.0
T031,6157.199972947667,巡航,109.21474231481481,23.00809701851852,366.09783935546875,8.0
T031,6167.033948806969,巡航,109.21359164444445,23.008067555555556,366.09783935546875,8.0
T031,6176.8679246662705,巡航,109.21244097407407,23.008038092592592,366.09783935546875,8.0
T031,6186.701900525572,巡航,109.2112903037037,23.00800862962963,366.09783935546875,8.0
T031,6196.5358763848735,巡航,109.21013963333334,23.007979166666665,366.09783935546875,8.0
T031,6206.369852244175,巡航,109.20898896296296,23.007949703703705,366.09783935546875,8.0
T031,6216.203828103476,巡航,109.2078382925926,23.00792024074074,366.09783935546875,8.0
T031,6226.037803962778,巡航,109.20668762222222,23.007890777777778,366.09783935546875,8.0
T031,6235.871779822079,巡航,109.20553695185185,23.007861314814814,366.09783935546875,8.0
T031,6245.705755681381,巡航,109.20438628148149,23.00783185185185,366.09783935546875,8.0
T031,6255.539731540682,巡航,109.20323561111111,23.007802388888887,366.09783935546875,8.0
T031,6265.373707399983,巡航,109.20208494074075,23.007772925925927,366.09783935546875,8.0
T031,6275.207683259285,巡航,109.20093427037037,23.007743462962964,366.09783935546875,8.0
T031,6285.041659118586,巡航,109.1997836,23.007714,366.09783935546875,8.0
T031,6285.041659118586,下降,109.1997836,23.007714,366.09783935546875,8.0
T031,6291.8813710326485,下降,109.1997836,23.007714,348.9985595703125,8.0
T031,6298.721082946711,下降,109.1997836,23.007714,331.89927978515624,8.0
T031,6305.560794860774,下降,109.1997836,23.007714,314.8,8.0
T031,6305.560794860774,交接,109.1997836,23.007714,314.8,8.0
T031,6315.560794860774,交接,109.1997836,23.007714,314.8,8.0
T031,6325.560794860774,交接,109.1997836,23.007714,314.8,8.0
T031,6335.560794860774,交接,109.1997836,23.007714,314.8,8.0
T031,6345.560794860774,交接,109.1997836,23.007714,314.8,8.0
T031,6355.560794860774,交接,109.1997836,23.007714,314.8,8.0
T031,6365.560794860774,交接,109.1997836,23.007714,314.8,8.0
T031,6375.560794860774,交接,109.1997836,23.007714,314.8,8.0
T031,6385.560794860774,交接,109.1997836,23.007714,314.8,8.0
T031,6395.560794860774,交接,109.1997836,23.007714,314.8,8.0
T031,6405.560794860774,交接,109.1997836,23.007714,314.8,8.0
T031,6415.560794860774,交接,109.1997836,23.007714,314.8,8.0
T031,6425.560794860774,交接,109.1997836,23.007714,314.8,8.0
T031,6435.560794860774,交接,109.1997836,23.007714,314.8,8.0
T031,6445.560794860774,交接,109.1997836,23.007714,314.8,8.0
T031,6455.560794860774,交接,109.1997836,23.007714,314.8,8.0
T031,6465.560794860774,交接,109.1997836,23.007714,314.8,8.0
T031,6475.560794860774,交接,109.1997836,23.007714,314.8,8.0
T031,6485.560794860774,交接,109.1997836,23.007714,314.8,8.0
T031,6485.560794860774,爬升,109.1997836,23.007714,314.8,0.0
T031,6494.110434753352,爬升,109.1997836,23.007714,340.44891967773435,0.0
T031,6502.66007464593,爬升,109.1997836,23.007714,366.09783935546875,0.0
T031,6502.66007464593,巡航,109.1997836,23.007714,366.09783935546875,0.0
T031,6512.494050505231,巡航,109.20093427037037,23.007743462962964,366.09783935546875,0.0
T031,6522.328026364533,巡航,109.20208494074075,23.007772925925927,366.09783935546875,0.0
T031,6532.162002223834,巡航,109.20323561111111,23.007802388888887,366.09783935546875,0.0
T031,6541.995978083135,巡航,109.20438628148149,23.00783185185185,366.09783935546875,0.0
T031,6551.829953942437,巡航,109.20553695185185,23.007861314814814,366.09783935546875,0.0
T031,6561.663929801738,巡航,109.20668762222222,23.007890777777778,366.09783935546875,0.0
T031,6571.49790566104,巡航,109.2078382925926,23.00792024074074,366.09783935546875,0.0
T031,6581.331881520341,巡航,109.20898896296296,23.007949703703705,366.09783935546875,0.0
T031,6591.165857379642,巡航,109.21013963333334,23.007979166666665,366.09783935546875,0.0
T031,6600.999833238944,巡航,109.2112903037037,23.00800862962963,366.09783935546875,0.0
T031,6610.833809098245,巡航,109.21244097407407,23.008038092592592,366.09783935546875,0.0
T031,6620.667784957546,巡航,109.21359164444445,23.008067555555556,366.09783935546875,0.0
T031,6630.501760816848,巡航,109.21474231481481,23.00809701851852,366.09783935546875,0.0
T031,6640.335736676149,巡航,109.21589298518519,23.00812648148148,366.09783935546875,0.0
T031,6650.169712535451,巡航,109.21704365555556,23.008155944444443,366.09783935546875,0.0
T031,6660.003688394752,巡航,109.21819432592594,23.008185407407407,366.09783935546875,0.0
T031,6669.837664254053,巡航,109.2193449962963,23.00821487037037,366.09783935546875,0.0
T031,6679.671640113355,巡航,109.22049566666666,23.008244333333334,366.09783935546875,0.0
T031,6689.505615972656,巡航,109.22164633703704,23.008273796296294,366.09783935546875,0.0
T031,6699.3395918319575,巡航,109.22279700740741,23.008303259259257,366.09783935546875,0.0
T031,6709.173567691259,巡航,109.22394767777779,23.00833272222222,366.09783935546875,0.0
T031,6719.0075435505605,巡航,109.22509834814815,23.008362185185185,366.09783935546875,0.0
T031,6728.8415194098625,巡航,109.22624901851852,23.008391648148148,366.09783935546875,0.0
T031,6738.675495269164,巡航,109.2273996888889,23.00842111111111,366.09783935546875,0.0
T031,6748.509471128465,巡航,109.22855035925926,23.00845057407407,366.09783935546875,0.0
T031,6758.343446987767,巡航,109.22970102962964,23.008480037037035,366.09783935546875,0.0
T031,6768.177422847068,巡航,109.2308517,23.0085095,366.09783935546875,0.0
T031,6768.177422847068,下降,109.2308517,23.0085095,366.09783935546875,0.0
T031,6777.713336421287,下降,109.2308517,23.0085095,342.2580554199219,0.0
T031,6787.249249995505,下降,109.2308517,23.0085095,318.418271484375,0.0
T031,6796.785163569724,下降,109.2308517,23.0085095,294.5784875488281,0.0
T031,6806.321077143943,下降,109.2308517,23.0085095,270.73870361328125,0.0
T031,6815.856990718162,下降,109.2308517,23.0085095,246.89891967773437,0.0
T031,6825.392904292381,下降,109.2308517,23.0085095,223.05913574218746,0.0
T031,6834.928817866599,下降,109.2308517,23.0085095,199.2193518066406,0.0
T031,6844.4647314408185,下降,109.2308517,23.0085095,175.37956787109374,0.0
T031,6854.000645015037,下降,109.2308517,23.0085095,151.53978393554686,0.0
T031,6863.536558589256,下降,109.2308517,23.0085095,127.69999999999999,0.0
T032,5716.575579302389,准备装载,109.2308517,23.0085095,127.7,8.0
T032,5726.575579302389,准备装载,109.2308517,23.0085095,127.7,8.0
T032,5736.575579302389,准备装载,109.2308517,23.0085095,127.7,8.0
T032,5746.575579302389,准备装载,109.2308517,23.0085095,127.7,8.0
T032,5756.575579302389,准备装载,109.2308517,23.0085095,127.7,8.0
T032,5766.575579302389,准备装载,109.2308517,23.0085095,127.7,8.0
T032,5776.575579302389,准备装载,109.2308517,23.0085095,127.7,8.0
T032,5786.575579302389,准备装载,109.2308517,23.0085095,127.7,8.0
T032,5796.575579302389,准备装载,109.2308517,23.0085095,127.7,8.0
T032,5806.575579302389,准备装载,109.2308517,23.0085095,127.7,8.0
T032,5816.575579302389,准备装载,109.2308517,23.0085095,127.7,8.0
T032,5826.575579302389,准备装载,109.2308517,23.0085095,127.7,8.0
T032,5836.575579302389,准备装载,109.2308517,23.0085095,127.7,8.0
T032,5846.575579302389,准备装载,109.2308517,23.0085095,127.7,8.0
T032,5856.575579302389,准备装载,109.2308517,23.0085095,127.7,8.0
T032,5866.575579302389,准备装载,109.2308517,23.0085095,127.7,8.0
T032,5876.575579302389,准备装载,109.2308517,23.0085095,127.7,8.0
T032,5886.575579302389,准备装载,109.2308517,23.0085095,127.7,8.0
T032,5896.575579302389,准备装载,109.2308517,23.0085095,127.7,8.0
T032,5906.575579302389,准备装载,109.2308517,23.0085095,127.7,8.0
T032,5916.575579302389,准备装载,109.2308517,23.0085095,127.7,8.0
T032,5926.575579302389,准备装载,109.2308517,23.0085095,127.7,8.0
T032,5936.575579302389,准备装载,109.2308517,23.0085095,127.7,8.0
T032,5946.575579302389,准备装载,109.2308517,23.0085095,127.7,8.0
T032,5956.575579302389,准备装载,109.2308517,23.0085095,127.7,8.0
T032,5966.575579302389,准备装载,109.2308517,23.0085095,127.7,8.0
T032,5976.575579302389,准备装载,109.2308517,23.0085095,127.7,8.0
T032,5986.575579302389,准备装载,109.2308517,23.0085095,127.7,8.0
T032,5996.575579302389,准备装载,109.2308517,23.0085095,127.7,8.0
T032,6006.575579302389,准备装载,109.2308517,23.0085095,127.7,8.0
T032,6016.575579302389,准备装载,109.2308517,23.0085095,127.7,8.0
T032,6026.575579302389,准备装载,109.2308517,23.0085095,127.7,8.0
T032,6036.575579302389,准备装载,109.2308517,23.0085095,127.7,8.0
T032,6046.575579302389,准备装载,109.2308517,23.0085095,127.7,8.0
T032,6046.575579302389,爬升,109.2308517,23.0085095,127.7,8.0
T032,6055.906989473436,爬升,109.2308517,23.0085095,155.69423051313922,8.0
T032,6065.238399644481,爬升,109.2308517,23.0085095,183.68846102627842,8.0
T032,6074.569809815528,爬升,109.2308517,23.0085095,211.68269153941762,8.0
T032,6083.901219986575,爬升,109.2308517,23.0085095,239.67692205255685,8.0
T032,6093.232630157621,爬升,109.2308517,23.0085095,267.67115256569605,8.0
T032,6102.564040328667,爬升,109.2308517,23.0085095,295.66538307883525,8.0
T032,6111.895450499714,爬升,109.2308517,23.0085095,323.65961359197445,8.0
T032,6121.22686067076,爬升,109.2308517,23.0085095,351.65384410511365,8.0
T032,6130.558270841807,爬升,109.2308517,23.0085095,379.64807461825285,8.0
T032,6139.889681012853,爬升,109.2308517,23.0085095,407.64230513139205,8.0
T032,6149.221091183899,爬升,109.2308517,23.0085095,435.63653564453125,8.0
T032,6149.221091183899,巡航,109.2308517,23.0085095,435.63653564453125,8.0
T032,6159.18878879149,巡航,109.232263109375,23.00884985625,435.63653564453125,8.0
T032,6169.156486399081,巡航,109.23367451875001,23.0091902125,435.63653564453125,8.0
T032,6179.124184006672,巡航,109.235085928125,23.009530568749998,435.63653564453125,8.0
T032,6189.091881614263,巡航,109.2364973375,23.009870924999998,435.63653564453125,8.0
T032,6199.059579221854,巡航,109.23790874687501,23.010211281249997,435.63653564453125,8.0
T032,6209.027276829444,巡航,109.23932015625,23.0105516375,435.63653564453125,8.0
T032,6218.994974437036,巡航,109.240731565625,23.01089199375,435.63653564453125,8.0
T032,6228.962672044627,巡航,109.24214297500001,23.01123235,435.63653564453125,8.0
T032,6238.930369652217,巡航,109.243554384375,23.01157270625,435.63653564453125,8.0
T032,6248.898067259808,巡航,109.24496579375,23.0119130625,435.63653564453125,8.0
T032,6258.865764867399,巡航,109.246377203125,23.01225341875,435.63653564453125,8.0
T032,6268.8334624749905,巡航,109.2477886125,23.012593775,435.63653564453125,8.0
T032,6278.801160082581,巡航,109.249200021875,23.01293413125,435.63653564453125,8.0
T032,6288.768857690172,巡航,109.25061143125,23.0132744875,435.63653564453125,8.0
T032,6298.736555297763,巡航,109.252022840625,23.01361484375,435.63653564453125,8.0
T032,6308.704252905354,巡航,109.25343425,23.013955199999998,435.63653564453125,8.0
T032,6318.671950512945,巡航,109.254845659375,23.01429555625,435.63653564453125,8.0
T032,6328.639648120536,巡航,109.25625706875,23.0146359125,435.63653564453125,8.0
T032,6338.607345728126,巡航,109.257668478125,23.01497626875,435.63653564453125,8.0
T032,6348.575043335717,巡航,109.2590798875,23.015316625,435.63653564453125,8.0
T032,6358.542740943309,巡航,109.260491296875,23.01565698125,435.63653564453125,8.0
T032,6368.510438550899,巡航,109.26190270625,23.0159973375,435.63653564453125,8.0
T032,6378.47813615849,巡航,109.263314115625,23.01633769375,435.63653564453125,8.0
T032,6388.445833766081,巡航,109.26472552499999,23.01667805,435.63653564453125,8.0
T032,6398.4135313736715,巡航,109.266136934375,23.01701840625,435.63653564453125,8.0
T032,6408.381228981263,巡航,109.26754834375,23.0173587625,435.63653564453125,8.0
T032,6418.348926588854,巡航,109.26895975312499,23.017699118750002,435.63653564453125,8.0
T032,6428.3166241964445,巡航,109.2703711625,23.018039475000002,435.63653564453125,8.0
T032,6438.284321804035,巡航,109.271782571875,23.01837983125,435.63653564453125,8.0
T032,6448.252019411627,巡航,109.27319398124999,23.0187201875,435.63653564453125,8.0
T032,6458.219717019218,巡航,109.274605390625,23.01906054375,435.63653564453125,8.0
T032,6468.187414626808,巡航,109.2760168,23.0194009,435.63653564453125,8.0
T032,6468.187414626808,下降,109.2760168,23.0194009,435.63653564453125,8.0
T032,6476.591068191261,下降,109.2760168,23.0194009,414.6274017333984,8.0
T032,6484.994721755715,下降,109.2760168,23.0194009,393.61826782226564,8.0
T032,6493.398375320168,下降,109.2760168,23.0194009,372.60913391113286,8.0
T032,6501.802028884621,下降,109.2760168,23.0194009,351.6,8.0
T032,6501.802028884621,交接,109.2760168,23.0194009,351.6,8.0
T032,6511.802028884621,交接,109.2760168,23.0194009,351.6,8.0
T032,6521.802028884621,交接,109.2760168,23.0194009,351.6,8.0
T032,6531.802028884621,交接,109.2760168,23.0194009,351.6,8.0
T032,6541.802028884621,交接,109.2760168,23.0194009,351.6,8.0
T032,6551.802028884621,交接,109.2760168,23.0194009,351.6,8.0
T032,6561.802028884621,交接,109.2760168,23.0194009,351.6,8.0
T032,6571.802028884621,交接,109.2760168,23.0194009,351.6,8.0
T032,6581.802028884621,交接,109.2760168,23.0194009,351.6,8.0
T032,6591.802028884621,交接,109.2760168,23.0194009,351.6,8.0
T032,6601.802028884621,交接,109.2760168,23.0194009,351.6,8.0
T032,6611.802028884621,交接,109.2760168,23.0194009,351.6,8.0
T032,6621.802028884621,交接,109.2760168,23.0194009,351.6,8.0
T032,6631.802028884621,交接,109.2760168,23.0194009,351.6,8.0
T032,6641.802028884621,交接,109.2760168,23.0194009,351.6,8.0
T032,6651.802028884621,交接,109.2760168,23.0194009,351.6,8.0
T032,6661.802028884621,交接,109.2760168,23.0194009,351.6,8.0
T032,6671.802028884621,交接,109.2760168,23.0194009,351.6,8.0
T032,6681.802028884621,交接,109.2760168,23.0194009,351.6,8.0
T032,6681.802028884621,爬升,109.2760168,23.0194009,351.6,0.0
T032,6691.139421734013,爬升,109.2760168,23.0194009,379.6121785481771,0.0
T032,6700.476814583406,爬升,109.2760168,23.0194009,407.6243570963542,0.0
T032,6709.814207432798,爬升,109.2760168,23.0194009,435.63653564453125,0.0
T032,6709.814207432798,巡航,109.2760168,23.0194009,435.63653564453125,0.0
T032,6719.781905040389,巡航,109.274605390625,23.01906054375,435.63653564453125,0.0
T032,6729.749602647979,巡航,109.27319398124999,23.0187201875,435.63653564453125,0.0
T032,6739.717300255571,巡航,109.271782571875,23.01837983125,435.63653564453125,0.0
T032,6749.684997863162,巡航,109.2703711625,23.018039475000002,435.63653564453125,0.0
T032,6759.652695470752,巡航,109.26895975312499,23.017699118750002,435.63653564453125,0.0
T032,6769.620393078343,巡航,109.26754834375,23.0173587625,435.63653564453125,0.0
T032,6779.588090685935,巡航,109.266136934375,23.01701840625,435.63653564453125,0.0
T032,6789.555788293525,巡航,109.26472552499999,23.01667805,435.63653564453125,0.0
T032,6799.523485901116,巡航,109.263314115625,23.01633769375,435.63653564453125,0.0
T032,6809.491183508707,巡航,109.26190270625,23.0159973375,435.63653564453125,0.0
T032,6819.458881116298,巡航,109.260491296875,23.01565698125,435.63653564453125,0.0
T032,6829.426578723889,巡航,109.2590798875,23.015316625,435.63653564453125,0.0
T032,6839.39427633148,巡航,109.257668478125,23.01497626875,435.63653564453125,0.0
T032,6849.361973939071,巡航,109.25625706875,23.0146359125,435.63653564453125,0.0
T032,6859.329671546661,巡航,109.254845659375,23.01429555625,435.63653564453125,0.0
T032,6869.297369154252,巡航,109.25343425,23.013955199999998,435.63653564453125,0.0
T032,6879.265066761844,巡航,109.252022840625,23.01361484375,435.63653564453125,0.0
T032,6889.232764369434,巡航,109.25061143125,23.0132744875,435.63653564453125,0.0
T032,6899.200461977025,巡航,109.249200021875,23.01293413125,435.63653564453125,0.0
T032,6909.168159584616,巡航,109.2477886125,23.012593775,435.63653564453125,0.0
T032,6919.135857192207,巡航,109.246377203125,23.01225341875,435.63653564453125,0.0
T032,6929.103554799798,巡航,109.24496579375,23.0119130625,435.63653564453125,0.0
T032,6939.071252407389,巡航,109.243554384375,23.01157270625,435.63653564453125,0.0
T032,6949.0389500149795,巡航,109.24214297500001,23.01123235,435.63653564453125,0.0
T032,6959.00664762257,巡航,109.240731565625,23.01089199375,435.63653564453125,0.0
T032,6968.974345230162,巡航,109.23932015625,23.0105516375,435.63653564453125,0.0
T032,6978.9420428377525,巡航,109.23790874687501,23.010211281249997,435.63653564453125,0.0
T032,6988.909740445343,巡航,109.2364973375,23.009870924999998,435.63653564453125,0.0
T032,6998.877438052934,巡航,109.235085928125,23.009530568749998,435.63653564453125,0.0
T032,7008.845135660526,巡航,109.23367451875001,23.0091902125,435.63653564453125,0.0
T032,7018.812833268116,巡航,109.232263109375,23.00884985625,435.63653564453125,0.0
T032,7028.780530875707,巡航,109.2308517,23.0085095,435.63653564453125,0.0
T032,7028.780530875707,下降,109.2308517,23.0085095,435.63653564453125,0.0
T032,7038.255501203231,下降,109.2308517,23.0085095,411.94910982572117,0.0
T032,7047.730471530755,下降,109.2308517,23.0085095,388.2616840069111,0.0
T032,7057.205441858279,下降,109.2308517,23.0085095,364.57425818810094,0.0
T032,7066.680412185803,下降,109.2308517,23.0085095,340.88683236929086,0.0
T032,7076.155382513327,下降,109.2308517,23.0085095,317.1994065504808,0.0
T032,7085.630352840851,下降,109.2308517,23.0085095,293.51198073167063,0.0
T032,7095.105323168375,下降,109.2308517,23.0085095,269.82455491286055,0.0
T032,7104.580293495899,下降,109.2308517,23.0085095,246.13712909405047,0.0
T032,7114.055263823423,下降,109.2308517,23.0085095,222.44970327524038,0.0
T032,7123.530234150947,下降,109.2308517,23.0085095,198.76227745643027,0.0
T032,7133.005204478472,下降,109.2308517,23.0085095,175.07485163762016,0.0
T032,7142.480174805995,下降,109.2308517,23.0085095,151.38742581881007,0.0
T032,7151.955145133519,下降,109.2308517,23.0085095,127.69999999999999,0.0
T033,5880.999903927711,准备装载,109.2308517,23.0085095,127.7,8.0
T033,5890.999903927711,准备装载,109.2308517,23.0085095,127.7,8.0
T033,5900.999903927711,准备装载,109.2308517,23.0085095,127.7,8.0
T033,5910.999903927711,准备装载,109.2308517,23.0085095,127.7,8.0
T033,5920.999903927711,准备装载,109.2308517,23.0085095,127.7,8.0
T033,5930.999903927711,准备装载,109.2308517,23.0085095,127.7,8.0
T033,5940.999903927711,准备装载,109.2308517,23.0085095,127.7,8.0
T033,5950.999903927711,准备装载,109.2308517,23.0085095,127.7,8.0
T033,5960.999903927711,准备装载,109.2308517,23.0085095,127.7,8.0
T033,5970.999903927711,准备装载,109.2308517,23.0085095,127.7,8.0
T033,5980.999903927711,准备装载,109.2308517,23.0085095,127.7,8.0
T033,5990.999903927711,准备装载,109.2308517,23.0085095,127.7,8.0
T033,6000.999903927711,准备装载,109.2308517,23.0085095,127.7,8.0
T033,6010.999903927711,准备装载,109.2308517,23.0085095,127.7,8.0
T033,6020.999903927711,准备装载,109.2308517,23.0085095,127.7,8.0
T033,6030.999903927711,准备装载,109.2308517,23.0085095,127.7,8.0
T033,6040.999903927711,准备装载,109.2308517,23.0085095,127.7,8.0
T033,6050.999903927711,准备装载,109.2308517,23.0085095,127.7,8.0
T033,6060.999903927711,准备装载,109.2308517,23.0085095,127.7,8.0
T033,6070.999903927711,准备装载,109.2308517,23.0085095,127.7,8.0
T033,6080.999903927711,准备装载,109.2308517,23.0085095,127.7,8.0
T033,6090.999903927711,准备装载,109.2308517,23.0085095,127.7,8.0
T033,6100.999903927711,准备装载,109.2308517,23.0085095,127.7,8.0
T033,6110.999903927711,准备装载,109.2308517,23.0085095,127.7,8.0
T033,6120.999903927711,准备装载,109.2308517,23.0085095,127.7,8.0
T033,6130.999903927711,准备装载,109.2308517,23.0085095,127.7,8.0
T033,6140.999903927711,准备装载,109.2308517,23.0085095,127.7,8.0
T033,6150.999903927711,准备装载,109.2308517,23.0085095,127.7,8.0
T033,6160.999903927711,准备装载,109.2308517,23.0085095,127.7,8.0
T033,6170.999903927711,准备装载,109.2308517,23.0085095,127.7,8.0
T033,6180.999903927711,准备装载,109.2308517,23.0085095,127.7,8.0
T033,6190.999903927711,准备装载,109.2308517,23.0085095,127.7,8.0
T033,6200.999903927711,准备装载,109.2308517,23.0085095,127.7,8.0
T033,6210.999903927711,准备装载,109.2308517,23.0085095,127.7,8.0
T033,6210.999903927711,爬升,109.2308517,23.0085095,127.7,8.0
T033,6220.049298052059,爬升,109.2308517,23.0085095,154.84818237304688,8.0
T033,6229.098692176409,爬升,109.2308517,23.0085095,181.99636474609378,8.0
T033,6238.148086300758,爬升,109.2308517,23.0085095,209.14454711914064,8.0
T033,6247.197480425107,爬升,109.2308517,23.0085095,236.2927294921875,8.0
T033,6256.246874549455,爬升,109.2308517,23.0085095,263.4409118652344,8.0
T033,6265.296268673805,爬升,109.2308517,23.0085095,290.5890942382813,8.0
T033,6274.345662798154,爬升,109.2308517,23.0085095,317.7372766113281,8.0
T033,6283.395056922503,爬升,109.2308517,23.0085095,344.885458984375,8.0
T033,6292.444451046851,爬升,109.2308517,23.0085095,372.0336413574219,8.0
T033,6301.4938451712005,爬升,109.2308517,23.0085095,399.18182373046875,8.0
T033,6301.4938451712005,巡航,109.2308517,23.0085095,399.18182373046875,8.0
T033,6311.350028864758,巡航,109.23184029024391,23.0090602,399.18182373046875,8.0
T033,6321.206212558316,巡航,109.2328288804878,23.0096109,399.18182373046875,8.0
T033,6331.062396251875,巡航,109.23381747073171,23.0101616,399.18182373046875,8.0
T033,6340.918579945433,巡航,109.23480606097561,23.010712299999998,399.18182373046875,8.0
T033,6350.77476363899,巡航,109.23579465121952,23.011263,399.18182373046875,8.0
T033,6360.630947332548,巡航,109.23678324146341,23.011813699999998,399.18182373046875,8.0
T033,6370.487131026106,巡航,109.23777183170732,23.0123644,399.18182373046875,8.0
T033,6380.343314719664,巡航,109.23876042195123,23.012915099999997,399.18182373046875,8.0
T033,6390.1994984132225,巡航,109.23974901219512,23.0134658,399.18182373046875,8.0
T033,6400.05568210678,巡航,109.24073760243903,23.0140165,399.18182373046875,8.0
T033,6409.911865800338,巡航,109.24172619268293,23.0145672,399.18182373046875,8.0
T033,6419.768049493896,巡航,109.24271478292683,23.0151179,399.18182373046875,8.0
T033,6429.624233187454,巡航,109.24370337317073,23.015668599999998,399.18182373046875,8.0
T033,6439.4804168810115,巡航,109.24469196341464,23.0162193,399.18182373046875,8.0
T033,6449.33660057457,巡航,109.24568055365854,23.016769999999998,399.18182373046875,8.0
T033,6459.192784268128,巡航,109.24666914390244,23.0173207,399.18182373046875,8.0
T033,6469.048967961686,巡航,109.24765773414634,23.0178714,399.18182373046875,8.0
T033,6478.905151655244,巡航,109.24864632439025,23.0184221,399.18182373046875,8.0
T033,6488.761335348801,巡航,109.24963491463414,23.0189728,399.18182373046875,8.0
T033,6498.617519042359,巡航,109.25062350487805,23.0195235,399.18182373046875,8.0
T033,6508.473702735918,巡航,109.25161209512196,23.0200742,399.18182373046875,8.0
T033,6518.329886429476,巡航,109.25260068536586,23.020624899999998,399.18182373046875,8.0
T033,6528.1860701230335,巡航,109.25358927560976,23.0211756,399.18182373046875,8.0
T033,6538.042253816591,巡航,109.25457786585366,23.021726299999997,399.18182373046875,8.0
T033,6547.898437510149,巡航,109.25556645609757,23.022277,399.18182373046875,8.0
T033,6557.754621203707,巡航,109.25655504634146,23.0228277,399.18182373046875,8.0
T033,6567.610804897266,巡航,109.25754363658537,23.0233784,399.18182373046875,8.0
T033,6577.466988590823,巡航,109.25853222682927,23.0239291,399.18182373046875,8.0
T033,6587.323172284381,巡航,109.25952081707318,23.024479799999998,399.18182373046875,8.0
T033,6597.179355977939,巡航,109.26050940731707,23.0250305,399.18182373046875,8.0
T033,6607.035539671497,巡航,109.26149799756098,23.025581199999998,399.18182373046875,8.0
T033,6616.891723365055,巡航,109.26248658780489,23.0261319,399.18182373046875,8.0
T033,6626.747907058613,巡航,109.26347517804878,23.0266826,399.18182373046875,8.0
T033,6636.604090752171,巡航,109.26446376829269,23.0272333,399.18182373046875,8.0
T033,6646.460274445729,巡航,109.26545235853659,23.027784,399.18182373046875,8.0
T033,6656.316458139287,巡航,109.26644094878048,23.0283347,399.18182373046875,8.0
T033,6666.172641832844,巡航,109.26742953902439,23.0288854,399.18182373046875,8.0
T033,6676.028825526402,巡航,109.2684181292683,23.029436099999998,399.18182373046875,8.0
T033,6685.885009219961,巡航,109.2694067195122,23.0299868,399.18182373046875,8.0
T033,6695.741192913519,巡航,109.2703953097561,23.030537499999998,399.18182373046875,8.0
T033,6705.5973766070765,巡航,109.2713839,23.0310882,399.18182373046875,8.0
T033,6705.5973766070765,下降,109.2713839,23.0310882,399.18182373046875,8.0
T033,6715.09374135317,下降,109.2713839,23.0310882,375.4409118652344,8.0
T033,6724.590106099264,下降,109.2713839,23.0310882,351.7,8.0
T033,6724.590106099264,交接,109.2713839,23.0310882,351.7,8.0
T033,6734.590106099264,交接,109.2713839,23.0310882,351.7,8.0
T033,6744.590106099264,交接,109.2713839,23.0310882,351.7,8.0
T033,6754.590106099264,交接,109.2713839,23.0310882,351.7,8.0
T033,6764.590106099264,交接,109.2713839,23.0310882,351.7,8.0
T033,6774.590106099264,交接,109.2713839,23.0310882,351.7,8.0
T033,6784.590106099264,交接,109.2713839,23.0310882,351.7,8.0
T033,6794.590106099264,交接,109.2713839,23.0310882,351.7,8.0
T033,6804.590106099264,交接,109.2713839,23.0310882,351.7,8.0
T033,6814.590106099264,交接,109.2713839,23.0310882,351.7,8.0
T033,6824.590106099264,交接,109.2713839,23.0310882,351.7,8.0
T033,6834.590106099264,交接,109.2713839,23.0310882,351.7,8.0
T033,6844.590106099264,交接,109.2713839,23.0310882,351.7,8.0
T033,6854.590106099264,交接,109.2713839,23.0310882,351.7,8.0
T033,6864.590106099264,交接,109.2713839,23.0310882,351.7,8.0
T033,6874.590106099264,交接,109.2713839,23.0310882,351.7,8.0
T033,6884.590106099264,交接,109.2713839,23.0310882,351.7,8.0
T033,6894.590106099264,交接,109.2713839,23.0310882,351.7,8.0
T033,6904.590106099264,交接,109.2713839,23.0310882,351.7,8.0
T033,6904.590106099264,爬升,109.2713839,23.0310882,351.7,0.0
T033,6912.503743387675,爬升,109.2713839,23.0310882,375.4409118652344,0.0
T033,6920.417380676086,爬升,109.2713839,23.0310882,399.18182373046875,0.0
T033,6920.417380676086,巡航,109.2713839,23.0310882,399.18182373046875,0.0
T033,6930.273564369644,巡航,109.2703953097561,23.030537499999998,399.18182373046875,0.0
T033,6940.129748063202,巡航,109.2694067195122,23.0299868,399.18182373046875,0.0
T033,6949.985931756761,巡航,109.2684181292683,23.029436099999998,399.18182373046875,0.0
T033,6959.8421154503185,巡航,109.26742953902439,23.0288854,399.18182373046875,0.0
T033,6969.698299143876,巡航,109.26644094878048,23.0283347,399.18182373046875,0.0
T033,6979.554482837434,巡航,109.26545235853659,23.027784,399.18182373046875,0.0
T033,6989.410666530992,巡航,109.26446376829269,23.0272333,399.18182373046875,0.0
T033,6999.26685022455,巡航,109.26347517804878,23.0266826,399.18182373046875,0.0
T033,7009.123033918108,巡航,109.26248658780489,23.0261319,399.18182373046875,0.0
T033,7018.979217611666,巡航,109.26149799756098,23.025581199999998,399.18182373046875,0.0
T033,7028.835401305224,巡航,109.26050940731707,23.0250305,399.18182373046875,0.0
T033,7038.691584998782,巡航,109.25952081707318,23.024479799999998,399.18182373046875,0.0
T033,7048.54776869234,巡航,109.25853222682927,23.0239291,399.18182373046875,0.0
T033,7058.403952385897,巡航,109.25754363658537,23.0233784,399.18182373046875,0.0
T033,7068.260136079456,巡航,109.25655504634146,23.0228277,399.18182373046875,0.0
T033,7078.116319773014,巡航,109.25556645609757,23.022277,399.18182373046875,0.0
T033,7087.972503466572,巡航,109.25457786585366,23.021726299999997,399.18182373046875,0.0
T033,7097.828687160129,巡航,109.25358927560976,23.0211756,399.18182373046875,0.0
T033,7107.684870853687,巡航,109.25260068536586,23.020624899999998,399.18182373046875,0.0
T033,7117.541054547245,巡航,109.25161209512196,23.0200742,399.18182373046875,0.0
T033,7127.397238240804,巡航,109.25062350487805,23.0195235,399.18182373046875,0.0
T033,7137.2534219343615,巡航,109.24963491463414,23.0189728,399.18182373046875,0.0
T033,7147.109605627919,巡航,109.24864632439025,23.0184221,399.18182373046875,0.0
T033,7156.965789321477,巡航,109.24765773414634,23.0178714,399.18182373046875,0.0
T033,7166.821973015035,巡航,109.24666914390244,23.0173207,399.18182373046875,0.0
T033,7176.678156708593,巡航,109.24568055365854,23.016769999999998,399.18182373046875,0.0
T033,7186.534340402151,巡航,109.24469196341464,23.0162193,399.18182373046875,0.0
T033,7196.390524095709,巡航,109.24370337317073,23.015668599999998,399.18182373046875,0.0
T033,7206.246707789267,巡航,109.24271478292683,23.0151179,399.18182373046875,0.0
T033,7216.102891482825,巡航,109.24172619268293,23.0145672,399.18182373046875,0.0
T033,7225.959075176383,巡航,109.24073760243903,23.0140165,399.18182373046875,0.0
T033,7235.815258869941,巡航,109.23974901219512,23.0134658,399.18182373046875,0.0
T033,7245.671442563499,巡航,109.23876042195123,23.012915099999997,399.18182373046875,0.0
T033,7255.527626257057,巡航,109.23777183170732,23.0123644,399.18182373046875,0.0
T033,7265.383809950615,巡航,109.23678324146341,23.011813699999998,399.18182373046875,0.0
T033,7275.2399936441725,巡航,109.23579465121952,23.011263,399.18182373046875,0.0
T033,7285.09617733773,巡航,109.23480606097561,23.010712299999998,399.18182373046875,0.0
T033,7294.952361031288,巡航,109.23381747073171,23.0101616,399.18182373046875,0.0
T033,7304.808544724847,巡航,109.2328288804878,23.0096109,399.18182373046875,0.0
T033,7314.664728418405,巡航,109.23184029024391,23.0090602,399.18182373046875,0.0
T033,7324.520912111962,巡航,109.2308517,23.0085095,399.18182373046875,0.0
T033,7324.520912111962,下降,109.2308517,23.0085095,399.18182373046875,0.0
T033,7334.392978429434,下降,109.2308517,23.0085095,374.5016579367898,0.0
T033,7344.265044746906,下降,109.2308517,23.0085095,349.8214921431108,0.0
T033,7354.137111064377,下降,109.2308517,23.0085095,325.14132634943184,0.0
T033,7364.0091773818485,下降,109.2308517,23.0085095,300.4611605557528,0.0
T033,7373.88124369932,下降,109.2308517,23.0085095,275.7809947620739,0.0
T033,7383.753310016792,下降,109.2308517,23.0085095,251.1008289683949,0.0
T033,7393.625376334264,下降,109.2308517,23.0085095,226.4206631747159,0.0
T033,7403.497442651736,下降,109.2308517,23.0085095,201.74049738103693,0.0
T033,7413.369508969206,下降,109.2308517,23.0085095,177.06033158735792,0.0
T033,7423.241575286678,下降,109.2308517,23.0085095,152.38016579367894,0.0
T033,7433.11364160415,下降,109.2308517,23.0085095,127.69999999999999,0.0
T034,6734.134673239673,准备装载,109.2308517,23.0085095,127.7,6.0
T034,6744.134673239673,准备装载,109.2308517,23.0085095,127.7,6.0
T034,6754.134673239673,准备装载,109.2308517,23.0085095,127.7,6.0
T034,6764.134673239673,准备装载,109.2308517,23.0085095,127.7,6.0
T034,6774.134673239673,准备装载,109.2308517,23.0085095,127.7,6.0
T034,6784.134673239673,准备装载,109.2308517,23.0085095,127.7,6.0
T034,6794.134673239673,准备装载,109.2308517,23.0085095,127.7,6.0
T034,6804.134673239673,准备装载,109.2308517,23.0085095,127.7,6.0
T034,6814.134673239673,准备装载,109.2308517,23.0085095,127.7,6.0
T034,6824.134673239673,准备装载,109.2308517,23.0085095,127.7,6.0
T034,6834.134673239673,准备装载,109.2308517,23.0085095,127.7,6.0
T034,6844.134673239673,准备装载,109.2308517,23.0085095,127.7,6.0
T034,6854.134673239673,准备装载,109.2308517,23.0085095,127.7,6.0
T034,6864.134673239673,准备装载,109.2308517,23.0085095,127.7,6.0
T034,6874.134673239673,准备装载,109.2308517,23.0085095,127.7,6.0
T034,6884.134673239673,准备装载,109.2308517,23.0085095,127.7,6.0
T034,6894.134673239673,准备装载,109.2308517,23.0085095,127.7,6.0
T034,6904.134673239673,准备装载,109.2308517,23.0085095,127.7,6.0
T034,6914.134673239673,准备装载,109.2308517,23.0085095,127.7,6.0
T034,6924.134673239673,准备装载,109.2308517,23.0085095,127.7,6.0
T034,6934.134673239673,准备装载,109.2308517,23.0085095,127.7,6.0
T034,6944.134673239673,准备装载,109.2308517,23.0085095,127.7,6.0
T034,6954.134673239673,准备装载,109.2308517,23.0085095,127.7,6.0
T034,6964.134673239673,准备装载,109.2308517,23.0085095,127.7,6.0
T034,6974.134673239673,准备装载,109.2308517,23.0085095,127.7,6.0
T034,6984.134673239673,准备装载,109.2308517,23.0085095,127.7,6.0
T034,6994.134673239673,准备装载,109.2308517,23.0085095,127.7,6.0
T034,7004.134673239673,准备装载,109.2308517,23.0085095,127.7,6.0
T034,7014.134673239673,准备装载,109.2308517,23.0085095,127.7,6.0
T034,7024.134673239673,准备装载,109.2308517,23.0085095,127.7,6.0
T034,7034.134673239673,准备装载,109.2308517,23.0085095,127.7,6.0
T034,7044.134673239673,准备装载,109.2308517,23.0085095,127.7,6.0
T034,7054.134673239673,准备装载,109.2308517,23.0085095,127.7,6.0
T034,7064.134673239673,准备装载,109.2308517,23.0085095,127.7,6.0
T034,7064.134673239673,爬升,109.2308517,23.0085095,127.7,6.0
T034,7073.152645448332,爬升,109.2308517,23.0085095,154.75391662597656,6.0
T034,7082.1706176569905,爬升,109.2308517,23.0085095,181.80783325195313,6.0
T034,7091.18858986565,爬升,109.2308517,23.0085095,208.8617498779297,6.0
T034,7100.206562074309,爬升,109.2308517,23.0085095,235.91566650390627,6.0
T034,7109.224534282967,爬升,109.2308517,23.0085095,262.96958312988284,6.0
T034,7118.242506491626,爬升,109.2308517,23.0085095,290.0234997558594,6.0
T034,7127.260478700285,爬升,109.2308517,23.0085095,317.077416381836,6.0
T034,7136.278450908944,爬升,109.2308517,23.0085095,344.13133300781254,6.0
T034,7145.296423117603,爬升,109.2308517,23.0085095,371.18524963378906,6.0
T034,7154.314395326262,爬升,109.2308517,23.0085095,398.2391662597656,6.0
T034,7154.314395326262,巡航,109.2308517,23.0085095,398.2391662597656,6.0
T034,7164.205031799489,巡航,109.23096431076924,23.009576144615384,398.2391662597656,6.0
T034,7174.095668272716,巡航,109.23107692153846,23.01064278923077,398.2391662597656,6.0
T034,7183.986304745943,巡航,109.2311895323077,23.011709433846153,398.2391662597656,6.0
T034,7193.8769412191705,巡航,109.23130214307693,23.01277607846154,398.2391662597656,6.0
T034,7203.767577692397,巡航,109.23141475384615,23.013842723076923,398.2391662597656,6.0
T034,7213.6582141656245,巡航,109.23152736461539,23.014909367692308,398.2391662597656,6.0
T034,7223.548850638852,巡航,109.23163997538462,23.015976012307693,398.2391662597656,6.0
T034,7233.4394871120785,巡航,109.23175258615385,23.017042656923078,398.2391662597656,6.0
T034,7243.330123585306,巡航,109.23186519692308,23.01810930153846,398.2391662597656,6.0
T034,7253.2207600585325,巡航,109.2319778076923,23.019175946153844,398.2391662597656,6.0
T034,7263.11139653176,巡航,109.23209041846154,23.02024259076923,398.2391662597656,6.0
T034,7273.002033004987,巡航,109.23220302923077,23.021309235384614,398.2391662597656,6.0
T034,7282.892669478214,巡航,109.23231564,23.02237588,398.2391662597656,6.0
T034,7292.783305951441,巡航,109.23242825076923,23.023442524615383,398.2391662597656,6.0
T034,7302.673942424669,巡航,109.23254086153847,23.024509169230768,398.2391662597656,6.0
T034,7312.564578897895,巡航,109.23265347230769,23.025575813846153,398.2391662597656,6.0
T034,7322.455215371123,巡航,109.23276608307692,23.026642458461538,398.2391662597656,6.0
T034,7332.34585184435,巡航,109.23287869384616,23.027709103076923,398.2391662597656,6.0
T034,7342.236488317577,巡航,109.23299130461538,23.028775747692308,398.2391662597656,6.0
T034,7352.127124790804,巡航,109.23310391538462,23.029842392307692,398.2391662597656,6.0
T034,7362.017761264032,巡航,109.23321652615385,23.030909036923077,398.2391662597656,6.0
T034,7371.908397737258,巡航,109.23332913692307,23.031975681538462,398.2391662597656,6.0
T034,7381.799034210486,巡航,109.23344174769231,23.033042326153847,398.2391662597656,6.0
T034,7391.689670683713,巡航,109.23355435846155,23.034108970769232,398.2391662597656,6.0
T034,7401.58030715694,巡航,109.23366696923077,23.035175615384613,398.2391662597656,6.0
T034,7411.470943630167,巡航,109.23377958,23.036242259999998,398.2391662597656,6.0
T034,7421.361580103394,巡航,109.23389219076923,23.037308904615383,398.2391662597656,6.0
T034,7431.252216576621,巡航,109.23400480153846,23.038375549230768,398.2391662597656,6.0
T034,7441.142853049849,巡航,109.2341174123077,23.039442193846153,398.2391662597656,6.0
T034,7451.033489523075,巡航,109.23423002307692,23.040508838461538,398.2391662597656,6.0
T034,7460.924125996303,巡航,109.23434263384615,23.041575483076922,398.2391662597656,6.0
T034,7470.81476246953,巡航,109.23445524461539,23.042642127692307,398.2391662597656,6.0
T034,7480.705398942757,巡航,109.23456785538461,23.043708772307692,398.2391662597656,6.0
T034,7490.596035415984,巡航,109.23468046615385,23.044775416923077,398.2391662597656,6.0
T034,7500.486671889212,巡航,109.23479307692308,23.045842061538462,398.2391662597656,6.0
T034,7510.377308362438,巡航,109.2349056876923,23.046908706153847,398.2391662597656,6.0
T034,7520.267944835666,巡航,109.23501829846154,23.04797535076923,398.2391662597656,6.0
T034,7530.158581308893,巡航,109.23513090923078,23.049041995384616,398.2391662597656,6.0
T034,7540.04921778212,巡航,109.23524352,23.05010864,398.2391662597656,6.0
T034,7549.939854255347,巡航,109.23535613076923,23.051175284615386,398.2391662597656,6.0
T034,7559.830490728575,巡航,109.23546874153845,23.052241929230767,398.2391662597656,6.0
T034,7569.721127201801,巡航,109.23558135230769,23.053308573846152,398.2391662597656,6.0
T034,7579.611763675029,巡航,109.23569396307693,23.054375218461537,398.2391662597656,6.0
T034,7589.502400148255,巡航,109.23580657384615,23.055441863076922,398.2391662597656,6.0
T034,7599.393036621483,巡航,109.23591918461538,23.056508507692307,398.2391662597656,6.0
T034,7609.28367309471,巡航,109.23603179538462,23.05757515230769,398.2391662597656,6.0
T034,7619.174309567937,巡航,109.23614440615384,23.058641796923077,398.2391662597656,6.0
T034,7629.064946041164,巡航,109.23625701692308,23.05970844153846,398.2391662597656,6.0
T034,7638.955582514392,巡航,109.23636962769231,23.060775086153846,398.2391662597656,6.0
T034,7648.846218987618,巡航,109.23648223846153,23.06184173076923,398.2391662597656,6.0
T034,7658.736855460846,巡航,109.23659484923077,23.062908375384616,398.2391662597656,6.0
T034,7668.627491934073,巡航,109.23670746,23.06397502,398.2391662597656,6.0
T034,7678.5181284073,巡航,109.23682007076923,23.065041664615386,398.2391662597656,6.0
T034,7688.408764880527,巡航,109.23693268153846,23.06610830923077,398.2391662597656,6.0
T034,7698.299401353755,巡航,109.2370452923077,23.067174953846155,398.2391662597656,6.0
T034,7708.190037826981,巡航,109.23715790307692,23.06824159846154,398.2391662597656,6.0
T034,7718.080674300209,巡航,109.23727051384616,23.06930824307692,398.2391662597656,6.0
T034,7727.971310773435,巡航,109.23738312461538,23.070374887692306,398.2391662597656,6.0
T034,7737.861947246663,巡航,109.23749573538461,23.07144153230769,398.2391662597656,6.0
T034,7747.75258371989,巡航,109.23760834615385,23.072508176923076,398.2391662597656,6.0
T034,7757.643220193117,巡航,109.23772095692307,23.07357482153846,398.2391662597656,6.0
T034,7767.533856666344,巡航,109.2378335676923,23.074641466153846,398.2391662597656,6.0
T034,7777.4244931395715,巡航,109.23794617846154,23.07570811076923,398.2391662597656,6.0
T034,7787.315129612798,巡航,109.23805878923076,23.076774755384616,398.2391662597656,6.0
T034,7797.2057660860255,巡航,109.2381714,23.0778414,398.2391662597656,6.0
T034,7797.2057660860255,下降,109.2381714,23.0778414,398.2391662597656,6.0
T034,7806.916575586583,下降,109.2381714,23.0778414,373.96214250837056,6.0
T034,7816.627385087142,下降,109.2381714,23.0778414,349.68511875697544,6.0
T034,7826.3381945877,下降,109.2381714,23.0778414,325.4080950055804,6.0
T034,7836.049004088258,下降,109.2381714,23.0778414,301.13107125418526,6.0
T034,7845.759813588816,下降,109.2381714,23.0778414,276.8540475027902,6.0
T034,7855.470623089374,下降,109.2381714,23.0778414,252.5770237513951,6.0
T034,7865.181432589932,下降,109.2381714,23.0778414,228.3,6.0
T034,7865.181432589932,交接,109.2381714,23.0778414,228.3,6.0
T034,7875.181432589932,交接,109.2381714,23.0778414,228.3,6.0
T034,7885.181432589932,交接,109.2381714,23.0778414,228.3,6.0
T034,7895.181432589932,交接,109.2381714,23.0778414,228.3,6.0
T034,7905.181432589932,交接,109.2381714,23.0778414,228.3,6.0
T034,7915.181432589932,交接,109.2381714,23.0778414,228.3,6.0
T034,7925.181432589932,交接,109.2381714,23.0778414,228.3,6.0
T034,7935.181432589932,交接,109.2381714,23.0778414,228.3,6.0
T034,7945.181432589932,交接,109.2381714,23.0778414,228.3,6.0
T034,7955.181432589932,交接,109.2381714,23.0778414,228.3,6.0
T034,7965.181432589932,交接,109.2381714,23.0778414,228.3,6.0
T034,7975.181432589932,交接,109.2381714,23.0778414,228.3,6.0
T034,7985.181432589932,交接,109.2381714,23.0778414,228.3,6.0
T034,7995.181432589932,交接,109.2381714,23.0778414,228.3,6.0
T034,8005.181432589932,交接,109.2381714,23.0778414,228.3,6.0
T034,8015.181432589932,交接,109.2381714,23.0778414,228.3,6.0
T034,8025.181432589932,交接,109.2381714,23.0778414,228.3,6.0
T034,8035.181432589932,交接,109.2381714,23.0778414,228.3,6.0
T034,8045.181432589932,交接,109.2381714,23.0778414,228.3,6.0
T034,8045.181432589932,爬升,109.2381714,23.0778414,228.3,0.0
T034,8054.622497382142,爬升,109.2381714,23.0778414,256.6231943766276,0.0
T034,8064.06356217435,爬升,109.2381714,23.0778414,284.94638875325523,0.0
T034,8073.50462696656,爬升,109.2381714,23.0778414,313.2695831298828,0.0
T034,8082.9456917587695,爬升,109.2381714,23.0778414,341.5927775065104,0.0
T034,8092.386756550978,爬升,109.2381714,23.0778414,369.915971883138,0.0
T034,8101.827821343188,爬升,109.2381714,23.0778414,398.2391662597656,0.0
T034,8101.827821343188,巡航,109.2381714,23.0778414,398.2391662597656,0.0
T034,8111.718457816415,巡航,109.23805878923076,23.076774755384616,398.2391662597656,0.0
T034,8121.609094289642,巡航,109.23794617846154,23.07570811076923,398.2391662597656,0.0
T034,8131.499730762869,巡航,109.2378335676923,23.074641466153846,398.2391662597656,0.0
T034,8141.390367236097,巡航,109.23772095692307,23.07357482153846,398.2391662597656,0.0
T034,8151.281003709323,巡航,109.23760834615385,23.072508176923076,398.2391662597656,0.0
T034,8161.171640182551,巡航,109.23749573538461,23.07144153230769,398.2391662597656,0.0
T034,8171.062276655778,巡航,109.23738312461538,23.070374887692306,398.2391662597656,0.0
T034,8180.952913129005,巡航,109.23727051384616,23.06930824307692,398.2391662597656,0.0
T034,8190.843549602232,巡航,109.23715790307692,23.06824159846154,398.2391662597656,0.0
T034,8200.734186075459,巡航,109.2370452923077,23.067174953846155,398.2391662597656,0.0
T034,8210.624822548687,巡航,109.23693268153846,23.06610830923077,398.2391662597656,0.0
T034,8220.515459021914,巡航,109.23682007076923,23.065041664615386,398.2391662597656,0.0
T034,8230.40609549514,巡航,109.23670746,23.06397502,398.2391662597656,0.0
T034,8240.296731968368,巡航,109.23659484923077,23.062908375384616,398.2391662597656,0.0
T034,8250.187368441595,巡航,109.23648223846153,23.06184173076923,398.2391662597656,0.0
T034,8260.078004914822,巡航,109.23636962769231,23.060775086153846,398.2391662597656,0.0
T034,8269.968641388048,巡航,109.23625701692308,23.05970844153846,398.2391662597656,0.0
T034,8279.859277861276,巡航,109.23614440615384,23.058641796923077,398.2391662597656,0.0
T034,8289.749914334503,巡航,109.23603179538462,23.05757515230769,398.2391662597656,0.0
T034,8299.64055080773,巡航,109.23591918461538,23.056508507692307,398.2391662597656,0.0
T034,8309.531187280958,巡航,109.23580657384615,23.055441863076922,398.2391662597656,0.0
T034,8319.421823754185,巡航,109.23569396307693,23.054375218461537,398.2391662597656,0.0
T034,8329.312460227411,巡航,109.23558135230769,23.053308573846152,398.2391662597656,0.0
T034,8339.20309670064,巡航,109.23546874153845,23.052241929230767,398.2391662597656,0.0
T034,8349.093733173866,巡航,109.23535613076923,23.051175284615386,398.2391662597656,0.0
T034,8358.984369647093,巡航,109.23524352,23.05010864,398.2391662597656,0.0
T034,8368.87500612032,巡航,109.23513090923078,23.049041995384616,398.2391662597656,0.0
T034,8378.765642593547,巡航,109.23501829846154,23.04797535076923,398.2391662597656,0.0
T034,8388.656279066774,巡航,109.2349056876923,23.046908706153847,398.2391662597656,0.0
T034,8398.546915540002,巡航,109.23479307692308,23.045842061538462,398.2391662597656,0.0
T034,8408.437552013229,巡航,109.23468046615385,23.044775416923077,398.2391662597656,0.0
T034,8418.328188486455,巡航,109.23456785538461,23.043708772307692,398.2391662597656,0.0
T034,8428.218824959684,巡航,109.23445524461539,23.042642127692307,398.2391662597656,0.0
T034,8438.10946143291,巡航,109.23434263384615,23.041575483076922,398.2391662597656,0.0
T034,8448.000097906137,巡航,109.23423002307692,23.040508838461538,398.2391662597656,0.0
T034,8457.890734379365,巡航,109.2341174123077,23.039442193846153,398.2391662597656,0.0
T034,8467.781370852592,巡航,109.23400480153846,23.038375549230768,398.2391662597656,0.0
T034,8477.672007325818,巡航,109.23389219076923,23.037308904615383,398.2391662597656,0.0
T034,8487.562643799047,巡航,109.23377958,23.036242259999998,398.2391662597656,0.0
T034,8497.453280272273,巡航,109.23366696923077,23.035175615384613,398.2391662597656,0.0
T034,8507.3439167455,巡航,109.23355435846155,23.034108970769232,398.2391662597656,0.0
T034,8517.234553218728,巡航,109.23344174769231,23.033042326153847,398.2391662597656,0.0
T034,8527.125189691955,巡航,109.23332913692307,23.031975681538462,398.2391662597656,0.0
T034,8537.015826165181,巡航,109.23321652615385,23.030909036923077,398.2391662597656,0.0
T034,8546.90646263841,巡航,109.23310391538462,23.029842392307692,398.2391662597656,0.0
T034,8556.797099111636,巡航,109.23299130461538,23.028775747692308,398.2391662597656,0.0
T034,8566.687735584863,巡航,109.23287869384616,23.027709103076923,398.2391662597656,0.0
T034,8576.578372058091,巡航,109.23276608307692,23.026642458461538,398.2391662597656,0.0
T034,8586.469008531318,巡航,109.23265347230769,23.025575813846153,398.2391662597656,0.0
T034,8596.359645004544,巡航,109.23254086153847,23.024509169230768,398.2391662597656,0.0
T034,8606.250281477773,巡航,109.23242825076923,23.023442524615383,398.2391662597656,0.0
T034,8616.140917951,巡航,109.23231564,23.02237588,398.2391662597656,0.0
T034,8626.031554424226,巡航,109.23220302923077,23.021309235384614,398.2391662597656,0.0
T034,8635.922190897452,巡航,109.23209041846154,23.02024259076923,398.2391662597656,0.0
T034,8645.81282737068,巡航,109.2319778076923,23.019175946153844,398.2391662597656,0.0
T034,8655.703463843907,巡航,109.23186519692308,23.01810930153846,398.2391662597656,0.0
T034,8665.594100317134,巡航,109.23175258615385,23.017042656923078,398.2391662597656,0.0
T034,8675.484736790362,巡航,109.23163997538462,23.015976012307693,398.2391662597656,0.0
T034,8685.375373263589,巡航,109.23152736461539,23.014909367692308,398.2391662597656,0.0
T034,8695.266009736815,巡航,109.23141475384615,23.013842723076923,398.2391662597656,0.0
T034,8705.156646210044,巡航,109.23130214307693,23.01277607846154,398.2391662597656,0.0
T034,8715.04728268327,巡航,109.2311895323077,23.011709433846153,398.2391662597656,0.0
T034,8724.937919156497,巡航,109.23107692153846,23.01064278923077,398.2391662597656,0.0
T034,8734.828555629725,巡航,109.23096431076924,23.009576144615384,398.2391662597656,0.0
T034,8744.719192102952,巡航,109.2308517,23.0085095,398.2391662597656,0.0
T034,8744.719192102952,下降,109.2308517,23.0085095,398.2391662597656,0.0
T034,8754.556979966943,下降,109.2308517,23.0085095,373.6446965997869,0.0
T034,8764.394767830934,下降,109.2308517,23.0085095,349.0502269398082,0.0
T034,8774.232555694925,下降,109.2308517,23.0085095,324.4557572798295,0.0
T034,8784.070343558917,下降,109.2308517,23.0085095,299.8612876198508,0.0
T034,8793.908131422908,下降,109.2308517,23.0085095,275.2668179598721,0.0
T034,8803.745919286901,下降,109.2308517,23.0085095,250.67234829989346,0.0
T034,8813.583707150892,下降,109.2308517,23.0085095,226.07787863991476,0.0
T034,8823.421495014883,下降,109.2308517,23.0085095,201.48340897993606,0.0
T034,8833.259282878875,下降,109.2308517,23.0085095,176.88893931995736,0.0
T034,8843.097070742866,下降,109.2308517,23.0085095,152.29446965997866,0.0
T034,8852.934858606857,下降,109.2308517,23.0085095,127.69999999999999,0.0
T035,6803.115508870498,准备装载,109.2308517,23.0085095,127.7,6.0
T035,6813.115508870498,准备装载,109.2308517,23.0085095,127.7,6.0
T035,6823.115508870498,准备装载,109.2308517,23.0085095,127.7,6.0
T035,6833.115508870498,准备装载,109.2308517,23.0085095,127.7,6.0
T035,6843.115508870498,准备装载,109.2308517,23.0085095,127.7,6.0
T035,6853.115508870498,准备装载,109.2308517,23.0085095,127.7,6.0
T035,6863.115508870498,准备装载,109.2308517,23.0085095,127.7,6.0
T035,6873.115508870498,准备装载,109.2308517,23.0085095,127.7,6.0
T035,6883.115508870498,准备装载,109.2308517,23.0085095,127.7,6.0
T035,6893.115508870498,准备装载,109.2308517,23.0085095,127.7,6.0
T035,6903.115508870498,准备装载,109.2308517,23.0085095,127.7,6.0
T035,6913.115508870498,准备装载,109.2308517,23.0085095,127.7,6.0
T035,6923.115508870498,准备装载,109.2308517,23.0085095,127.7,6.0
T035,6933.115508870498,准备装载,109.2308517,23.0085095,127.7,6.0
T035,6943.115508870498,准备装载,109.2308517,23.0085095,127.7,6.0
T035,6953.115508870498,准备装载,109.2308517,23.0085095,127.7,6.0
T035,6963.115508870498,准备装载,109.2308517,23.0085095,127.7,6.0
T035,6973.115508870498,准备装载,109.2308517,23.0085095,127.7,6.0
T035,6983.115508870498,准备装载,109.2308517,23.0085095,127.7,6.0
T035,6993.115508870498,准备装载,109.2308517,23.0085095,127.7,6.0
T035,7003.115508870498,准备装载,109.2308517,23.0085095,127.7,6.0
T035,7013.115508870498,准备装载,109.2308517,23.0085095,127.7,6.0
T035,7023.115508870498,准备装载,109.2308517,23.0085095,127.7,6.0
T035,7033.115508870498,准备装载,109.2308517,23.0085095,127.7,6.0
T035,7043.115508870498,准备装载,109.2308517,23.0085095,127.7,6.0
T035,7053.115508870498,准备装载,109.2308517,23.0085095,127.7,6.0
T035,7063.115508870498,准备装载,109.2308517,23.0085095,127.7,6.0
T035,7073.115508870498,准备装载,109.2308517,23.0085095,127.7,6.0
T035,7083.115508870498,准备装载,109.2308517,23.0085095,127.7,6.0
T035,7093.115508870498,准备装载,109.2308517,23.0085095,127.7,6.0
T035,7103.115508870498,准备装载,109.2308517,23.0085095,127.7,6.0
T035,7113.115508870498,准备装载,109.2308517,23.0085095,127.7,6.0
T035,7123.115508870498,准备装载,109.2308517,23.0085095,127.7,6.0
T035,7133.115508870498,准备装载,109.2308517,23.0085095,127.7,6.0
T035,7133.115508870498,爬升,109.2308517,23.0085095,127.7,6.0
T035,7143.0487521769755,爬升,109.2308517,23.0085095,157.4997299194336,6.0
T035,7152.981995483454,爬升,109.2308517,23.0085095,187.2994598388672,6.0
T035,7162.915238789932,爬升,109.2308517,23.0085095,217.09918975830078,6.0
T035,7172.8484820964095,爬升,109.2308517,23.0085095,246.8989196777344,6.0
T035,7182.781725402887,爬升,109.2308517,23.0085095,276.69864959716796,6.0
T035,7192.714968709365,爬升,109.2308517,23.0085095,306.4983795166016,6.0
T035,7202.6482120158435,爬升,109.2308517,23.0085095,336.2981094360352,6.0
T035,7212.581455322321,爬升,109.2308517,23.0085095,366.09783935546875,6.0
T035,7212.581455322321,巡航,109.2308517,23.0085095,366.09783935546875,6.0
T035,7222.236631620544,巡航,109.22943951363636,23.00847334090909,366.09783935546875,6.0
T035,7231.891807918767,巡航,109.22802732727273,23.00843718181818,366.09783935546875,6.0
T035,7241.5469842169905,巡航,109.22661514090909,23.008401022727273,366.09783935546875,6.0
T035,7251.202160515214,巡航,109.22520295454545,23.008364863636363,366.09783935546875,6.0
T035,7260.857336813437,巡航,109.22379076818181,23.008328704545452,366.09783935546875,6.0
T035,7270.51251311166,巡航,109.22237858181819,23.008292545454545,366.09783935546875,6.0
T035,7280.167689409883,巡航,109.22096639545455,23.008256386363634,366.09783935546875,6.0
T035,7289.822865708106,巡航,109.21955420909092,23.008220227272727,366.09783935546875,6.0
T035,7299.47804200633,巡航,109.21814202272728,23.00818406818182,366.09783935546875,6.0
T035,7309.133218304552,巡航,109.21672983636364,23.00814790909091,366.09783935546875,6.0
T035,7318.788394602776,巡航,109.21531765,23.008111749999998,366.09783935546875,6.0
T035,7328.4435709009995,巡航,109.21390546363637,23.00807559090909,366.09783935546875,6.0
T035,7338.098747199222,巡航,109.21249327727273,23.008039431818183,366.09783935546875,6.0
T035,7347.753923497446,巡航,109.21108109090909,23.008003272727272,366.09783935546875,6.0
T035,7357.409099795669,巡航,109.20966890454545,23.00796711363636,366.09783935546875,6.0
T035,7367.064276093892,巡航,109.20825671818181,23.007930954545454,366.09783935546875,6.0
T035,7376.719452392115,巡航,109.20684453181819,23.007894795454547,366.09783935546875,6.0
T035,7386.374628690338,巡航,109.20543234545455,23.007858636363636,366.09783935546875,6.0
T035,7396.029804988561,巡航,109.20402015909092,23.007822477272725,366.09783935546875,6.0
T035,7405.684981286785,巡航,109.20260797272728,23.007786318181818,366.09783935546875,6.0
T035,7415.340157585008,巡航,109.20119578636364,23.00775015909091,366.09783935546875,6.0
T035,7424.995333883231,巡航,109.1997836,23.007714,366.09783935546875,6.0
T035,7424.995333883231,下降,109.1997836,23.007714,366.09783935546875,6.0
T035,7431.835045797294,下降,109.1997836,23.007714,348.9985595703125,6.0
T035,7438.6747577113565,下降,109.1997836,23.007714,331.89927978515624,6.0
T035,7445.514469625419,下降,109.1997836,23.007714,314.8,6.0
T035,7445.514469625419,交接,109.1997836,23.007714,314.8,6.0
T035,7455.514469625419,交接,109.1997836,23.007714,314.8,6.0
T035,7465.514469625419,交接,109.1997836,23.007714,314.8,6.0
T035,7475.514469625419,交接,109.1997836,23.007714,314.8,6.0
T035,7485.514469625419,交接,109.1997836,23.007714,314.8,6.0
T035,7495.514469625419,交接,109.1997836,23.007714,314.8,6.0
T035,7505.514469625419,交接,109.1997836,23.007714,314.8,6.0
T035,7515.514469625419,交接,109.1997836,23.007714,314.8,6.0
T035,7525.514469625419,交接,109.1997836,23.007714,314.8,6.0
T035,7535.514469625419,交接,109.1997836,23.007714,314.8,6.0
T035,7545.514469625419,交接,109.1997836,23.007714,314.8,6.0
T035,7555.514469625419,交接,109.1997836,23.007714,314.8,6.0
T035,7565.514469625419,交接,109.1997836,23.007714,314.8,6.0
T035,7575.514469625419,交接,109.1997836,23.007714,314.8,6.0
T035,7585.514469625419,交接,109.1997836,23.007714,314.8,6.0
T035,7595.514469625419,交接,109.1997836,23.007714,314.8,6.0
T035,7605.514469625419,交接,109.1997836,23.007714,314.8,6.0
T035,7615.514469625419,交接,109.1997836,23.007714,314.8,6.0
T035,7625.514469625419,交接,109.1997836,23.007714,314.8,6.0
T035,7625.514469625419,爬升,109.1997836,23.007714,314.8,0.0
T035,7634.064109517997,爬升,109.1997836,23.007714,340.44891967773435,0.0
T035,7642.613749410575,爬升,109.1997836,23.007714,366.09783935546875,0.0
T035,7642.613749410575,巡航,109.1997836,23.007714,366.09783935546875,0.0
T035,7652.268925708799,巡航,109.20119578636364,23.00775015909091,366.09783935546875,0.0
T035,7661.924102007021,巡航,109.20260797272728,23.007786318181818,366.09783935546875,0.0
T035,7671.579278305245,巡航,109.20402015909092,23.007822477272725,366.09783935546875,0.0
T035,7681.234454603468,巡航,109.20543234545455,23.007858636363636,366.09783935546875,0.0
T035,7690.889630901691,巡航,109.20684453181819,23.007894795454547,366.09783935546875,0.0
T035,7700.544807199914,巡航,109.20825671818181,23.007930954545454,366.09783935546875,0.0
T035,7710.199983498137,巡航,109.20966890454545,23.00796711363636,366.09783935546875,0.0
T035,7719.855159796361,巡航,109.21108109090909,23.008003272727272,366.09783935546875,0.0
T035,7729.510336094584,巡航,109.21249327727273,23.008039431818183,366.09783935546875,0.0
T035,7739.165512392807,巡航,109.21390546363637,23.00807559090909,366.09783935546875,0.0
T035,7748.82068869103,巡航,109.21531765,23.008111749999998,366.09783935546875,0.0
T035,7758.475864989254,巡航,109.21672983636364,23.00814790909091,366.09783935546875,0.0
T035,7768.131041287476,巡航,109.21814202272728,23.00818406818182,366.09783935546875,0.0
T035,7777.7862175857,巡航,109.21955420909092,23.008220227272727,366.09783935546875,0.0
T035,7787.441393883923,巡航,109.22096639545455,23.008256386363634,366.09783935546875,0.0
T035,7797.096570182146,巡航,109.22237858181819,23.008292545454545,366.09783935546875,0.0
T035,7806.75174648037,巡航,109.22379076818181,23.008328704545455,366.09783935546875,0.0
T035,7816.406922778592,巡航,109.22520295454545,23.008364863636363,366.09783935546875,0.0
T035,7826.062099076816,巡航,109.22661514090909,23.00840102272727,366.09783935546875,0.0
T035,7835.717275375039,巡航,109.22802732727273,23.00843718181818,366.09783935546875,0.0
T035,7845.372451673262,巡航,109.22943951363636,23.00847334090909,366.09783935546875,0.0
T035,7855.027627971485,巡航,109.2308517,23.0085095,366.09783935546875,0.0
T035,7855.027627971485,下降,109.2308517,23.0085095,366.09783935546875,0.0
T035,7864.5635415457045,下降,109.2308517,23.0085095,342.2580554199219,0.0
T035,7874.099455119923,下降,109.2308517,23.0085095,318.418271484375,0.0
T035,7883.635368694142,下降,109.2308517,23.0085095,294.5784875488281,0.0
T035,7893.17128226836,下降,109.2308517,23.0085095,270.73870361328125,0.0
T035,7902.7071958425795,下降,109.2308517,23.0085095,246.89891967773437,0.0
T035,7912.243109416799,下降,109.2308517,23.0085095,223.05913574218746,0.0
T035,7921.779022991017,下降,109.2308517,23.0085095,199.2193518066406,0.0
T035,7931.314936565236,下降,109.2308517,23.0085095,175.37956787109374,0.0
T035,7940.850850139454,下降,109.2308517,23.0085095,151.53978393554686,0.0
T035,7950.386763713674,下降,109.2308517,23.0085095,127.69999999999999,0.0
T036,6880.524932076295,准备装载,109.2308517,23.0085095,127.7,8.0
T036,6890.524932076295,准备装载,109.2308517,23.0085095,127.7,8.0
T036,6900.524932076295,准备装载,109.2308517,23.0085095,127.7,8.0
T036,6910.524932076295,准备装载,109.2308517,23.0085095,127.7,8.0
T036,6920.524932076295,准备装载,109.2308517,23.0085095,127.7,8.0
T036,6930.524932076295,准备装载,109.2308517,23.0085095,127.7,8.0
T036,6940.524932076295,准备装载,109.2308517,23.0085095,127.7,8.0
T036,6950.524932076295,准备装载,109.2308517,23.0085095,127.7,8.0
T036,6960.524932076295,准备装载,109.2308517,23.0085095,127.7,8.0
T036,6970.524932076295,准备装载,109.2308517,23.0085095,127.7,8.0
T036,6980.524932076295,准备装载,109.2308517,23.0085095,127.7,8.0
T036,6990.524932076295,准备装载,109.2308517,23.0085095,127.7,8.0
T036,7000.524932076295,准备装载,109.2308517,23.0085095,127.7,8.0
T036,7010.524932076295,准备装载,109.2308517,23.0085095,127.7,8.0
T036,7020.524932076295,准备装载,109.2308517,23.0085095,127.7,8.0
T036,7030.524932076295,准备装载,109.2308517,23.0085095,127.7,8.0
T036,7040.524932076295,准备装载,109.2308517,23.0085095,127.7,8.0
T036,7050.524932076295,准备装载,109.2308517,23.0085095,127.7,8.0
T036,7060.524932076295,准备装载,109.2308517,23.0085095,127.7,8.0
T036,7070.524932076295,准备装载,109.2308517,23.0085095,127.7,8.0
T036,7080.524932076295,准备装载,109.2308517,23.0085095,127.7,8.0
T036,7090.524932076295,准备装载,109.2308517,23.0085095,127.7,8.0
T036,7100.524932076295,准备装载,109.2308517,23.0085095,127.7,8.0
T036,7110.524932076295,准备装载,109.2308517,23.0085095,127.7,8.0
T036,7120.524932076295,准备装载,109.2308517,23.0085095,127.7,8.0
T036,7130.524932076295,准备装载,109.2308517,23.0085095,127.7,8.0
T036,7140.524932076295,准备装载,109.2308517,23.0085095,127.7,8.0
T036,7150.524932076295,准备装载,109.2308517,23.0085095,127.7,8.0
T036,7160.524932076295,准备装载,109.2308517,23.0085095,127.7,8.0
T036,7170.524932076295,准备装载,109.2308517,23.0085095,127.7,8.0
T036,7180.524932076295,准备装载,109.2308517,23.0085095,127.7,8.0
T036,7190.524932076295,准备装载,109.2308517,23.0085095,127.7,8.0
T036,7200.524932076295,准备装载,109.2308517,23.0085095,127.7,8.0
T036,7210.524932076295,准备装载,109.2308517,23.0085095,127.7,8.0
T036,7210.524932076295,爬升,109.2308517,23.0085095,127.7,8.0
T036,7219.839474041356,爬升,109.2308517,23.0085095,155.6436258951823,8.0
T036,7229.154016006417,爬升,109.2308517,23.0085095,183.58725179036458,8.0
T036,7238.468557971477,爬升,109.2308517,23.0085095,211.5308776855469,8.0
T036,7247.783099936538,爬升,109.2308517,23.0085095,239.47450358072916,8.0
T036,7257.097641901599,爬升,109.2308517,23.0085095,267.4181294759115,8.0
T036,7266.41218386666,爬升,109.2308517,23.0085095,295.36175537109375,8.0
T036,7266.41218386666,巡航,109.2308517,23.0085095,295.36175537109375,8.0
T036,7276.162441619026,巡航,109.23041352916667,23.009485066666667,295.36175537109375,8.0
T036,7285.9126993713935,巡航,109.22997535833333,23.01046063333333,295.36175537109375,8.0
T036,7295.66295712376,巡航,109.2295371875,23.0114362,295.36175537109375,8.0
T036,7305.413214876127,巡航,109.22909901666667,23.012411766666666,295.36175537109375,8.0
T036,7315.163472628494,巡航,109.22866084583333,23.013387333333334,295.36175537109375,8.0
T036,7324.91373038086,巡航,109.228222675,23.0143629,295.36175537109375,8.0
T036,7334.663988133228,巡航,109.22778450416666,23.015338466666666,295.36175537109375,8.0
T036,7344.414245885594,巡航,109.22734633333333,23.016314033333334,295.36175537109375,8.0
T036,7354.164503637961,巡航,109.2269081625,23.017289599999998,295.36175537109375,8.0
T036,7363.914761390328,巡航,109.22646999166666,23.018265166666666,295.36175537109375,8.0
T036,7373.665019142695,巡航,109.22603182083333,23.019240733333334,295.36175537109375,8.0
T036,7383.415276895062,巡航,109.22559365000001,23.0202163,295.36175537109375,8.0
T036,7393.165534647428,巡航,109.22515547916667,23.021191866666666,295.36175537109375,8.0
T036,7402.9157923997955,巡航,109.22471730833334,23.022167433333333,295.36175537109375,8.0
T036,7412.666050152162,巡航,109.2242791375,23.023143,295.36175537109375,8.0
T036,7422.416307904529,巡航,109.22384096666667,23.024118566666665,295.36175537109375,8.0
T036,7432.166565656896,巡航,109.22340279583334,23.025094133333333,295.36175537109375,8.0
T036,7441.916823409263,巡航,109.222964625,23.0260697,295.36175537109375,8.0
T036,7451.6670811616295,巡航,109.22252645416667,23.027045266666665,295.36175537109375,8.0
T036,7461.417338913996,巡航,109.22208828333333,23.028020833333333,295.36175537109375,8.0
T036,7471.167596666363,巡航,109.2216501125,23.0289964,295.36175537109375,8.0
T036,7480.91785441873,巡航,109.22121194166667,23.02997196666667,295.36175537109375,8.0
T036,7490.668112171097,巡航,109.22077377083333,23.030947533333332,295.36175537109375,8.0
T036,7500.418369923464,巡航,109.2203356,23.0319231,295.36175537109375,8.0
T036,7500.418369923464,下降,109.2203356,23.0319231,295.36175537109375,8.0
T036,7508.744545460573,下降,109.2203356,23.0319231,274.5463165283203,8.0
T036,7517.070720997683,下降,109.2203356,23.0319231,253.7308776855469,8.0
T036,7525.396896534791,下降,109.2203356,23.0319231,232.91543884277343,8.0
T036,7533.723072071901,下降,109.2203356,23.0319231,212.1,8.0
T036,7533.723072071901,交接,109.2203356,23.0319231,212.1,8.0
T036,7543.723072071901,交接,109.2203356,23.0319231,212.1,8.0
T036,7553.723072071901,交接,109.2203356,23.0319231,212.1,8.0
T036,7563.723072071901,交接,109.2203356,23.0319231,212.1,8.0
T036,7573.723072071901,交接,109.2203356,23.0319231,212.1,8.0
T036,7583.723072071901,交接,109.2203356,23.0319231,212.1,8.0
T036,7593.723072071901,交接,109.2203356,23.0319231,212.1,8.0
T036,7603.723072071901,交接,109.2203356,23.0319231,212.1,8.0
T036,7613.723072071901,交接,109.2203356,23.0319231,212.1,8.0
T036,7623.723072071901,交接,109.2203356,23.0319231,212.1,8.0
T036,7633.723072071901,交接,109.2203356,23.0319231,212.1,8.0
T036,7643.723072071901,交接,109.2203356,23.0319231,212.1,8.0
T036,7653.723072071901,交接,109.2203356,23.0319231,212.1,8.0
T036,7663.723072071901,交接,109.2203356,23.0319231,212.1,8.0
T036,7673.723072071901,交接,109.2203356,23.0319231,212.1,8.0
T036,7683.723072071901,交接,109.2203356,23.0319231,212.1,8.0
T036,7693.723072071901,交接,109.2203356,23.0319231,212.1,8.0
T036,7703.723072071901,交接,109.2203356,23.0319231,212.1,8.0
T036,7713.723072071901,交接,109.2203356,23.0319231,212.1,8.0
T036,7713.723072071901,爬升,109.2203356,23.0319231,212.1,0.0
T036,7722.974378224245,爬升,109.2203356,23.0319231,239.85391845703126,0.0
T036,7732.225684376588,爬升,109.2203356,23.0319231,267.6078369140625,0.0
T036,7741.476990528932,爬升,109.2203356,23.0319231,295.36175537109375,0.0
T036,7741.476990528932,巡航,109.2203356,23.0319231,295.36175537109375,0.0
T036,7751.227248281299,巡航,109.22077377083333,23.030947533333332,295.36175537109375,0.0
T036,7760.977506033666,巡航,109.22121194166667,23.02997196666667,295.36175537109375,0.0
T036,7770.7277637860325,巡航,109.2216501125,23.0289964,295.36175537109375,0.0
T036,7780.4780215384,巡航,109.22208828333333,23.028020833333333,295.36175537109375,0.0
T036,7790.228279290766,巡航,109.22252645416667,23.027045266666665,295.36175537109375,0.0
T036,7799.978537043133,巡航,109.222964625,23.0260697,295.36175537109375,0.0
T036,7809.7287947955,巡航,109.22340279583334,23.025094133333333,295.36175537109375,0.0
T036,7819.479052547867,巡航,109.22384096666667,23.024118566666665,295.36175537109375,0.0
T036,7829.229310300234,巡航,109.2242791375,23.023143,295.36175537109375,0.0
T036,7838.9795680526,巡航,109.22471730833334,23.022167433333333,295.36175537109375,0.0
T036,7848.729825804968,巡航,109.22515547916667,23.021191866666666,295.36175537109375,0.0
T036,7858.480083557334,巡航,109.22559365000001,23.0202163,295.36175537109375,0.0
T036,7868.230341309701,巡航,109.22603182083333,23.019240733333334,295.36175537109375,0.0
T036,7877.980599062068,巡航,109.22646999166666,23.018265166666666,295.36175537109375,0.0
T036,7887.730856814434,巡航,109.2269081625,23.017289599999998,295.36175537109375,0.0
T036,7897.481114566802,巡航,109.22734633333333,23.016314033333334,295.36175537109375,0.0
T036,7907.231372319168,巡航,109.22778450416666,23.015338466666666,295.36175537109375,0.0
T036,7916.981630071536,巡航,109.228222675,23.0143629,295.36175537109375,0.0
T036,7926.731887823902,巡航,109.22866084583333,23.013387333333334,295.36175537109375,0.0
T036,7936.4821455762685,巡航,109.22909901666667,23.012411766666666,295.36175537109375,0.0
T036,7946.232403328636,巡航,109.2295371875,23.0114362,295.36175537109375,0.0
T036,7955.982661081002,巡航,109.22997535833333,23.01046063333333,295.36175537109375,0.0
T036,7965.73291883337,巡航,109.23041352916667,23.009485066666667,295.36175537109375,0.0
T036,7975.483176585736,巡航,109.2308517,23.0085095,295.36175537109375,0.0
T036,7975.483176585736,下降,109.2308517,23.0085095,295.36175537109375,0.0
T036,7985.063848321227,下降,109.2308517,23.0085095,271.4100760323661,0.0
T036,7994.644520056719,下降,109.2308517,23.0085095,247.4583966936384,0.0
T036,8004.225191792209,下降,109.2308517,23.0085095,223.50671735491073,0.0
T036,8013.8058635277,下降,109.2308517,23.0085095,199.55503801618303,0.0
T036,8023.386535263191,下降,109.2308517,23.0085095,175.60335867745536,0.0
T036,8032.967206998683,下降,109.2308517,23.0085095,151.6516793387277,0.0
T036,8042.5478787341735,下降,109.2308517,23.0085095,127.69999999999999,0.0
T037,6943.138751430439,准备装载,109.2308517,23.0085095,127.7,8.0
T037,6953.138751430439,准备装载,109.2308517,23.0085095,127.7,8.0
T037,6963.138751430439,准备装载,109.2308517,23.0085095,127.7,8.0
T037,6973.138751430439,准备装载,109.2308517,23.0085095,127.7,8.0
T037,6983.138751430439,准备装载,109.2308517,23.0085095,127.7,8.0
T037,6993.138751430439,准备装载,109.2308517,23.0085095,127.7,8.0
T037,7003.138751430439,准备装载,109.2308517,23.0085095,127.7,8.0
T037,7013.138751430439,准备装载,109.2308517,23.0085095,127.7,8.0
T037,7023.138751430439,准备装载,109.2308517,23.0085095,127.7,8.0
T037,7033.138751430439,准备装载,109.2308517,23.0085095,127.7,8.0
T037,7043.138751430439,准备装载,109.2308517,23.0085095,127.7,8.0
T037,7053.138751430439,准备装载,109.2308517,23.0085095,127.7,8.0
T037,7063.138751430439,准备装载,109.2308517,23.0085095,127.7,8.0
T037,7073.138751430439,准备装载,109.2308517,23.0085095,127.7,8.0
T037,7083.138751430439,准备装载,109.2308517,23.0085095,127.7,8.0
T037,7093.138751430439,准备装载,109.2308517,23.0085095,127.7,8.0
T037,7103.138751430439,准备装载,109.2308517,23.0085095,127.7,8.0
T037,7113.138751430439,准备装载,109.2308517,23.0085095,127.7,8.0
T037,7123.138751430439,准备装载,109.2308517,23.0085095,127.7,8.0
T037,7133.138751430439,准备装载,109.2308517,23.0085095,127.7,8.0
T037,7143.138751430439,准备装载,109.2308517,23.0085095,127.7,8.0
T037,7153.138751430439,准备装载,109.2308517,23.0085095,127.7,8.0
T037,7163.138751430439,准备装载,109.2308517,23.0085095,127.7,8.0
T037,7173.138751430439,准备装载,109.2308517,23.0085095,127.7,8.0
T037,7183.138751430439,准备装载,109.2308517,23.0085095,127.7,8.0
T037,7193.138751430439,准备装载,109.2308517,23.0085095,127.7,8.0
T037,7203.138751430439,准备装载,109.2308517,23.0085095,127.7,8.0
T037,7213.138751430439,准备装载,109.2308517,23.0085095,127.7,8.0
T037,7223.138751430439,准备装载,109.2308517,23.0085095,127.7,8.0
T037,7233.138751430439,准备装载,109.2308517,23.0085095,127.7,8.0
T037,7243.138751430439,准备装载,109.2308517,23.0085095,127.7,8.0
T037,7253.138751430439,准备装载,109.2308517,23.0085095,127.7,8.0
T037,7263.138751430439,准备装载,109.2308517,23.0085095,127.7,8.0
T037,7273.138751430439,准备装载,109.2308517,23.0085095,127.7,8.0
T037,7273.138751430439,爬升,109.2308517,23.0085095,127.7,8.0
T037,7282.597546422068,爬升,109.2308517,23.0085095,151.34698747907368,8.0
T037,7292.056341413698,爬升,109.2308517,23.0085095,174.99397495814733,8.0
T037,7301.515136405327,爬升,109.2308517,23.0085095,198.640962437221,8.0
T037,7310.973931396957,爬升,109.2308517,23.0085095,222.28794991629465,8.0
T037,7320.432726388586,爬升,109.2308517,23.0085095,245.9349373953683,8.0
T037,7329.891521380216,爬升,109.2308517,23.0085095,269.581924874442,8.0
T037,7339.350316371845,爬升,109.2308517,23.0085095,293.2289123535156,8.0
T037,7339.350316371845,巡航,109.2308517,23.0085095,293.2289123535156,8.0
T037,7349.102700922746,巡航,109.2314488974359,23.00970922820513,293.2289123535156,8.0
T037,7358.855085473647,巡航,109.23204609487179,23.010908956410255,293.2289123535156,8.0
T037,7368.607470024548,巡航,109.2326432923077,23.012108684615384,293.2289123535156,8.0
T037,7378.3598545754485,巡航,109.2332404897436,23.01330841282051,293.2289123535156,8.0
T037,7388.11223912635,巡航,109.23383768717949,23.01450814102564,293.2289123535156,8.0
T037,7397.864623677251,巡航,109.23443488461538,23.01570786923077,293.2289123535156,8.0
T037,7407.6170082281515,巡航,109.23503208205129,23.016907597435896,293.2289123535156,8.0
T037,7417.369392779053,巡航,109.23562927948718,23.018107325641026,293.2289123535156,8.0
T037,7427.121777329953,巡航,109.23622647692308,23.019307053846152,293.2289123535156,8.0
T037,7436.874161880854,巡航,109.23682367435897,23.02050678205128,293.2289123535156,8.0
T037,7446.626546431755,巡航,109.23742087179488,23.021706510256408,293.2289123535156,8.0
T037,7456.378930982656,巡航,109.23801806923078,23.022906238461537,293.2289123535156,8.0
T037,7466.131315533557,巡航,109.23861526666667,23.024105966666667,293.2289123535156,8.0
T037,7475.883700084458,巡航,109.23921246410256,23.025305694871793,293.2289123535156,8.0
T037,7485.636084635359,巡航,109.23980966153846,23.026505423076923,293.2289123535156,8.0
T037,7495.3884691862595,巡航,109.24040685897437,23.02770515128205,293.2289123535156,8.0
T037,7505.140853737161,巡航,109.24100405641026,23.02890487948718,293.2289123535156,8.0
T037,7514.893238288062,巡航,109.24160125384616,23.03010460769231,293.2289123535156,8.0
T037,7524.6456228389625,巡航,109.24219845128205,23.031304335897435,293.2289123535156,8.0
T037,7534.398007389864,巡航,109.24279564871796,23.032504064102564,293.2289123535156,8.0
T037,7544.150391940764,巡航,109.24339284615385,23.03370379230769,293.2289123535156,8.0
T037,7553.9027764916655,巡航,109.24399004358975,23.03490352051282,293.2289123535156,8.0
T037,7563.655161042567,巡航,109.24458724102564,23.03610324871795,293.2289123535156,8.0
T037,7573.407545593467,巡航,109.24518443846155,23.037302976923076,293.2289123535156,8.0
T037,7583.159930144368,巡航,109.24578163589744,23.038502705128206,293.2289123535156,8.0
T037,7592.912314695269,巡航,109.24637883333334,23.039702433333332,293.2289123535156,8.0
T037,7602.66469924617,巡航,109.24697603076923,23.04090216153846,293.2289123535156,8.0
T037,7612.4170837970705,巡航,109.24757322820513,23.04210188974359,293.2289123535156,8.0
T037,7622.169468347972,巡航,109.24817042564104,23.043301617948718,293.2289123535156,8.0
T037,7631.921852898873,巡航,109.24876762307693,23.044501346153847,293.2289123535156,8.0
T037,7641.6742374497735,巡航,109.24936482051282,23.045701074358973,293.2289123535156,8.0
T037,7651.426622000675,巡航,109.24996201794872,23.046900802564103,293.2289123535156,8.0
T037,7661.179006551575,巡航,109.25055921538463,23.04810053076923,293.2289123535156,8.0
T037,7670.9313911024765,巡航,109.25115641282052,23.04930025897436,293.2289123535156,8.0
T037,7680.683775653378,巡航,109.25175361025642,23.05049998717949,293.2289123535156,8.0
T037,7690.436160204278,巡航,109.25235080769231,23.051699715384615,293.2289123535156,8.0
T037,7700.1885447551795,巡航,109.25294800512822,23.052899443589745,293.2289123535156,8.0
T037,7709.94092930608,巡航,109.25354520256411,23.05409917179487,293.2289123535156,8.0
T037,7719.693313856981,巡航,109.2541424,23.0552989,293.2289123535156,8.0
T037,7719.693313856981,下降,109.2541424,23.0552989,293.2289123535156,8.0
T037,7727.596927901171,下降,109.2541424,23.0552989,277.4216842651367,8.0
T037,7735.50054194536,下降,109.2541424,23.0552989,261.6144561767578,8.0
T037,7743.4041559895495,下降,109.2541424,23.0552989,245.8072280883789,8.0
T037,7751.307770033739,下降,109.2541424,23.0552989,230.0,8.0
T037,7751.307770033739,交接,109.2541424,23.0552989,230.0,8.0
T037,7761.125951851921,交接,109.2541424,23.0552989,230.0,8.0
T037,7770.944133670103,交接,109.2541424,23.0552989,230.0,8.0
T037,7780.762315488284,交接,109.2541424,23.0552989,230.0,8.0
T037,7790.580497306466,交接,109.2541424,23.0552989,230.0,8.0
T037,7800.398679124648,交接,109.2541424,23.0552989,230.0,8.0
T037,7810.21686094283,交接,109.2541424,23.0552989,230.0,8.0
T037,7820.035042761012,交接,109.2541424,23.0552989,230.0,8.0
T037,7829.853224579194,交接,109.2541424,23.0552989,230.0,8.0
T037,7839.671406397375,交接,109.2541424,23.0552989,230.0,8.0
T037,7849.489588215557,交接,109.2541424,23.0552989,230.0,8.0
T037,7859.307770033739,交接,109.2541424,23.0552989,230.0,8.0
T037,7869.125951851921,交接,109.2541424,23.0552989,230.0,8.0
T037,7878.944133670103,交接,109.2541424,23.0552989,230.0,8.0
T037,7888.762315488284,交接,109.2541424,23.0552989,230.0,8.0
T037,7898.580497306466,交接,109.2541424,23.0552989,230.0,8.0
T037,7908.398679124648,交接,109.2541424,23.0552989,230.0,8.0
T037,7918.21686094283,交接,109.2541424,23.0552989,230.0,8.0
T037,7928.035042761012,交接,109.2541424,23.0552989,230.0,8.0
T037,7937.853224579194,交接,109.2541424,23.0552989,230.0,8.0
T037,7947.671406397375,交接,109.2541424,23.0552989,230.0,8.0
T037,7957.489588215557,交接,109.2541424,23.0552989,230.0,8.0
T037,7967.307770033739,交接,109.2541424,23.0552989,230.0,8.0
T037,7967.307770033739,爬升,109.2541424,23.0552989,230.0,0.0
T037,7975.738291680875,爬升,109.2541424,23.0552989,251.07630411783853,0.0
T037,7984.1688133280095,爬升,109.2541424,23.0552989,272.15260823567706,0.0
T037,7992.599334975145,爬升,109.2541424,23.0552989,293.2289123535156,0.0
T037,7992.599334975145,巡航,109.2541424,23.0552989,293.2289123535156,0.0
T037,8002.3517195260465,巡航,109.25354520256411,23.05409917179487,293.2289123535156,0.0
T037,8012.104104076947,巡航,109.25294800512822,23.052899443589745,293.2289123535156,0.0
T037,8021.856488627848,巡航,109.25235080769231,23.051699715384615,293.2289123535156,0.0
T037,8031.608873178749,巡航,109.25175361025642,23.05049998717949,293.2289123535156,0.0
T037,8041.36125772965,巡航,109.25115641282052,23.04930025897436,293.2289123535156,0.0
T037,8051.113642280551,巡航,109.25055921538463,23.04810053076923,293.2289123535156,0.0
T037,8060.866026831452,巡航,109.24996201794872,23.046900802564103,293.2289123535156,0.0
T037,8070.618411382353,巡航,109.24936482051282,23.045701074358973,293.2289123535156,0.0
T037,8080.370795933253,巡航,109.24876762307693,23.044501346153847,293.2289123535156,0.0
T037,8090.123180484155,巡航,109.24817042564104,23.043301617948718,293.2289123535156,0.0
T037,8099.875565035055,巡航,109.24757322820513,23.04210188974359,293.2289123535156,0.0
T037,8109.627949585956,巡航,109.24697603076923,23.04090216153846,293.2289123535156,0.0
T037,8119.3803341368575,巡航,109.24637883333334,23.039702433333332,293.2289123535156,0.0
T037,8129.132718687758,巡航,109.24578163589744,23.038502705128206,293.2289123535156,0.0
T037,8138.885103238659,巡航,109.24518443846155,23.037302976923076,293.2289123535156,0.0
T037,8148.63748778956,巡航,109.24458724102564,23.03610324871795,293.2289123535156,0.0
T037,8158.389872340461,巡航,109.24399004358975,23.03490352051282,293.2289123535156,0.0
T037,8168.142256891362,巡航,109.24339284615385,23.03370379230769,293.2289123535156,0.0
T037,8177.894641442263,巡航,109.24279564871796,23.032504064102564,293.2289123535156,0.0
T037,8187.647025993164,巡航,109.24219845128205,23.031304335897435,293.2289123535156,0.0
T037,8197.399410544065,巡航,109.24160125384616,23.03010460769231,293.2289123535156,0.0
T037,8207.151795094966,巡航,109.24100405641026,23.02890487948718,293.2289123535156,0.0
T037,8216.904179645866,巡航,109.24040685897437,23.02770515128205,293.2289123535156,0.0
T037,8226.656564196768,巡航,109.23980966153846,23.026505423076923,293.2289123535156,0.0
T037,8236.408948747669,巡航,109.23921246410256,23.025305694871793,293.2289123535156,0.0
T037,8246.161333298569,巡航,109.23861526666667,23.024105966666667,293.2289123535156,0.0
T037,8255.91371784947,巡航,109.23801806923078,23.022906238461537,293.2289123535156,0.0
T037,8265.666102400372,巡航,109.23742087179488,23.021706510256408,293.2289123535156,0.0
T037,8275.418486951272,巡航,109.23682367435897,23.02050678205128,293.2289123535156,0.0
T037,8285.170871502172,巡航,109.23622647692308,23.019307053846152,293.2289123535156,0.0
T037,8294.923256053075,巡航,109.23562927948718,23.018107325641026,293.2289123535156,0.0
T037,8304.675640603975,巡航,109.23503208205129,23.016907597435896,293.2289123535156,0.0
T037,8314.428025154875,巡航,109.23443488461538,23.01570786923077,293.2289123535156,0.0
T037,8324.180409705777,巡航,109.23383768717949,23.01450814102564,293.2289123535156,0.0
T037,8333.932794256678,巡航,109.2332404897436,23.01330841282051,293.2289123535156,0.0
T037,8343.685178807578,巡航,109.2326432923077,23.012108684615384,293.2289123535156,0.0
T037,8353.437563358479,巡航,109.23204609487179,23.010908956410255,293.2289123535156,0.0
T037,8363.18994790938,巡航,109.2314488974359,23.00970922820513,293.2289123535156,0.0
T037,8372.942332460281,巡航,109.2308517,23.0085095,293.2289123535156,0.0
T037,8372.942332460281,下降,109.2308517,23.0085095,293.2289123535156,0.0
T037,8382.138383146588,下降,109.2308517,23.0085095,274.8368109809028,0.0
T037,8391.334433832893,下降,109.2308517,23.0085095,256.44470960828994,0.0
T037,8400.5304845192,下降,109.2308517,23.0085095,238.0526082356771,0.0
T037,8409.726535205507,下降,109.2308517,23.0085095,219.66050686306426,0.0
T037,8418.922585891813,下降,109.2308517,23.0085095,201.26840549045136,0.0
T037,8428.11863657812,下降,109.2308517,23.0085095,182.87630411783854,0.0
T037,8437.314687264427,下降,109.2308517,23.0085095,164.4842027452257,0.0
T037,8446.510737950732,下降,109.2308517,23.0085095,146.09210137261286,0.0
T037,8455.706788637039,下降,109.2308517,23.0085095,127.69999999999999,0.0
