candidate_id,uav_type,cargo_ids,route,prep_s,duration_s,energy_kwh,return_soc,charge_s,latest_start_s,delivery_offsets
K005434f8a76a2b48,C,"[""S003-MED-01"", ""S003-WAT-01"", ""S003-WAT-04"", ""S006-MED-01"", ""S006-WAT-01"", ""S007-MED-01"", ""S007-WAT-01""]","[""S006"", ""S007"", ""S003""]",510.0,3067.589102405376,6.1769992714084845,0.22787509107393944,2506.2706360064644,1854.260087321924,"{""S006-MED-01"": 1095.4219339808324, ""S006-WAT-01"": 1095.4219339808324, ""S007-MED-01"": 1745.739912678076, ""S007-WAT-01"": 1745.739912678076, ""S003-MED-01"": 2277.0034276030415, ""S003-WAT-01"": 2277.0034276030415, ""S003-WAT-04"": 2277.0034276030415}"
K0091c5949ebd98b1,C,"[""S006-HYG-01"", ""S006-MED-01"", ""S006-WAT-01"", ""S006-WAT-02"", ""S006-WAT-03"", ""S007-MED-01"", ""S007-WAT-01""]","[""S007"", ""S006""]",510.0,2413.563141343093,4.781738398083469,0.40228270023956636,2128.387482814273,1538.5687926377395,"{""S007-MED-01"": 1299.7432286650169, ""S007-WAT-01"": 1299.7432286650169, ""S006-HYG-01"": 2061.4312073622605, ""S006-MED-01"": 2061.4312073622605, ""S006-WAT-01"": 2061.4312073622605, ""S006-WAT-02"": 2061.4312073622605, ""S006-WAT-03"": 2061.4312073622605}"
K00989ec93b046958,B,"[""S004-WAT-01""]","[""S004""]",330.0,1861.643637063279,2.5012980451123363,0.3746754887219159,1750.5624862153456,6017.531514801694,"{""S004-WAT-01"": 1182.468485198306}"
K00af97910d6d26d1,C,"[""S003-HYG-01""]","[""S003""]",330.0,2106.0913496046687,4.678418373426114,0.4151977033217358,2100.404976136239,,"{""S003-HYG-01"": 1315.5056748023344}"
K00b7f3d7516b971d,C,"[""S001-FOD-01"", ""S001-FOD-02"", ""S001-MED-01"", ""S001-MED-02"", ""S001-WAT-01"", ""S001-WAT-08""]","[""S001""]",480.0,1494.1690773291593,2.309532357648675,0.7113084552939156,1458.8316801965161,2417.7304613354204,"{""S001-FOD-01"": 1182.2695386645796, ""S001-FOD-02"": 1182.2695386645796, ""S001-MED-01"": 1182.2695386645796, ""S001-MED-02"": 1182.2695386645796, ""S001-WAT-01"": 1182.2695386645796, ""S001-WAT-08"": 1182.2695386645796}"
K00c7e5eac92bcedb,B,"[""S002-FOD-01"", ""S002-MED-01"", ""S002-WAT-04""]","[""S002""]",390.0,1816.6943000984638,2.7134222874379024,0.3216444281405244,1842.4829912230912,2379.712849950768,"{""S002-FOD-01"": 1220.287150049232, ""S002-MED-01"": 1220.287150049232, ""S002-WAT-04"": 1220.287150049232}"
K00f9a4bf7fffd74f,C,"[""S012-MED-01""]","[""S012""]",330.0,1908.5906823685345,4.67103869406913,0.4161201632413587,2098.406312977056,2380.3096588157327,"{""S012-MED-01"": 1219.6903411842673}"
K01b45eb087d277a6,C,"[""S001-MED-01"", ""S001-MED-02"", ""S001-WAT-01"", ""S001-WAT-02"", ""S001-WAT-03"", ""S001-WAT-05"", ""S013-MED-01"", ""S013-WAT-01""]","[""S013"", ""S001""]",540.0,2256.6157837540723,5.703292275623303,0.2870884655470871,2377.9749913146447,1655.2837549105072,"{""S013-MED-01"": 1247.6164665061224, ""S013-WAT-01"": 1247.6164665061224, ""S001-MED-01"": 1944.7162450894928, ""S001-MED-02"": 1944.7162450894928, ""S001-WAT-01"": 1944.7162450894928, ""S001-WAT-02"": 1944.7162450894928, ""S001-WAT-03"": 1944.7162450894928, ""S001-WAT-05"": 1944.7162450894928}"
K020499be1cc909da,C,"[""S001-FOD-01"", ""S001-FOD-02"", ""S001-FOD-03"", ""S001-HYG-01"", ""S001-MED-01"", ""S001-MED-02"", ""S001-WAT-01"", ""S001-WAT-07""]","[""S001""]",540.0,1626.1690773291593,2.565578385924292,0.6793027017594635,1528.1774795211625,2285.7304613354204,"{""S001-FOD-01"": 1314.2695386645796, ""S001-FOD-02"": 1314.2695386645796, ""S001-FOD-03"": 1314.2695386645796, ""S001-HYG-01"": 1314.2695386645796, ""S001-MED-01"": 1314.2695386645796, ""S001-MED-02"": 1314.2695386645796, ""S001-WAT-01"": 1314.2695386645796, ""S001-WAT-07"": 1314.2695386645796}"
K025681826f4c52c5,C,"[""S001-FOD-01"", ""S001-FOD-02"", ""S001-FOD-03"", ""S001-HYG-01"", ""S001-HYG-02"", ""S001-MED-01"", ""S001-MED-02"", ""S001-WAT-02""]","[""S001""]",540.0,1626.1690773291593,2.405026168043529,0.6993717289945589,1484.6945871784558,2285.7304613354204,"{""S001-FOD-01"": 1314.2695386645796, ""S001-FOD-02"": 1314.2695386645796, ""S001-FOD-03"": 1314.2695386645796, ""S001-HYG-01"": 1314.2695386645796, ""S001-HYG-02"": 1314.2695386645796, ""S001-MED-01"": 1314.2695386645796, ""S001-MED-02"": 1314.2695386645796, ""S001-WAT-02"": 1314.2695386645796}"
K02850362afd6dd16,C,"[""S003-FOD-01"", ""S003-FOD-02"", ""S003-HYG-01"", ""S003-MED-01"", ""S003-WAT-02""]","[""S003""]",450.0,2370.0913496046687,5.209161832281397,0.3488547709648254,2244.147996242878,5620.494325197666,"{""S003-FOD-01"": 1579.5056748023344, ""S003-FOD-02"": 1579.5056748023344, ""S003-HYG-01"": 1579.5056748023344, ""S003-MED-01"": 1579.5056748023344, ""S003-WAT-02"": 1579.5056748023344}"
K02e6026c990ae188,C,"[""S007-MED-01"", ""S007-WAT-01"", ""S008-HYG-01"", ""S008-MED-01"", ""S015-MED-01""]","[""S007"", ""S015"", ""S008""]",450.0,3209.7696270249335,6.294919361754017,0.21313507978074786,2538.207327141713,2360.256771334983,"{""S007-MED-01"": 1239.7432286650169, ""S007-WAT-01"": 1239.7432286650169, ""S015-MED-01"": 1679.6769157274211, ""S008-HYG-01"": 2507.7590204822027, ""S008-MED-01"": 2507.7590204822027}"
K0321a35de3719d4e,C,"[""S001-FOD-01"", ""S001-FOD-02"", ""S001-MED-01"", ""S001-MED-02"", ""S001-WAT-04""]","[""S001""]",450.0,1428.1690773291593,2.1435782470816216,0.7320527191147973,1413.8857752512727,2483.7304613354204,"{""S001-FOD-01"": 1116.2695386645796, ""S001-FOD-02"": 1116.2695386645796, ""S001-MED-01"": 1116.2695386645796, ""S001-MED-02"": 1116.2695386645796, ""S001-WAT-04"": 1116.2695386645796}"
K03d7d00ffc0931b1,C,"[""S002-MED-01""]","[""S002""]",330.0,1777.8123848152607,4.643432815057709,0.41957089811778636,2090.929720744796,2442.6838075923697,"{""S002-MED-01"": 1157.3161924076303}"
K040c90fda97c2e13,A,"[""S012-FOD-01""]","[""S012""]",330.0,2049.090073643448,2.83022801543736,0.37106044101392,1317.6214266819038,,"{""S012-FOD-01"": 1274.475036821724}"
K043e8d4d4fdb7723,C,"[""S010-FOD-01"", ""S010-MED-01"", ""S010-WAT-01"", ""S013-FOD-01"", ""S013-MED-01"", ""S014-FOD-01"", ""S014-MED-01"", ""S014-WAT-01""]","[""S013"", ""S014"", ""S010""]",540.0,2986.899946790136,6.0108319284475105,0.2486460089440612,2461.2669806212007,1119.6492587328512,"{""S013-FOD-01"": 1247.6164665061224, ""S013-MED-01"": 1247.6164665061224, ""S014-FOD-01"": 1907.8641164121264, ""S014-MED-01"": 1907.8641164121264, ""S014-WAT-01"": 1907.8641164121264, ""S010-FOD-01"": 2480.350741267149, ""S010-MED-01"": 2480.350741267149, ""S010-WAT-01"": 2480.350741267149}"
K0469b0c0203a08c5,C,"[""S001-HYG-01"", ""S001-MED-01"", ""S001-MED-02"", ""S001-WAT-01"", ""S002-MED-01"", ""S002-WAT-01"", ""S005-FOD-01"", ""S005-MED-01"", ""S005-WAT-03""]","[""S001"", ""S005"", ""S002""]",570.0,3079.477862461497,6.393248432150081,0.2008439459812399,2564.838117040647,1141.0183299461337,"{""S001-HYG-01"": 1200.2695386645796, ""S001-MED-01"": 1200.2695386645796, ""S001-MED-02"": 1200.2695386645796, ""S001-WAT-01"": 1200.2695386645796, ""S005-FOD-01"": 1796.896423929853, ""S005-MED-01"": 1796.896423929853, ""S005-WAT-03"": 1796.896423929853, ""S002-MED-01"": 2458.9816700538663, ""S002-WAT-01"": 2458.9816700538663}"
K0493f435657e90c2,C,"[""S003-FOD-01"", ""S003-FOD-02"", ""S003-MED-01"", ""S003-WAT-04""]","[""S003""]",420.0,2304.0913496046687,5.069644903698979,0.3662943870376276,2206.3621614184735,5686.494325197666,"{""S003-FOD-01"": 1513.5056748023344, ""S003-FOD-02"": 1513.5056748023344, ""S003-MED-01"": 1513.5056748023344, ""S003-WAT-04"": 1513.5056748023344}"
K04a6c62e7c0c35e3,C,"[""S007-FOD-01"", ""S007-HYG-01"", ""S007-MED-01"", ""S007-WAT-01"", ""S015-FOD-01"", ""S015-MED-01"", ""S015-WAT-01""]","[""S015"", ""S007""]",510.0,2545.2717770027584,5.146481592582101,0.35668980092723734,2227.172097990986,1614.5514516622586,"{""S015-FOD-01"": 1424.914861275337, ""S015-MED-01"": 1424.914861275337, ""S015-WAT-01"": 1424.914861275337, ""S007-FOD-01"": 1985.4485483377414, ""S007-HYG-01"": 1985.4485483377414, ""S007-MED-01"": 1985.4485483377414, ""S007-WAT-01"": 1985.4485483377414}"
K04b43167b8b50721,C,"[""S001-MED-01"", ""S001-MED-02"", ""S001-WAT-01"", ""S001-WAT-02"", ""S001-WAT-03"", ""S001-WAT-06"", ""S013-MED-01"", ""S013-WAT-01""]","[""S013"", ""S001""]",540.0,2256.6157837540723,5.703292275623303,0.2870884655470871,2377.9749913146447,1655.2837549105072,"{""S013-MED-01"": 1247.6164665061224, ""S013-WAT-01"": 1247.6164665061224, ""S001-MED-01"": 1944.7162450894928, ""S001-MED-02"": 1944.7162450894928, ""S001-WAT-01"": 1944.7162450894928, ""S001-WAT-02"": 1944.7162450894928, ""S001-WAT-03"": 1944.7162450894928, ""S001-WAT-06"": 1944.7162450894928}"
K04f65dcb9b32bc5a,C,"[""S001-FOD-01"", ""S001-FOD-02"", ""S001-FOD-03"", ""S001-MED-01"", ""S001-MED-02"", ""S005-FOD-01"", ""S005-MED-01"", ""S011-FOD-01"", ""S011-MED-01"", ""S011-WAT-01""]","[""S011"", ""S005"", ""S001""]",600.0,2734.828500672869,4.7033476943508665,0.4120815382061417,2107.156667220026,1177.071037991711,"{""S011-FOD-01"": 1183.9005286794275, ""S011-MED-01"": 1183.9005286794275, ""S011-WAT-01"": 1183.9005286794275, ""S005-FOD-01"": 1753.2020767430156, ""S005-MED-01"": 1753.2020767430156, ""S001-FOD-01"": 2422.928962008289, ""S001-FOD-02"": 2422.928962008289, ""S001-FOD-03"": 2422.928962008289, ""S001-MED-01"": 2422.928962008289, ""S001-MED-02"": 2422.928962008289}"
K05bd334d1743edf6,C,"[""S001-FOD-01"", ""S001-FOD-02"", ""S001-MED-01"", ""S001-MED-02"", ""S001-WAT-01"", ""S001-WAT-07""]","[""S001""]",480.0,1494.1690773291593,2.309532357648675,0.7113084552939156,1458.8316801965161,2417.7304613354204,"{""S001-FOD-01"": 1182.2695386645796, ""S001-FOD-02"": 1182.2695386645796, ""S001-MED-01"": 1182.2695386645796, ""S001-MED-02"": 1182.2695386645796, ""S001-WAT-01"": 1182.2695386645796, ""S001-WAT-07"": 1182.2695386645796}"
K05d267bc4bf64ed9,C,"[""S003-FOD-01"", ""S003-FOD-02"", ""S003-HYG-01"", ""S003-MED-01"", ""S003-WAT-01"", ""S003-WAT-03""]","[""S003""]",480.0,2436.0913496046687,5.645047242492665,0.2943690946884169,2362.2002948417635,5554.494325197666,"{""S003-FOD-01"": 1645.5056748023344, ""S003-FOD-02"": 1645.5056748023344, ""S003-HYG-01"": 1645.5056748023344, ""S003-MED-01"": 1645.5056748023344, ""S003-WAT-01"": 1645.5056748023344, ""S003-WAT-03"": 1645.5056748023344}"
K05d98545035b5fc0,A,"[""S007-WAT-01""]","[""S007""]",330.0,1667.4240845409602,1.8725482434819618,0.5838781681151196,1040.9583814503444,2518.64795772952,"{""S007-WAT-01"": 1081.35204227048}"
K0696e1756ca66a15,A,"[""S002-MED-01"", ""S002-WAT-04"", ""S009-MED-01""]","[""S002"", ""S009""]",390.0,2275.8147510533395,3.0053255513614356,0.3321498774752365,1368.2051592821927,2286.1910090326983,"{""S002-MED-01"": 1313.8089909673017, ""S002-WAT-04"": 1313.8089909673017, ""S009-MED-01"": 1713.098135137675}"
K06a64136c405b28a,C,"[""S012-FOD-01"", ""S012-MED-01"", ""S012-WAT-01"", ""S013-FOD-01"", ""S013-MED-01"", ""S013-WAT-01""]","[""S012"", ""S013""]",480.0,2503.1585304752866,5.7586085921061025,0.2801739259867372,2392.9564936954025,1574.8579360308358,"{""S012-FOD-01"": 1441.690341184267, ""S012-MED-01"": 1441.690341184267, ""S012-WAT-01"": 1441.690341184267, ""S013-FOD-01"": 2025.1420639691642, ""S013-MED-01"": 2025.1420639691642, ""S013-WAT-01"": 2025.1420639691642}"
K06bbe6d54f91b0d5,C,"[""S009-FOD-01"", ""S009-MED-01"", ""S012-FOD-01"", ""S012-MED-01"", ""S012-WAT-01"", ""S013-FOD-01"", ""S013-MED-01"", ""S013-WAT-01""]","[""S013"", ""S012"", ""S009""]",540.0,2910.744985029804,6.2810256115016365,0.21487179856229544,2534.4444364483597,1725.7418107089807,"{""S013-FOD-01"": 1283.6164665061224, ""S013-MED-01"": 1283.6164665061224, ""S013-WAT-01"": 1283.6164665061224, ""S012-FOD-01"": 1874.2581892910193, ""S012-MED-01"": 1874.2581892910193, ""S012-WAT-01"": 1874.2581892910193, ""S009-FOD-01"": 2422.345966426504, ""S009-MED-01"": 2422.345966426504}"
K0735478dbfc2ad58,C,"[""S001-FOD-01"", ""S001-FOD-02"", ""S001-FOD-03"", ""S001-MED-01"", ""S001-MED-02"", ""S005-MED-01"", ""S011-FOD-01"", ""S011-MED-01"", ""S011-WAT-01""]","[""S005"", ""S011"", ""S001""]",570.0,2787.5699643275384,5.660501930270559,0.2924372587161801,2366.385939448276,1124.3295743370413,"{""S005-MED-01"": 1283.2302622628904, ""S011-FOD-01"": 1886.8218103264787, ""S011-MED-01"": 1886.8218103264787, ""S011-WAT-01"": 1886.8218103264787, ""S001-FOD-01"": 2475.6704256629587, ""S001-FOD-02"": 2475.6704256629587, ""S001-FOD-03"": 2475.6704256629587, ""S001-MED-01"": 2475.6704256629587, ""S001-MED-02"": 2475.6704256629587}"
K08687fa7698f9ca9,C,"[""S006-MED-01"", ""S007-FOD-01"", ""S007-HYG-01"", ""S007-MED-01"", ""S007-WAT-01"", ""S007-WAT-02"", ""S015-FOD-01"", ""S015-MED-01"", ""S015-WAT-01""]","[""S006"", ""S007"", ""S015""]",570.0,3051.268461015817,6.185886308614606,0.22676421142317427,2508.677541916456,1722.260087321924,"{""S006-MED-01"": 1119.4219339808324, ""S007-FOD-01"": 1877.739912678076, ""S007-HYG-01"": 1877.739912678076, ""S007-MED-01"": 1877.739912678076, ""S007-WAT-01"": 1877.739912678076, ""S007-WAT-02"": 1877.739912678076, ""S015-FOD-01"": 2389.6735997404803, ""S015-MED-01"": 2389.6735997404803, ""S015-WAT-01"": 2389.6735997404803}"
K091c5ef322117554,C,"[""S001-MED-01"", ""S001-MED-02"", ""S001-WAT-01"", ""S001-WAT-04"", ""S010-MED-01"", ""S010-WAT-01"", ""S013-MED-01"", ""S013-WAT-01""]","[""S010"", ""S013"", ""S001""]",540.0,2694.2433635962584,5.3837819871346495,0.3270272516081688,2291.4409548489675,1217.6561750683213,"{""S010-MED-01"": 1276.159205522987, ""S010-WAT-01"": 1276.159205522987, ""S013-MED-01"": 1757.2440463483085, ""S013-WAT-01"": 1757.2440463483085, ""S001-MED-01"": 2382.3438249316787, ""S001-MED-02"": 2382.3438249316787, ""S001-WAT-01"": 2382.3438249316787, ""S001-WAT-04"": 2382.3438249316787}"
K0947c5dcebc9a04a,A,"[""S004-FOD-01""]","[""S004""]",330.0,2118.800185367184,2.9543410441199582,0.34347976797334256,1353.4763016346546,,"{""S004-FOD-01"": 1311.0467593502588}"
K0963ff6eae1a7f89,C,"[""S010-FOD-01"", ""S010-MED-01"", ""S010-WAT-01"", ""S013-FOD-01"", ""S013-MED-01"", ""S013-WAT-01"", ""S014-FOD-01"", ""S014-MED-01""]","[""S013"", ""S010"", ""S014""]",540.0,3027.0673716597903,5.371025270073257,0.3286218412408429,2287.98601064484,1262.7420678135336,"{""S013-FOD-01"": 1283.6164665061224, ""S013-MED-01"": 1283.6164665061224, ""S013-WAT-01"": 1283.6164665061224, ""S010-FOD-01"": 1800.711307331444, ""S010-MED-01"": 1800.711307331444, ""S010-WAT-01"": 1800.711307331444, ""S014-FOD-01"": 2337.2579321864664, ""S014-MED-01"": 2337.2579321864664}"
K096ee2e83ddadd4c,C,"[""S003-FOD-02""]","[""S003""]",330.0,2106.0913496046687,4.695424207416355,0.4130719740729556,2105.0107228419297,,"{""S003-FOD-02"": 1315.5056748023344}"
K097aaa1ea48d5010,C,"[""S002-FOD-01"", ""S002-FOD-02"", ""S002-MED-01"", ""S005-FOD-01"", ""S005-MED-01"", ""S009-FOD-01"", ""S009-MED-01"", ""S009-WAT-01""]","[""S009"", ""S002"", ""S005""]",540.0,2971.342326498051,6.07037021784879,0.24120372276890123,2477.3919340007137,1797.1531818888523,"{""S009-FOD-01"": 1306.1690186032997, ""S009-MED-01"": 1306.1690186032997, ""S009-WAT-01"": 1306.1690186032997, ""S002-FOD-01"": 1802.8468181111477, ""S002-FOD-02"": 1802.8468181111477, ""S002-MED-01"": 1802.8468181111477, ""S005-FOD-01"": 2467.3820642351607, ""S005-MED-01"": 2467.3820642351607}"
K0992c11c34b1a641,B,"[""S001-WAT-05""]","[""S001""]",330.0,1089.100207293352,1.0069748039987942,0.7482562990003014,1103.022415066144,,"{""S001-WAT-05"": 797.6734369800093}"
K0994874273d48613,C,"[""S007-MED-01"", ""S007-WAT-01"", ""S008-MED-01"", ""S008-WAT-01""]","[""S007"", ""S008""]",420.0,2874.068232085353,6.3254009310496855,0.20932488361878931,2546.4627521592897,2390.256771334983,"{""S007-MED-01"": 1209.7432286650169, ""S007-WAT-01"": 1209.7432286650169, ""S008-MED-01"": 2172.057625542622, ""S008-WAT-01"": 2172.057625542622}"
K09a03706f0a6eb81,A,"[""S006-MED-01""]","[""S006""]",330.0,1253.4781941236301,1.2312990987205092,0.7263779780621091,855.708628519258,2724.4975696048514,"{""S006-MED-01"": 875.5024303951484}"
K0a02861a7da416d3,C,"[""S007-FOD-01"", ""S007-HYG-01"", ""S007-MED-01"", ""S007-WAT-01"", ""S007-WAT-02"", ""S015-MED-01"", ""S015-WAT-01""]","[""S007"", ""S015""]",510.0,2545.271777002758,5.043741089526689,0.3695323638091639,2199.346545080145,2192.256771334983,"{""S007-FOD-01"": 1407.7432286650169, ""S007-HYG-01"": 1407.7432286650169, ""S007-MED-01"": 1407.7432286650169, ""S007-WAT-01"": 1407.7432286650169, ""S007-WAT-02"": 1407.7432286650169, ""S015-MED-01"": 1883.6769157274211, ""S015-WAT-01"": 1883.6769157274211}"
K0b263dfe406b2703,C,"[""S009-MED-01"", ""S012-FOD-01"", ""S012-MED-01"", ""S012-WAT-01"", ""S013-FOD-01"", ""S013-MED-01"", ""S013-WAT-01""]","[""S009"", ""S012"", ""S013""]",510.0,2844.744985029805,6.387014260426283,0.20162321744671463,2563.149695532118,1233.271481476318,"{""S009-MED-01"": 1204.1690186032997, ""S012-FOD-01"": 1783.2767957387846, ""S012-MED-01"": 1783.2767957387846, ""S012-WAT-01"": 1783.2767957387846, ""S013-FOD-01"": 2366.728518523682, ""S013-MED-01"": 2366.728518523682, ""S013-WAT-01"": 2366.728518523682}"
K0b81218887b13280,C,"[""S001-FOD-03"", ""S001-MED-01"", ""S001-MED-02"", ""S001-WAT-01"", ""S001-WAT-02"", ""S010-MED-01"", ""S010-WAT-01"", ""S013-MED-01"", ""S013-WAT-01""]","[""S010"", ""S013"", ""S001""]",570.0,2760.2433635962584,5.920412907401133,0.2599483865748584,2436.7784957544736,1151.6561750683213,"{""S010-MED-01"": 1306.159205522987, ""S010-WAT-01"": 1306.159205522987, ""S013-MED-01"": 1787.2440463483085, ""S013-WAT-01"": 1787.2440463483085, ""S001-FOD-03"": 2448.3438249316787, ""S001-MED-01"": 2448.3438249316787, ""S001-MED-02"": 2448.3438249316787, ""S001-WAT-01"": 2448.3438249316787, ""S001-WAT-02"": 2448.3438249316787}"
K0c74574a418b9724,C,"[""S013-WAT-01""]","[""S013""]",330.0,1479.6329330122453,3.1441470239487814,0.6069816220064024,1684.8731523194615,2598.3835334938776,"{""S013-WAT-01"": 1001.6164665061226}"
K0cc4065fac53a1d2,C,"[""S003-FOD-01"", ""S003-FOD-02"", ""S003-HYG-01"", ""S003-MED-01"", ""S003-WAT-01""]","[""S003""]",450.0,2370.0913496046687,5.209161832281397,0.3488547709648254,2244.147996242878,5620.494325197666,"{""S003-FOD-01"": 1579.5056748023344, ""S003-FOD-02"": 1579.5056748023344, ""S003-HYG-01"": 1579.5056748023344, ""S003-MED-01"": 1579.5056748023344, ""S003-WAT-01"": 1579.5056748023344}"
K0d0a8f2f78149811,C,"[""S001-MED-01"", ""S001-MED-02"", ""S001-WAT-01"", ""S005-HYG-01"", ""S005-MED-01"", ""S005-WAT-01"", ""S005-WAT-02"", ""S005-WAT-03""]","[""S001"", ""S005""]",540.0,2306.8566861927434,4.747782753097132,0.4065271558628585,2119.19116229714,2465.7304613354204,"{""S001-MED-01"": 1134.2695386645796, ""S001-MED-02"": 1134.2695386645796, ""S001-WAT-01"": 1134.2695386645796, ""S005-HYG-01"": 1802.896423929853, ""S005-MED-01"": 1802.896423929853, ""S005-WAT-01"": 1802.896423929853, ""S005-WAT-02"": 1802.896423929853, ""S005-WAT-03"": 1802.896423929853}"
K0e041dd6c71a8aee,A,"[""S004-MED-01""]","[""S004""]",330.0,2118.800185367184,2.908700406386348,0.3536221319141448,1340.2912285116115,5888.953240649741,"{""S004-MED-01"": 1311.0467593502588}"
K0e24ce8f95c02f3c,B,"[""S004-WAT-02""]","[""S004""]",330.0,1861.643637063279,2.5012980451123363,0.3746754887219159,1750.5624862153456,,"{""S004-WAT-02"": 1182.468485198306}"
K0e368e295b923ecc,A,"[""S007-HYG-01""]","[""S007""]",330.0,1667.4240845409602,1.8059020424955885,0.5986884350009803,1021.7050344987255,,"{""S007-HYG-01"": 1081.35204227048}"
K0ecb5c3c9395091f,C,"[""S014-WAT-01""]","[""S014""]",330.0,1903.288878946648,3.6147314585424057,0.5481585676821993,1812.323103355235,2386.520560526676,"{""S014-WAT-01"": 1213.479439473324}"
K0f48827e501a0344,C,"[""S004-FOD-01"", ""S004-HYG-01"", ""S004-MED-01"", ""S004-WAT-03""]","[""S004""]",420.0,2169.0566924832005,5.250117475526193,0.3437353155592259,2255.2401496216776,5748.5016537584,"{""S004-FOD-01"": 1451.4983462416003, ""S004-HYG-01"": 1451.4983462416003, ""S004-MED-01"": 1451.4983462416003, ""S004-WAT-03"": 1451.4983462416003}"
K0f74b9c965a6c724,C,"[""S007-FOD-01"", ""S007-HYG-01"", ""S007-MED-01"", ""S007-WAT-01"", ""S007-WAT-02"", ""S015-MED-01"", ""S015-WAT-01""]","[""S015"", ""S007""]",510.0,2545.2717770027584,5.478920276195176,0.31513496547560305,2317.20757480286,1614.5514516622586,"{""S015-MED-01"": 1388.914861275337, ""S015-WAT-01"": 1388.914861275337, ""S007-FOD-01"": 1985.4485483377414, ""S007-HYG-01"": 1985.4485483377414, ""S007-MED-01"": 1985.4485483377414, ""S007-WAT-01"": 1985.4485483377414, ""S007-WAT-02"": 1985.4485483377414}"
K105109363f89594b,C,"[""S001-FOD-01"", ""S001-HYG-02"", ""S001-MED-01"", ""S001-MED-02"", ""S001-WAT-01"", ""S001-WAT-02"", ""S001-WAT-03"", ""S013-MED-01"", ""S013-WAT-01""]","[""S013"", ""S001""]",570.0,2322.6157837540727,5.703292275623303,0.2870884655470871,2377.9749913146447,1589.283754910507,"{""S013-MED-01"": 1277.6164665061226, ""S013-WAT-01"": 1277.6164665061226, ""S001-FOD-01"": 2010.716245089493, ""S001-HYG-02"": 2010.716245089493, ""S001-MED-01"": 2010.716245089493, ""S001-MED-02"": 2010.716245089493, ""S001-WAT-01"": 2010.716245089493, ""S001-WAT-02"": 2010.716245089493, ""S001-WAT-03"": 2010.716245089493}"
K1086235c0e661b70,C,"[""S001-FOD-01"", ""S001-FOD-02"", ""S001-FOD-03"", ""S001-HYG-01"", ""S001-HYG-02"", ""S001-MED-01"", ""S001-MED-02"", ""S001-WAT-01"", ""S001-WAT-06"", ""S011-MED-01""]","[""S001"", ""S011""]",600.0,2156.648682680487,3.488180282396595,0.5639774647004256,1778.0488264824112,2189.7304613354204,"{""S001-FOD-01"": 1410.2695386645796, ""S001-FOD-02"": 1410.2695386645796, ""S001-FOD-03"": 1410.2695386645796, ""S001-HYG-01"": 1410.2695386645796, ""S001-HYG-02"": 1410.2695386645796, ""S001-MED-01"": 1410.2695386645796, ""S001-MED-02"": 1410.2695386645796, ""S001-WAT-01"": 1410.2695386645796, ""S001-WAT-06"": 1410.2695386645796, ""S011-MED-01"": 1852.3081540010596}"
K108643997a732340,B,"[""S003-FOD-02""]","[""S003""]",330.0,1960.5233035434708,2.315141136394266,0.42121471590143345,1669.8944924375153,,"{""S003-FOD-02"": 1228.2349851050687}"
K1110984b9b1a63f6,C,"[""S012-FOD-01"", ""S012-MED-01"", ""S012-WAT-01"", ""S013-MED-01""]","[""S013"", ""S012""]",420.0,2371.1585304752866,5.089431915321665,0.3638210105847919,2211.721143732951,1917.7418107089807,"{""S013-MED-01"": 1091.6164665061224, ""S012-FOD-01"": 1682.2581892910193, ""S012-MED-01"": 1682.2581892910193, ""S012-WAT-01"": 1682.2581892910193}"
K111e45c67224f838,C,"[""S013-MED-01""]","[""S013""]",330.0,1479.6329330122453,3.0774713508688594,0.6153160811413926,1666.8151575269828,2598.3835334938776,"{""S013-MED-01"": 1001.6164665061226}"
K11acee99c0220cce,C,"[""S001-MED-01"", ""S001-MED-02"", ""S001-WAT-01"", ""S006-FOD-01"", ""S006-MED-01"", ""S006-WAT-01"", ""S006-WAT-03"", ""S007-MED-01"", ""S007-WAT-01""]","[""S006"", ""S007"", ""S001""]",570.0,2987.3561519330365,5.832739955676836,0.27090750554039555,2413.0337379958096,924.5433867315433,"{""S006-FOD-01"": 1227.4219339808324, ""S006-MED-01"": 1227.4219339808324, ""S006-WAT-01"": 1227.4219339808324, ""S006-WAT-03"": 1227.4219339808324, ""S007-MED-01"": 1877.739912678076, ""S007-WAT-01"": 1877.739912678076, ""S001-MED-01"": 2675.4566132684567, ""S001-MED-02"": 2675.4566132684567, ""S001-WAT-01"": 2675.4566132684567}"
K11fbbe8959e52721,C,"[""S001-MED-01"", ""S001-MED-02"", ""S001-WAT-01"", ""S005-MED-01"", ""S005-WAT-01"", ""S005-WAT-02""]","[""S005"", ""S001""]",480.0,2174.8566861927434,4.299600334563811,0.4625499581795236,1997.8084239443651,1737.0428524718363,"{""S005-MED-01"": 1265.2302622628904, ""S005-WAT-01"": 1265.2302622628904, ""S005-WAT-02"": 1265.2302622628904, ""S001-MED-01"": 1862.9571475281637, ""S001-MED-02"": 1862.9571475281637, ""S001-WAT-01"": 1862.9571475281637}"
K121f13b26ac3c9b7,C,"[""S001-MED-01"", ""S001-MED-02"", ""S001-WAT-01"", ""S002-MED-01"", ""S002-WAT-01"", ""S004-MED-01"", ""S004-WAT-01""]","[""S001"", ""S002"", ""S004""]",510.0,2959.714975150735,6.220631050563222,0.22242111867959724,2518.087576194206,1858.0536004491407,"{""S001-MED-01"": 1104.2695386645796, ""S001-MED-02"": 1104.2695386645796, ""S001-WAT-01"": 1104.2695386645796, ""S002-MED-01"": 1741.9463995508593, ""S002-WAT-01"": 1741.9463995508593, ""S004-MED-01"": 2242.1566289091347, ""S004-WAT-01"": 2242.1566289091347}"
K12ee88b08276b448,C,"[""S003-MED-01"", ""S003-WAT-01"", ""S003-WAT-02"", ""S003-WAT-04"", ""S007-MED-01"", ""S007-WAT-01""]","[""S003"", ""S007""]",480.0,2627.5924183923166,6.099686876618757,0.23753914042265534,2485.33186241758,1532.2308102727002,"{""S003-MED-01"": 1573.5056748023344, ""S003-WAT-01"": 1573.5056748023344, ""S003-WAT-02"": 1573.5056748023344, ""S003-WAT-04"": 1573.5056748023344, ""S007-MED-01"": 2067.7691897273, ""S007-WAT-01"": 2067.7691897273}"
K13be319b34d80848,C,"[""S002-FOD-01"", ""S002-FOD-02"", ""S002-HYG-01"", ""S002-MED-01"", ""S002-WAT-01"", ""S002-WAT-02"", ""S002-WAT-03""]","[""S002""]",510.0,2173.812384815261,6.280824662604949,0.21489691717438142,2534.39001278884,2046.6838075923695,"{""S002-FOD-01"": 1553.3161924076305, ""S002-FOD-02"": 1553.3161924076305, ""S002-HYG-01"": 1553.3161924076305, ""S002-MED-01"": 1553.3161924076305, ""S002-WAT-01"": 1553.3161924076305, ""S002-WAT-02"": 1553.3161924076305, ""S002-WAT-03"": 1553.3161924076305}"
K13cb54e9102e8046,C,"[""S001-MED-01"", ""S001-MED-02"", ""S001-WAT-01"", ""S002-MED-01"", ""S002-WAT-01"", ""S004-HYG-01""]","[""S001"", ""S004"", ""S002""]",480.0,2920.517823328535,6.056312710618446,0.24296091117269425,2473.5846924591624,1299.9783690790955,"{""S001-MED-01"": 1074.2695386645796, ""S001-MED-02"": 1074.2695386645796, ""S001-WAT-01"": 1074.2695386645796, ""S004-HYG-01"": 1798.9314015626292, ""S002-MED-01"": 2300.0216309209045, ""S002-WAT-01"": 2300.0216309209045}"
K13e37cc9e1c14889,C,"[""S003-MED-01"", ""S003-WAT-01"", ""S003-WAT-04"", ""S007-MED-01"", ""S007-WAT-01""]","[""S007"", ""S003""]",450.0,2561.5924183923166,5.316942677509939,0.33538216531125764,2273.338641825608,2360.256771334983,"{""S007-MED-01"": 1239.7432286650169, ""S007-WAT-01"": 1239.7432286650169, ""S003-MED-01"": 1771.0067435899823, ""S003-WAT-01"": 1771.0067435899823, ""S003-WAT-04"": 1771.0067435899823}"
K13f3576439907ba4,C,"[""S001-MED-01"", ""S001-MED-02"", ""S001-WAT-01"", ""S002-MED-01"", ""S002-WAT-01"", ""S004-WAT-03""]","[""S001"", ""S002"", ""S004""]",480.0,2893.714975150735,6.125863254738126,0.2342670931577342,2492.4212981582427,1888.0536004491407,"{""S001-MED-01"": 1074.2695386645796, ""S001-MED-02"": 1074.2695386645796, ""S001-WAT-01"": 1074.2695386645796, ""S002-MED-01"": 1711.9463995508593, ""S002-WAT-01"": 1711.9463995508593, ""S004-WAT-03"": 2176.1566289091347}"
K1440163954e12dce,C,"[""S003-FOD-02"", ""S003-MED-01"", ""S003-WAT-01"", ""S003-WAT-02"", ""S007-MED-01"", ""S007-WAT-01""]","[""S003"", ""S007""]",480.0,2627.5924183923166,5.821435228730717,0.27232059640866035,2409.972041114569,1532.2308102727002,"{""S003-FOD-02"": 1573.5056748023344, ""S003-MED-01"": 1573.5056748023344, ""S003-WAT-01"": 1573.5056748023344, ""S003-WAT-02"": 1573.5056748023344, ""S007-MED-01"": 2067.7691897273, ""S007-WAT-01"": 2067.7691897273}"
K14cb103817bf1dd4,C,"[""S001-FOD-01"", ""S001-FOD-02"", ""S001-FOD-03"", ""S001-MED-01"", ""S001-MED-02"", ""S005-MED-01"", ""S011-FOD-01"", ""S011-MED-01"", ""S011-WAT-01""]","[""S001"", ""S011"", ""S005""]",570.0,2787.569964327538,4.890080771389378,0.3887399035763277,2157.7302089179566,2363.7304613354204,"{""S001-FOD-01"": 1236.2695386645796, ""S001-FOD-02"": 1236.2695386645796, ""S001-FOD-03"": 1236.2695386645796, ""S001-MED-01"": 1236.2695386645796, ""S001-MED-02"": 1236.2695386645796, ""S011-FOD-01"": 1750.3081540010596, ""S011-MED-01"": 1750.3081540010596, ""S011-WAT-01"": 1750.3081540010596, ""S005-MED-01"": 2283.6097020646475}"
K15016b8923a91f02,B,"[""S005-HYG-01""]","[""S005""]",330.0,1456.1702283018226,1.6245391831974092,0.5938652042006477,1370.6336460522107,,"{""S005-HYG-01"": 980.8417808175781}"
K156c9a3c7ab07ffe,C,"[""S008-MED-01"", ""S008-WAT-01"", ""S008-WAT-02""]","[""S008""]",390.0,2067.7012130854614,5.463414980120069,0.3170731274849914,2313.0082237825186,5834.30939345727,"{""S008-MED-01"": 1365.6906065427306, ""S008-WAT-01"": 1365.6906065427306, ""S008-WAT-02"": 1365.6906065427306}"
K159b10246d2c0bcd,C,"[""S001-MED-01"", ""S001-MED-02"", ""S001-WAT-01"", ""S002-MED-01"", ""S002-WAT-01"", ""S004-HYG-01"", ""S004-MED-01""]","[""S001"", ""S004"", ""S002""]",510.0,2986.517823328535,6.126506261888299,0.23418671726396267,2492.595445928081,1233.9783690790955,"{""S001-MED-01"": 1104.2695386645796, ""S001-MED-02"": 1104.2695386645796, ""S001-WAT-01"": 1104.2695386645796, ""S004-HYG-01"": 1864.9314015626292, ""S004-MED-01"": 1864.9314015626292, ""S002-MED-01"": 2366.0216309209045, ""S002-WAT-01"": 2366.0216309209045}"
K1609042bb5fbd47b,C,"[""S001-FOD-01"", ""S001-FOD-02"", ""S001-FOD-03"", ""S001-MED-01"", ""S001-MED-02"", ""S011-FOD-01"", ""S011-MED-01"", ""S011-WAT-01""]","[""S011"", ""S001""]",540.0,2024.6486826804871,3.1400392699292876,0.607495091258839,1683.7606356058488,1887.2508559840926,"{""S011-FOD-01"": 1123.9005286794275, ""S011-MED-01"": 1123.9005286794275, ""S011-WAT-01"": 1123.9005286794275, ""S001-FOD-01"": 1712.7491440159074, ""S001-FOD-02"": 1712.7491440159074, ""S001-FOD-03"": 1712.7491440159074, ""S001-MED-01"": 1712.7491440159074, ""S001-MED-02"": 1712.7491440159074}"
K16d10aa22e8b9f08,C,"[""S007-FOD-01"", ""S007-HYG-01"", ""S007-MED-01"", ""S007-WAT-01"", ""S007-WAT-02"", ""S011-MED-01"", ""S015-FOD-01"", ""S015-MED-01"", ""S015-WAT-01""]","[""S007"", ""S015"", ""S011""]",570.0,2964.7714887282978,5.649649841260956,0.2937937698423805,2363.4468320081755,2132.256771334983,"{""S007-FOD-01"": 1467.7432286650169, ""S007-HYG-01"": 1467.7432286650169, ""S007-MED-01"": 1467.7432286650169, ""S007-WAT-01"": 1467.7432286650169, ""S007-WAT-02"": 1467.7432286650169, ""S015-FOD-01"": 1979.6769157274211, ""S015-MED-01"": 1979.6769157274211, ""S015-WAT-01"": 1979.6769157274211, ""S011-MED-01"": 2660.43096004887}"
K17d4dad8b65586d3,C,"[""S004-FOD-01"", ""S004-MED-01"", ""S004-WAT-01"", ""S004-WAT-02""]","[""S004""]",420.0,2169.0566924832005,5.436663453533912,0.320417068308261,2305.7630186654346,5748.5016537584,"{""S004-FOD-01"": 1451.4983462416003, ""S004-MED-01"": 1451.4983462416003, ""S004-WAT-01"": 1451.4983462416003, ""S004-WAT-02"": 1451.4983462416003}"
K17dc79354ef53454,C,"[""S001-WAT-08""]","[""S001""]",330.0,1164.1690773291593,1.9876500839774989,0.7515437395028126,1371.6552310772393,,"{""S001-WAT-08"": 852.2695386645796}"
K18185d1305ceb6ce,C,"[""S001-FOD-01"", ""S001-FOD-02"", ""S001-FOD-03"", ""S001-HYG-01"", ""S001-MED-01"", ""S001-MED-02"", ""S001-WAT-06""]","[""S001""]",510.0,1560.1690773291593,2.309532357648675,0.7113084552939156,1458.8316801965161,2351.7304613354204,"{""S001-FOD-01"": 1248.2695386645796, ""S001-FOD-02"": 1248.2695386645796, ""S001-FOD-03"": 1248.2695386645796, ""S001-HYG-01"": 1248.2695386645796, ""S001-MED-01"": 1248.2695386645796, ""S001-MED-02"": 1248.2695386645796, ""S001-WAT-06"": 1248.2695386645796}"
K183a13d2ed0f3fde,C,"[""S001-FOD-01"", ""S001-MED-01"", ""S001-MED-02"", ""S001-WAT-01"", ""S001-WAT-08"", ""S010-MED-01"", ""S010-WAT-01"", ""S013-MED-01"", ""S013-WAT-01""]","[""S001"", ""S013"", ""S010""]",570.0,2760.243363596259,5.071440438133765,0.3660699452332794,2206.8484519945614,1346.3058419267281,"{""S001-FOD-01"": 1236.2695386645796, ""S001-MED-01"": 1236.2695386645796, ""S001-MED-02"": 1236.2695386645796, ""S001-WAT-01"": 1236.2695386645796, ""S001-WAT-08"": 1236.2695386645796, ""S013-MED-01"": 1772.59931724795, ""S013-WAT-01"": 1772.59931724795, ""S010-MED-01"": 2253.694158073272, ""S010-WAT-01"": 2253.694158073272}"
K184551913600feba,C,"[""S001-HYG-02"", ""S001-MED-01"", ""S001-MED-02"", ""S001-WAT-01"", ""S001-WAT-02"", ""S010-MED-01"", ""S010-WAT-01"", ""S013-MED-01"", ""S013-WAT-01""]","[""S010"", ""S013"", ""S001""]",570.0,2760.2433635962584,5.770146876331417,0.2787316404585729,2396.0814456730923,1151.6561750683213,"{""S010-MED-01"": 1306.159205522987, ""S010-WAT-01"": 1306.159205522987, ""S013-MED-01"": 1787.2440463483085, ""S013-WAT-01"": 1787.2440463483085, ""S001-HYG-02"": 2448.3438249316787, ""S001-MED-01"": 2448.3438249316787, ""S001-MED-02"": 2448.3438249316787, ""S001-WAT-01"": 2448.3438249316787, ""S001-WAT-02"": 2448.3438249316787}"
K18558517b0d77dca,C,"[""S001-WAT-06""]","[""S001""]",330.0,1164.1690773291593,1.9876500839774989,0.7515437395028126,1371.6552310772393,,"{""S001-WAT-06"": 852.2695386645796}"
K189d85eafaabfa1a,C,"[""S002-MED-01"", ""S002-WAT-01"", ""S002-WAT-04"", ""S012-MED-01""]","[""S002"", ""S012""]",420.0,2568.6286632412807,6.061636964755033,0.24229537940562085,2475.026677954488,1720.2716779429868,"{""S002-MED-01"": 1319.3161924076303, ""S002-WAT-01"": 1319.3161924076303, ""S002-WAT-04"": 1319.3161924076303, ""S012-MED-01"": 1879.7283220570132}"
K192f52dc5b747480,C,"[""S001-FOD-01"", ""S001-FOD-02"", ""S001-MED-01"", ""S001-MED-02"", ""S001-WAT-08""]","[""S001""]",450.0,1428.1690773291593,2.1435782470816216,0.7320527191147973,1413.8857752512727,2483.7304613354204,"{""S001-FOD-01"": 1116.2695386645796, ""S001-FOD-02"": 1116.2695386645796, ""S001-MED-01"": 1116.2695386645796, ""S001-MED-02"": 1116.2695386645796, ""S001-WAT-08"": 1116.2695386645796}"
K1930c8b390404135,C,"[""S001-FOD-01"", ""S001-FOD-02"", ""S001-FOD-03"", ""S001-HYG-01"", ""S001-HYG-02"", ""S001-MED-01"", ""S001-MED-02"", ""S001-WAT-01"", ""S001-WAT-06"", ""S011-MED-01""]","[""S011"", ""S001""]",600.0,2156.648682680487,4.011353538088952,0.498580807738881,1919.7415832324245,1755.2508559840926,"{""S011-MED-01"": 1111.9005286794275, ""S001-FOD-01"": 1844.7491440159074, ""S001-FOD-02"": 1844.7491440159074, ""S001-FOD-03"": 1844.7491440159074, ""S001-HYG-01"": 1844.7491440159074, ""S001-HYG-02"": 1844.7491440159074, ""S001-MED-01"": 1844.7491440159074, ""S001-MED-02"": 1844.7491440159074, ""S001-WAT-01"": 1844.7491440159074, ""S001-WAT-06"": 1844.7491440159074}"
K19b525b13ba75d9f,C,"[""S002-WAT-01""]","[""S002""]",330.0,1777.8123848152607,4.735608319420081,0.4080489600724899,2115.8939198429384,2442.6838075923697,"{""S002-WAT-01"": 1157.3161924076303}"
K1a53a072b61b81a7,C,"[""S004-FOD-01"", ""S004-HYG-01"", ""S004-MED-01"", ""S004-WAT-01"", ""S004-WAT-02"", ""S004-WAT-03"", ""S005-MED-01""]","[""S005"", ""S004""]",510.0,2647.7406336996287,6.387402318013065,0.20157471024836693,2563.254794461872,5269.817712541972,"{""S005-MED-01"": 1223.2302622628904, ""S004-FOD-01"": 1930.1822874580284, ""S004-HYG-01"": 1930.1822874580284, ""S004-MED-01"": 1930.1822874580284, ""S004-WAT-01"": 1930.1822874580284, ""S004-WAT-02"": 1930.1822874580284, ""S004-WAT-03"": 1930.1822874580284}"
K1a751d0bf2943d56,C,"[""S010-FOD-01"", ""S010-MED-01"", ""S012-FOD-01"", ""S012-MED-01"", ""S013-FOD-01"", ""S013-MED-01"", ""S013-WAT-01""]","[""S013"", ""S010"", ""S012""]",510.0,3084.3432268493,6.199256358763526,0.2250929551545593,2512.2985971651215,1204.5571143349666,"{""S013-FOD-01"": 1253.6164665061224, ""S013-MED-01"": 1253.6164665061224, ""S013-WAT-01"": 1253.6164665061224, ""S010-FOD-01"": 1734.711307331444, ""S010-MED-01"": 1734.711307331444, ""S012-FOD-01"": 2395.4428856650334, ""S012-MED-01"": 2395.4428856650334}"
K1ab15530d9d155a7,B,"[""S015-MED-01""]","[""S015""]",330.0,1708.276637426976,1.8669912770264034,0.5332521807433992,1475.6962200447747,6102.4216812865125,"{""S015-MED-01"": 1097.578318713488}"
K1ae1659e927a6119,C,"[""S010-FOD-01"", ""S010-MED-01"", ""S010-WAT-01"", ""S014-FOD-01"", ""S014-MED-01"", ""S014-WAT-01""]","[""S014"", ""S010""]",480.0,2514.5152698513334,4.639587449888562,0.4200515687639298,2089.8882676781523,1592.0339356716536,"{""S014-FOD-01"": 1435.479439473324, ""S014-MED-01"": 1435.479439473324, ""S014-WAT-01"": 1435.479439473324, ""S010-FOD-01"": 2007.9660643283464, ""S010-MED-01"": 2007.9660643283464, ""S010-WAT-01"": 2007.9660643283464}"
K1aeec21ec30ae956,C,"[""S003-HYG-01"", ""S003-MED-01"", ""S003-WAT-01"", ""S003-WAT-02"", ""S003-WAT-03"", ""S007-HYG-01"", ""S007-MED-01"", ""S007-WAT-01""]","[""S007"", ""S003""]",540.0,2759.5924183923166,6.368743384065366,0.2039070769918292,2558.2013331843705,2234.256771334983,"{""S007-HYG-01"": 1365.7432286650169, ""S007-MED-01"": 1365.7432286650169, ""S007-WAT-01"": 1365.7432286650169, ""S003-HYG-01"": 1969.0067435899823, ""S003-MED-01"": 1969.0067435899823, ""S003-WAT-01"": 1969.0067435899823, ""S003-WAT-02"": 1969.0067435899823, ""S003-WAT-03"": 1969.0067435899823}"
K1af9eda969d0b241,C,"[""S001-FOD-01"", ""S001-MED-01"", ""S001-MED-02"", ""S001-WAT-01"", ""S001-WAT-03"", ""S010-MED-01"", ""S010-WAT-01"", ""S013-MED-01"", ""S013-WAT-01""]","[""S010"", ""S013"", ""S001""]",570.0,2760.2433635962584,5.920412907401133,0.2599483865748584,2436.7784957544736,1151.6561750683213,"{""S010-MED-01"": 1306.159205522987, ""S010-WAT-01"": 1306.159205522987, ""S013-MED-01"": 1787.2440463483085, ""S013-WAT-01"": 1787.2440463483085, ""S001-FOD-01"": 2448.3438249316787, ""S001-MED-01"": 2448.3438249316787, ""S001-MED-02"": 2448.3438249316787, ""S001-WAT-01"": 2448.3438249316787, ""S001-WAT-03"": 2448.3438249316787}"
K1b22837ac826a8a9,C,"[""S001-FOD-01"", ""S001-FOD-02"", ""S001-MED-01"", ""S001-MED-02"", ""S001-WAT-01"", ""S001-WAT-04""]","[""S001""]",480.0,1494.1690773291593,2.309532357648675,0.7113084552939156,1458.8316801965161,2417.7304613354204,"{""S001-FOD-01"": 1182.2695386645796, ""S001-FOD-02"": 1182.2695386645796, ""S001-MED-01"": 1182.2695386645796, ""S001-MED-02"": 1182.2695386645796, ""S001-WAT-01"": 1182.2695386645796, ""S001-WAT-04"": 1182.2695386645796}"
K1b4096146a6ed7f5,C,"[""S006-HYG-01""]","[""S006""]",330.0,1231.5538679616645,2.053760664533059,0.7432799169333677,1389.5601799777032,,"{""S006-HYG-01"": 879.4219339808323}"
K1b7863e1e7104d1d,C,"[""S006-FOD-01"", ""S006-MED-01"", ""S006-WAT-01"", ""S006-WAT-02"", ""S006-WAT-03"", ""S007-MED-01"", ""S007-WAT-01""]","[""S007"", ""S006""]",510.0,2413.563141343093,4.891792591834276,0.38852592602071545,2158.193826955117,1538.5687926377395,"{""S007-MED-01"": 1299.7432286650169, ""S007-WAT-01"": 1299.7432286650169, ""S006-FOD-01"": 2061.4312073622605, ""S006-MED-01"": 2061.4312073622605, ""S006-WAT-01"": 2061.4312073622605, ""S006-WAT-02"": 2061.4312073622605, ""S006-WAT-03"": 2061.4312073622605}"
K1bb873d4fbea4fc4,B,"[""S011-FOD-01""]","[""S011""]",330.0,1068.420472235157,0.8942719502789083,0.7764320124302729,1054.1845117875268,,"{""S011-FOD-01"": 786.3969027842452}"
K1bb888d1eaa86650,C,"[""S007-WAT-02""]","[""S007""]",330.0,1643.566457330034,3.012961756904667,0.6233797803869165,1649.3438091616808,,"{""S007-WAT-02"": 1083.7432286650169}"
K1c7c65d094f9f176,C,"[""S006-FOD-01"", ""S006-HYG-01"", ""S006-MED-01"", ""S006-WAT-01"", ""S006-WAT-02"", ""S006-WAT-03"", ""S007-FOD-01"", ""S007-MED-01"", ""S011-MED-01""]","[""S006"", ""S007"", ""S011""]",570.0,2808.8234917311997,4.653636099939905,0.4182954875075119,2093.693110400391,1650.260087321924,"{""S006-FOD-01"": 1299.4219339808324, ""S006-HYG-01"": 1299.4219339808324, ""S006-MED-01"": 1299.4219339808324, ""S006-WAT-01"": 1299.4219339808324, ""S006-WAT-02"": 1299.4219339808324, ""S006-WAT-03"": 1299.4219339808324, ""S007-FOD-01"": 1949.739912678076, ""S007-MED-01"": 1949.739912678076, ""S011-MED-01"": 2504.482963051772}"
K1cbb927bfdc12148,C,"[""S001-MED-01"", ""S001-MED-02"", ""S001-WAT-01"", ""S002-MED-01"", ""S002-WAT-01"", ""S002-WAT-02"", ""S012-MED-01""]","[""S001"", ""S002"", ""S012""]",510.0,3027.258870384509,6.344251312448762,0.20696858594390477,2551.5680637882065,1261.6414707997578,"{""S001-MED-01"": 1104.2695386645796, ""S001-MED-02"": 1104.2695386645796, ""S001-WAT-01"": 1104.2695386645796, ""S002-MED-01"": 1777.9463995508593, ""S002-WAT-01"": 1777.9463995508593, ""S002-WAT-02"": 1777.9463995508593, ""S012-MED-01"": 2338.358529200242}"
K1cd5a13cc2cbc242,A,"[""S001-FOD-03""]","[""S001""]",330.0,1190.8995020773023,1.1865861251152634,0.7363141944188303,842.7915472555206,,"{""S001-FOD-03"": 848.5730843719844}"
K1cdcb906a4e5ebf3,C,"[""S001-MED-01"", ""S001-MED-02"", ""S001-WAT-01"", ""S006-MED-01"", ""S006-WAT-01"", ""S007-FOD-01"", ""S007-MED-01"", ""S007-WAT-01"", ""S007-WAT-02""]","[""S006"", ""S007"", ""S001""]",570.0,2987.3561519330365,6.097657494998903,0.23779281312513711,2484.7822382288696,924.5433867315433,"{""S006-MED-01"": 1155.4219339808324, ""S006-WAT-01"": 1155.4219339808324, ""S007-FOD-01"": 1877.739912678076, ""S007-MED-01"": 1877.739912678076, ""S007-WAT-01"": 1877.739912678076, ""S007-WAT-02"": 1877.739912678076, ""S001-MED-01"": 2675.4566132684567, ""S001-MED-02"": 2675.4566132684567, ""S001-WAT-01"": 2675.4566132684567}"
K1d08f7a5df8c7596,C,"[""S001-MED-01"", ""S001-MED-02"", ""S001-WAT-01"", ""S006-HYG-01"", ""S006-MED-01"", ""S006-WAT-01"", ""S007-HYG-01"", ""S007-MED-01"", ""S007-WAT-01"", ""S007-WAT-02""]","[""S006"", ""S007"", ""S001""]",600.0,3053.3561519330365,6.238334846991311,0.22020814412608614,2522.88235439348,858.5433867315433,"{""S006-HYG-01"": 1221.4219339808324, ""S006-MED-01"": 1221.4219339808324, ""S006-WAT-01"": 1221.4219339808324, ""S007-HYG-01"": 1943.739912678076, ""S007-MED-01"": 1943.739912678076, ""S007-WAT-01"": 1943.739912678076, ""S007-WAT-02"": 1943.739912678076, ""S001-MED-01"": 2741.4566132684567, ""S001-MED-02"": 2741.4566132684567, ""S001-WAT-01"": 2741.4566132684567}"
K1df606eb1559dd75,C,"[""S001-FOD-01"", ""S001-FOD-02"", ""S001-FOD-03"", ""S001-HYG-01"", ""S001-HYG-02"", ""S001-MED-01"", ""S001-MED-02"", ""S001-WAT-01"", ""S001-WAT-08""]","[""S001""]",570.0,1692.1690773291593,2.720392502747031,0.6599509371566211,1570.106302827321,2219.7304613354204,"{""S001-FOD-01"": 1380.2695386645796, ""S001-FOD-02"": 1380.2695386645796, ""S001-FOD-03"": 1380.2695386645796, ""S001-HYG-01"": 1380.2695386645796, ""S001-HYG-02"": 1380.2695386645796, ""S001-MED-01"": 1380.2695386645796, ""S001-MED-02"": 1380.2695386645796, ""S001-WAT-01"": 1380.2695386645796, ""S001-WAT-08"": 1380.2695386645796}"
K1e627f5073e3c1ba,C,"[""S001-MED-01"", ""S001-MED-02"", ""S001-WAT-01"", ""S001-WAT-02"", ""S001-WAT-07"", ""S013-MED-01"", ""S013-WAT-01""]","[""S013"", ""S001""]",510.0,2190.6157837540723,4.767036500834545,0.4041204373956818,2124.4057189760224,1721.2837549105072,"{""S013-MED-01"": 1217.6164665061224, ""S013-WAT-01"": 1217.6164665061224, ""S001-MED-01"": 1878.7162450894928, ""S001-MED-02"": 1878.7162450894928, ""S001-WAT-01"": 1878.7162450894928, ""S001-WAT-02"": 1878.7162450894928, ""S001-WAT-07"": 1878.7162450894928}"
K1e63358c8d36d7e8,C,"[""S006-FOD-01"", ""S006-HYG-01"", ""S006-MED-01"", ""S006-WAT-01"", ""S006-WAT-02""]","[""S006""]",450.0,1495.5538679616648,2.3661504787135423,0.7042311901608072,1474.1657546515844,2456.5780660191676,"{""S006-FOD-01"": 1143.4219339808324, ""S006-HYG-01"": 1143.4219339808324, ""S006-MED-01"": 1143.4219339808324, ""S006-WAT-01"": 1143.4219339808324, ""S006-WAT-02"": 1143.4219339808324}"
K1ef078956227747b,C,"[""S001-MED-01"", ""S001-MED-02"", ""S001-WAT-01"", ""S001-WAT-02"", ""S007-MED-01"", ""S007-WAT-01"", ""S011-FOD-01"", ""S011-MED-01"", ""S011-WAT-01""]","[""S001"", ""S011"", ""S007""]",570.0,2851.2344330397723,5.338097988387903,0.3327377514515121,2279.0682051883905,1308.5887956252445,"{""S001-MED-01"": 1200.2695386645796, ""S001-MED-02"": 1200.2695386645796, ""S001-WAT-01"": 1200.2695386645796, ""S001-WAT-02"": 1200.2695386645796, ""S011-FOD-01"": 1714.3081540010596, ""S011-MED-01"": 1714.3081540010596, ""S011-WAT-01"": 1714.3081540010596, ""S007-MED-01"": 2291.4112043747555, ""S007-WAT-01"": 2291.4112043747555}"
K1ef1acdc95abccad,C,"[""S001-FOD-01"", ""S001-FOD-02"", ""S001-FOD-03"", ""S001-HYG-01"", ""S001-HYG-02"", ""S001-MED-01"", ""S001-MED-02"", ""S001-WAT-01"", ""S001-WAT-07"", ""S011-MED-01""]","[""S011"", ""S001""]",600.0,2156.648682680487,4.011353538088952,0.498580807738881,1919.7415832324245,1755.2508559840926,"{""S011-MED-01"": 1111.9005286794275, ""S001-FOD-01"": 1844.7491440159074, ""S001-FOD-02"": 1844.7491440159074, ""S001-FOD-03"": 1844.7491440159074, ""S001-HYG-01"": 1844.7491440159074, ""S001-HYG-02"": 1844.7491440159074, ""S001-MED-01"": 1844.7491440159074, ""S001-MED-02"": 1844.7491440159074, ""S001-WAT-01"": 1844.7491440159074, ""S001-WAT-07"": 1844.7491440159074}"
K1f601f912625d8e6,B,"[""S004-HYG-01""]","[""S004""]",330.0,1861.643637063279,2.3626335021347953,0.4093416244663012,1690.4745175917446,,"{""S004-HYG-01"": 1182.468485198306}"
K1f70f0e5eae632fe,C,"[""S010-FOD-01"", ""S010-MED-01"", ""S010-WAT-01"", ""S013-FOD-01"", ""S013-MED-01"", ""S014-FOD-01"", ""S014-MED-01"", ""S014-WAT-01""]","[""S014"", ""S010"", ""S013""]",540.0,3027.0673716597908,5.535990578142416,0.30800117773219804,2332.664114913571,1050.9490948463322,"{""S014-FOD-01"": 1495.479439473324, ""S014-MED-01"": 1495.479439473324, ""S014-WAT-01"": 1495.479439473324, ""S010-FOD-01"": 2067.9660643283464, ""S010-MED-01"": 2067.9660643283464, ""S010-WAT-01"": 2067.9660643283464, ""S013-FOD-01"": 2549.050905153668, ""S013-MED-01"": 2549.050905153668}"
K1f794d37a3832968,C,"[""S002-MED-01"", ""S002-WAT-01"", ""S002-WAT-02"", ""S002-WAT-03"", ""S009-FOD-01"", ""S009-MED-01"", ""S009-WAT-01""]","[""S009"", ""S002""]",510.0,2429.343010518778,6.259808404701298,0.21752394941233777,2528.6981096066015,1791.1531818888523,"{""S009-FOD-01"": 1276.1690186032997, ""S009-MED-01"": 1276.1690186032997, ""S009-WAT-01"": 1276.1690186032997, ""S002-MED-01"": 1808.8468181111477, ""S002-WAT-01"": 1808.8468181111477, ""S002-WAT-02"": 1808.8468181111477, ""S002-WAT-03"": 1808.8468181111477}"
K1fb42d8ea0ae04dc,C,"[""S001-MED-01"", ""S001-MED-02"", ""S001-WAT-01"", ""S002-MED-01"", ""S002-WAT-01"", ""S009-FOD-01"", ""S009-MED-01"", ""S009-WAT-01""]","[""S001"", ""S002"", ""S009""]",540.0,2755.9732176620078,5.695272481342074,0.28809093983224077,2375.8029636968117,1828.0536004491407,"{""S001-MED-01"": 1134.2695386645796, ""S001-MED-02"": 1134.2695386645796, ""S001-WAT-01"": 1134.2695386645796, ""S002-MED-01"": 1771.9463995508593, ""S002-WAT-01"": 1771.9463995508593, ""S009-FOD-01"": 2267.5741990587076, ""S009-MED-01"": 2267.5741990587076, ""S009-WAT-01"": 2267.5741990587076}"
K1fef2629fa60f081,C,"[""S006-MED-01""]","[""S006""]",330.0,1231.5538679616645,2.043938419837689,0.7445076975202889,1386.8999887060406,2720.5780660191676,"{""S006-MED-01"": 879.4219339808323}"
K209ff6b716b5e738,C,"[""S001-MED-01"", ""S001-MED-02"", ""S001-WAT-01"", ""S001-WAT-02"", ""S001-WAT-03"", ""S011-FOD-01"", ""S011-MED-01"", ""S011-WAT-01""]","[""S011"", ""S001""]",540.0,2024.6486826804871,3.676977813668099,0.5403777732914876,1829.181491201777,1887.2508559840926,"{""S011-FOD-01"": 1123.9005286794275, ""S011-MED-01"": 1123.9005286794275, ""S011-WAT-01"": 1123.9005286794275, ""S001-MED-01"": 1712.7491440159074, ""S001-MED-02"": 1712.7491440159074, ""S001-WAT-01"": 1712.7491440159074, ""S001-WAT-02"": 1712.7491440159074, ""S001-WAT-03"": 1712.7491440159074}"
K20ce0c9469aa9c67,C,"[""S001-FOD-03"", ""S001-MED-01"", ""S001-MED-02"", ""S001-WAT-01"", ""S001-WAT-02"", ""S001-WAT-03"", ""S013-MED-01"", ""S013-WAT-01""]","[""S013"", ""S001""]",540.0,2256.6157837540723,5.237394257753939,0.3453257177807576,2251.794278141692,1655.2837549105072,"{""S013-MED-01"": 1247.6164665061224, ""S013-WAT-01"": 1247.6164665061224, ""S001-FOD-03"": 1944.7162450894928, ""S001-MED-01"": 1944.7162450894928, ""S001-MED-02"": 1944.7162450894928, ""S001-WAT-01"": 1944.7162450894928, ""S001-WAT-02"": 1944.7162450894928, ""S001-WAT-03"": 1944.7162450894928}"
K20ea67b193b5081d,C,"[""S006-FOD-01""]","[""S006""]",330.0,1231.5538679616645,2.06158384623377,0.7423020192207788,1391.6789583549792,,"{""S006-FOD-01"": 879.4219339808323}"
K2110a3a2422a6ebc,C,"[""S001-MED-01"", ""S002-MED-01"", ""S002-WAT-01"", ""S002-WAT-04"", ""S012-MED-01""]","[""S001"", ""S002"", ""S012""]",450.0,2895.258870384509,6.126428554532014,0.23419643068349827,2492.5744001857533,1393.6414707997578,"{""S001-MED-01"": 972.2695386645796, ""S002-MED-01"": 1645.9463995508593, ""S002-WAT-01"": 1645.9463995508593, ""S002-WAT-04"": 1645.9463995508593, ""S012-MED-01"": 2206.358529200242}"
K2134396e241487af,C,"[""S001-HYG-01"", ""S001-MED-01"", ""S001-MED-02"", ""S001-WAT-01"", ""S001-WAT-02"", ""S001-WAT-03"", ""S011-FOD-01"", ""S011-MED-01"", ""S011-WAT-01""]","[""S011"", ""S001""]",570.0,2090.648682680487,3.9526963823581482,0.5059129522052315,1903.8552702219986,1821.2508559840926,"{""S011-FOD-01"": 1153.9005286794275, ""S011-MED-01"": 1153.9005286794275, ""S011-WAT-01"": 1153.9005286794275, ""S001-HYG-01"": 1778.7491440159074, ""S001-MED-01"": 1778.7491440159074, ""S001-MED-02"": 1778.7491440159074, ""S001-WAT-01"": 1778.7491440159074, ""S001-WAT-02"": 1778.7491440159074, ""S001-WAT-03"": 1778.7491440159074}"
K21417b05a77752c9,C,"[""S001-FOD-01"", ""S001-FOD-02"", ""S001-FOD-03"", ""S001-MED-01"", ""S001-MED-02"", ""S001-WAT-06""]","[""S001""]",480.0,1494.1690773291593,2.230065907384514,0.7212417615769358,1437.309516583306,2417.7304613354204,"{""S001-FOD-01"": 1182.2695386645796, ""S001-FOD-02"": 1182.2695386645796, ""S001-FOD-03"": 1182.2695386645796, ""S001-MED-01"": 1182.2695386645796, ""S001-MED-02"": 1182.2695386645796, ""S001-WAT-06"": 1182.2695386645796}"
K21b32c9a6bf4637d,C,"[""S009-MED-01"", ""S012-FOD-01"", ""S012-MED-01"", ""S012-WAT-01"", ""S013-FOD-01"", ""S013-MED-01""]","[""S013"", ""S012"", ""S009""]",480.0,2778.744985029804,5.67181425224627,0.2910232184692163,2369.449693316698,1821.7418107089807,"{""S013-FOD-01"": 1187.6164665061224, ""S013-MED-01"": 1187.6164665061224, ""S012-FOD-01"": 1778.2581892910193, ""S012-MED-01"": 1778.2581892910193, ""S012-WAT-01"": 1778.2581892910193, ""S009-MED-01"": 2290.345966426504}"
K21b6c0cdeb7af5b0,C,"[""S001-FOD-01"", ""S001-FOD-02"", ""S001-FOD-03"", ""S001-MED-01"", ""S001-MED-02"", ""S005-FOD-01"", ""S005-MED-01"", ""S011-FOD-01"", ""S011-MED-01"", ""S011-WAT-01""]","[""S001"", ""S005"", ""S011""]",600.0,2734.828500672869,4.671595371159704,0.416050578605037,2098.5570796890865,2333.7304613354204,"{""S001-FOD-01"": 1266.2695386645796, ""S001-FOD-02"": 1266.2695386645796, ""S001-FOD-03"": 1266.2695386645796, ""S001-MED-01"": 1266.2695386645796, ""S001-MED-02"": 1266.2695386645796, ""S005-FOD-01"": 1826.896423929853, ""S005-MED-01"": 1826.896423929853, ""S011-FOD-01"": 2430.487971993441, ""S011-MED-01"": 2430.487971993441, ""S011-WAT-01"": 2430.487971993441}"
K21bee521e6788b83,C,"[""S001-MED-01"", ""S001-MED-02"", ""S001-WAT-01"", ""S001-WAT-02"", ""S001-WAT-03"", ""S001-WAT-04"", ""S013-MED-01"", ""S013-WAT-01""]","[""S013"", ""S001""]",540.0,2256.6157837540723,5.703292275623303,0.2870884655470871,2377.9749913146447,1655.2837549105072,"{""S013-MED-01"": 1247.6164665061224, ""S013-WAT-01"": 1247.6164665061224, ""S001-MED-01"": 1944.7162450894928, ""S001-MED-02"": 1944.7162450894928, ""S001-WAT-01"": 1944.7162450894928, ""S001-WAT-02"": 1944.7162450894928, ""S001-WAT-03"": 1944.7162450894928, ""S001-WAT-04"": 1944.7162450894928}"
K21e72d88081ef667,C,"[""S006-MED-01"", ""S006-WAT-01"", ""S007-FOD-01"", ""S007-HYG-01"", ""S007-MED-01"", ""S007-WAT-01"", ""S007-WAT-02""]","[""S006"", ""S007""]",510.0,2413.5631413430933,4.22528791900719,0.47183901012410123,1977.682144731114,1746.260087321924,"{""S006-MED-01"": 1095.4219339808324, ""S006-WAT-01"": 1095.4219339808324, ""S007-FOD-01"": 1853.739912678076, ""S007-HYG-01"": 1853.739912678076, ""S007-MED-01"": 1853.739912678076, ""S007-WAT-01"": 1853.739912678076, ""S007-WAT-02"": 1853.739912678076}"
K2202e5a648950c20,C,"[""S001-MED-01"", ""S001-MED-02"", ""S001-WAT-01"", ""S002-MED-01"", ""S002-WAT-01"", ""S004-WAT-03""]","[""S001"", ""S004"", ""S002""]",480.0,2920.517823328535,6.25829631286927,0.2177129608913413,2528.288584735427,1299.9783690790955,"{""S001-MED-01"": 1074.2695386645796, ""S001-MED-02"": 1074.2695386645796, ""S001-WAT-01"": 1074.2695386645796, ""S004-WAT-03"": 1798.9314015626292, ""S002-MED-01"": 2300.0216309209045, ""S002-WAT-01"": 2300.0216309209045}"
K223c01d77cdda5ee,C,"[""S006-FOD-01"", ""S006-HYG-01"", ""S006-MED-01"", ""S006-WAT-01"", ""S006-WAT-02"", ""S006-WAT-03"", ""S007-MED-01"", ""S007-WAT-01"", ""S011-MED-01""]","[""S006"", ""S007"", ""S011""]",570.0,2808.8234917311997,4.920610991973981,0.38492362600325236,2165.9988103262863,1650.260087321924,"{""S006-FOD-01"": 1299.4219339808324, ""S006-HYG-01"": 1299.4219339808324, ""S006-MED-01"": 1299.4219339808324, ""S006-WAT-01"": 1299.4219339808324, ""S006-WAT-02"": 1299.4219339808324, ""S006-WAT-03"": 1299.4219339808324, ""S007-MED-01"": 1949.739912678076, ""S007-WAT-01"": 1949.739912678076, ""S011-MED-01"": 2504.482963051772}"
K2278fdfa1d1f0991,A,"[""S013-MED-01""]","[""S013""]",330.0,1552.1137376764395,1.840630612060841,0.5909709750975909,1031.7377323731318,2576.409797828447,"{""S013-MED-01"": 1023.5902021715531}"
K227ea3514bc16e8a,C,"[""S001-MED-01"", ""S001-MED-02"", ""S001-WAT-01"", ""S002-MED-01"", ""S002-WAT-01"", ""S004-FOD-01"", ""S004-MED-01""]","[""S001"", ""S004"", ""S002""]",510.0,2986.517823328535,6.1768923070222055,0.22788846162222431,2506.2416664851808,1233.9783690790955,"{""S001-MED-01"": 1104.2695386645796, ""S001-MED-02"": 1104.2695386645796, ""S001-WAT-01"": 1104.2695386645796, ""S004-FOD-01"": 1864.9314015626292, ""S004-MED-01"": 1864.9314015626292, ""S002-MED-01"": 2366.0216309209045, ""S002-WAT-01"": 2366.0216309209045}"
K22c6cc546e4e0ec0,C,"[""S003-MED-01""]","[""S003""]",330.0,2106.0913496046687,4.657269360370995,0.41784132995362566,2094.677118433811,5884.494325197666,"{""S003-MED-01"": 1315.5056748023344}"
K22eb4f847c41e6a4,A,"[""S006-HYG-01""]","[""S006""]",330.0,1253.4781941236301,1.243008889722434,0.7237758022839036,859.0914570309253,,"{""S006-HYG-01"": 875.5024303951484}"
K237930dff79bf1f6,C,"[""S006-FOD-01"", ""S006-HYG-01"", ""S006-MED-01"", ""S006-WAT-01"", ""S006-WAT-02"", ""S006-WAT-03"", ""S007-FOD-01"", ""S007-HYG-01"", ""S007-MED-01""]","[""S007"", ""S006""]",570.0,2545.563141343093,5.277500201582868,0.34031247480214155,2262.65630459536,1406.5687926377395,"{""S007-FOD-01"": 1395.7432286650169, ""S007-HYG-01"": 1395.7432286650169, ""S007-MED-01"": 1395.7432286650169, ""S006-FOD-01"": 2193.4312073622605, ""S006-HYG-01"": 2193.4312073622605, ""S006-MED-01"": 2193.4312073622605, ""S006-WAT-01"": 2193.4312073622605, ""S006-WAT-02"": 2193.4312073622605, ""S006-WAT-03"": 2193.4312073622605}"
K23a0322a40b4aba7,C,"[""S001-MED-01"", ""S001-MED-02"", ""S001-WAT-01"", ""S006-MED-01"", ""S006-WAT-01"", ""S007-HYG-01"", ""S007-MED-01"", ""S007-WAT-01"", ""S007-WAT-02""]","[""S006"", ""S007"", ""S001""]",570.0,2987.3561519330365,5.9906206336888985,0.2511724207888877,2455.7930882907435,924.5433867315433,"{""S006-MED-01"": 1155.4219339808324, ""S006-WAT-01"": 1155.4219339808324, ""S007-HYG-01"": 1877.739912678076, ""S007-MED-01"": 1877.739912678076, ""S007-WAT-01"": 1877.739912678076, ""S007-WAT-02"": 1877.739912678076, ""S001-MED-01"": 2675.4566132684567, ""S001-MED-02"": 2675.4566132684567, ""S001-WAT-01"": 2675.4566132684567}"
K23bed56047e3cc2c,C,"[""S008-FOD-01"", ""S008-HYG-01"", ""S008-MED-01"", ""S008-WAT-02""]","[""S008""]",420.0,2133.7012130854614,5.463414980120069,0.3170731274849914,2313.0082237825186,5768.309393457269,"{""S008-FOD-01"": 1431.6906065427308, ""S008-HYG-01"": 1431.6906065427308, ""S008-MED-01"": 1431.6906065427308, ""S008-WAT-02"": 1431.6906065427308}"
K23de60c85adf374f,C,"[""S003-FOD-01"", ""S003-MED-01"", ""S003-WAT-01"", ""S003-WAT-02"", ""S003-WAT-03"", ""S007-MED-01"", ""S007-WAT-01""]","[""S007"", ""S003""]",510.0,2693.5924183923166,6.2065278199671665,0.22418402250410419,2514.2679512411073,2300.256771334983,"{""S007-MED-01"": 1299.7432286650169, ""S007-WAT-01"": 1299.7432286650169, ""S003-FOD-01"": 1903.0067435899823, ""S003-MED-01"": 1903.0067435899823, ""S003-WAT-01"": 1903.0067435899823, ""S003-WAT-02"": 1903.0067435899823, ""S003-WAT-03"": 1903.0067435899823}"
K2427fa81633eda7c,B,"[""S001-WAT-04""]","[""S001""]",330.0,1089.100207293352,1.0069748039987942,0.7482562990003014,1103.022415066144,,"{""S001-WAT-04"": 797.6734369800093}"
K246856ee721a9f82,C,"[""S001-MED-01""]","[""S001""]",330.0,1164.1690773291593,1.9467253105684108,0.7566593361789486,1360.5714382789447,2747.7304613354204,"{""S001-MED-01"": 852.2695386645796}"
K247bfbb475772f69,C,"[""S003-MED-01"", ""S003-WAT-04"", ""S006-MED-01"", ""S006-WAT-01"", ""S007-MED-01"", ""S007-WAT-01""]","[""S007"", ""S003"", ""S006""]",480.0,2992.5280653291543,5.771052316913291,0.2786184603858386,2396.3266691640165,959.6038686516781,"{""S007-MED-01"": 1269.7432286650169, ""S007-WAT-01"": 1269.7432286650169, ""S003-MED-01"": 1765.0067435899823, ""S003-WAT-04"": 1765.0067435899823, ""S006-MED-01"": 2640.396131348322, ""S006-WAT-01"": 2640.396131348322}"
K24895ac6d9be0851,A,"[""S003-MED-01""]","[""S003""]",330.0,2202.629278762021,2.804801375044732,0.3767108055456151,1310.2759527907003,5850.712027285656,"{""S003-MED-01"": 1349.2879727143438}"
K24ac876ad71edabc,C,"[""S003-HYG-01"", ""S003-MED-01"", ""S003-WAT-01"", ""S006-MED-01"", ""S006-WAT-01"", ""S007-MED-01"", ""S007-WAT-01""]","[""S006"", ""S007"", ""S003""]",510.0,3067.589102405376,5.86520026153117,0.2668499673086038,2421.8250708313585,1854.260087321924,"{""S006-MED-01"": 1095.4219339808324, ""S006-WAT-01"": 1095.4219339808324, ""S007-MED-01"": 1745.739912678076, ""S007-WAT-01"": 1745.739912678076, ""S003-HYG-01"": 2277.0034276030415, ""S003-MED-01"": 2277.0034276030415, ""S003-WAT-01"": 2277.0034276030415}"
K24ca2c4a151321eb,C,"[""S001-FOD-01"", ""S001-FOD-02"", ""S001-FOD-03"", ""S001-HYG-01"", ""S001-MED-01"", ""S001-MED-02"", ""S001-WAT-01"", ""S001-WAT-05""]","[""S001""]",540.0,1626.1690773291593,2.565578385924292,0.6793027017594635,1528.1774795211625,2285.7304613354204,"{""S001-FOD-01"": 1314.2695386645796, ""S001-FOD-02"": 1314.2695386645796, ""S001-FOD-03"": 1314.2695386645796, ""S001-HYG-01"": 1314.2695386645796, ""S001-MED-01"": 1314.2695386645796, ""S001-MED-02"": 1314.2695386645796, ""S001-WAT-01"": 1314.2695386645796, ""S001-WAT-05"": 1314.2695386645796}"
K24fe439fc9d126f9,C,"[""S001-FOD-01"", ""S001-FOD-02"", ""S001-FOD-03"", ""S001-HYG-01"", ""S001-HYG-02"", ""S001-MED-01"", ""S001-MED-02"", ""S001-WAT-01"", ""S001-WAT-05"", ""S011-MED-01""]","[""S001"", ""S011""]",600.0,2156.648682680487,3.488180282396595,0.5639774647004256,1778.0488264824112,2189.7304613354204,"{""S001-FOD-01"": 1410.2695386645796, ""S001-FOD-02"": 1410.2695386645796, ""S001-FOD-03"": 1410.2695386645796, ""S001-HYG-01"": 1410.2695386645796, ""S001-HYG-02"": 1410.2695386645796, ""S001-MED-01"": 1410.2695386645796, ""S001-MED-02"": 1410.2695386645796, ""S001-WAT-01"": 1410.2695386645796, ""S001-WAT-05"": 1410.2695386645796, ""S011-MED-01"": 1852.3081540010596}"
K256ab899a81c7d3c,C,"[""S001-MED-01"", ""S001-MED-02"", ""S001-WAT-01"", ""S002-MED-01"", ""S002-WAT-01"", ""S004-FOD-01"", ""S004-HYG-01"", ""S004-MED-01""]","[""S001"", ""S002"", ""S004""]",540.0,3025.714975150735,6.220631050563222,0.22242111867959724,2518.087576194206,1828.0536004491407,"{""S001-MED-01"": 1134.2695386645796, ""S001-MED-02"": 1134.2695386645796, ""S001-WAT-01"": 1134.2695386645796, ""S002-MED-01"": 1771.9463995508593, ""S002-WAT-01"": 1771.9463995508593, ""S004-FOD-01"": 2308.1566289091347, ""S004-HYG-01"": 2308.1566289091347, ""S004-MED-01"": 2308.1566289091347}"
K267ac1b15fd1cd61,C,"[""S001-FOD-01"", ""S001-FOD-02"", ""S001-FOD-03"", ""S001-MED-01"", ""S001-MED-02"", ""S001-WAT-01"", ""S001-WAT-08""]","[""S001""]",510.0,1560.1690773291593,2.4411673154656004,0.6948540855668,1494.4828146052669,2351.7304613354204,"{""S001-FOD-01"": 1248.2695386645796, ""S001-FOD-02"": 1248.2695386645796, ""S001-FOD-03"": 1248.2695386645796, ""S001-MED-01"": 1248.2695386645796, ""S001-MED-02"": 1248.2695386645796, ""S001-WAT-01"": 1248.2695386645796, ""S001-WAT-08"": 1248.2695386645796}"
K26830b9aa9211f9b,C,"[""S003-MED-01"", ""S003-WAT-01"", ""S003-WAT-02"", ""S003-WAT-03"", ""S007-MED-01"", ""S007-WAT-01""]","[""S003"", ""S007""]",480.0,2627.5924183923166,6.099686876618757,0.23753914042265534,2485.33186241758,1532.2308102727002,"{""S003-MED-01"": 1573.5056748023344, ""S003-WAT-01"": 1573.5056748023344, ""S003-WAT-02"": 1573.5056748023344, ""S003-WAT-03"": 1573.5056748023344, ""S007-MED-01"": 2067.7691897273, ""S007-WAT-01"": 2067.7691897273}"
K26f50acb9ef5215e,C,"[""S003-FOD-01"", ""S003-FOD-02"", ""S003-HYG-01"", ""S003-MED-01"", ""S003-WAT-01"", ""S003-WAT-04""]","[""S003""]",480.0,2436.0913496046687,5.645047242492665,0.2943690946884169,2362.2002948417635,5554.494325197666,"{""S003-FOD-01"": 1645.5056748023344, ""S003-FOD-02"": 1645.5056748023344, ""S003-HYG-01"": 1645.5056748023344, ""S003-MED-01"": 1645.5056748023344, ""S003-WAT-01"": 1645.5056748023344, ""S003-WAT-04"": 1645.5056748023344}"
K26fba9ec4e9317d3,C,"[""S015-FOD-01""]","[""S015""]",330.0,1834.509722550674,3.8867864900718647,0.5141516887410169,1886.0046743944633,,"{""S015-FOD-01"": 1172.914861275337}"
K271243ad235191b4,C,"[""S015-WAT-01""]","[""S015""]",330.0,1834.509722550674,3.9407205394056573,0.5074099325742929,1900.6118127556988,9627.085138724662,"{""S015-WAT-01"": 1172.914861275337}"
K279c9a113baf9188,C,"[""S002-FOD-01"", ""S002-MED-01"", ""S002-WAT-01"", ""S002-WAT-04""]","[""S002""]",420.0,1975.8123848152607,5.170923949443319,0.35363450631958515,2233.791902974232,2244.6838075923697,"{""S002-FOD-01"": 1355.3161924076303, ""S002-MED-01"": 1355.3161924076303, ""S002-WAT-01"": 1355.3161924076303, ""S002-WAT-04"": 1355.3161924076303}"
K27c63e662ef0d304,C,"[""S001-WAT-02""]","[""S001""]",330.0,1164.1690773291593,1.9876500839774989,0.7515437395028126,1371.6552310772393,,"{""S001-WAT-02"": 852.2695386645796}"
K28216ec1d0d1f521,C,"[""S001-FOD-01"", ""S001-FOD-02"", ""S001-MED-01"", ""S001-MED-02"", ""S001-WAT-01"", ""S011-FOD-01"", ""S011-MED-01"", ""S011-WAT-01""]","[""S001"", ""S011""]",540.0,2024.6486826804871,3.255664741185348,0.5930419073518315,1715.0758674043652,2393.7304613354204,"{""S001-FOD-01"": 1206.2695386645796, ""S001-FOD-02"": 1206.2695386645796, ""S001-MED-01"": 1206.2695386645796, ""S001-MED-02"": 1206.2695386645796, ""S001-WAT-01"": 1206.2695386645796, ""S011-FOD-01"": 1720.3081540010596, ""S011-MED-01"": 1720.3081540010596, ""S011-WAT-01"": 1720.3081540010596}"
K282e263b2571ff11,C,"[""S001-MED-01"", ""S001-MED-02"", ""S001-WAT-01"", ""S002-MED-01"", ""S002-WAT-01"", ""S004-MED-01"", ""S004-WAT-01""]","[""S001"", ""S004"", ""S002""]",510.0,2986.517823328535,6.347316983953155,0.20658537700585566,2552.398349820646,1233.9783690790955,"{""S001-MED-01"": 1104.2695386645796, ""S001-MED-02"": 1104.2695386645796, ""S001-WAT-01"": 1104.2695386645796, ""S004-MED-01"": 1864.9314015626292, ""S004-WAT-01"": 1864.9314015626292, ""S002-MED-01"": 2366.0216309209045, ""S002-WAT-01"": 2366.0216309209045}"
K28898cc0431613f5,C,"[""S001-MED-01"", ""S001-MED-02"", ""S002-FOD-01"", ""S002-FOD-02"", ""S002-HYG-01"", ""S002-MED-01"", ""S002-WAT-01"", ""S009-FOD-01"", ""S009-MED-01"", ""S009-WAT-01""]","[""S009"", ""S002"", ""S001""]",600.0,2887.9732176620073,6.301493358960719,0.21231333012991016,2539.987784718528,1023.9263210025724,"{""S009-FOD-01"": 1366.1690186032997, ""S009-MED-01"": 1366.1690186032997, ""S009-WAT-01"": 1366.1690186032997, ""S002-FOD-01"": 1934.8468181111477, ""S002-FOD-02"": 1934.8468181111477, ""S002-HYG-01"": 1934.8468181111477, ""S002-MED-01"": 1934.8468181111477, ""S002-WAT-01"": 1934.8468181111477, ""S001-MED-01"": 2576.0736789974276, ""S001-MED-02"": 2576.0736789974276}"
K29210a5b7ae0e464,A,"[""S005-MED-01"", ""S008-MED-01"", ""S008-WAT-01""]","[""S008"", ""S005""]",390.0,2493.1562941072093,3.344253338667273,0.25683259140727266,1466.1176311705456,5804.207063629448,"{""S008-MED-01"": 1395.792936370552, ""S008-WAT-01"": 1395.792936370552, ""S005-MED-01"": 1929.8177310084138}"
K2921deea71a7dbb9,C,"[""S001-MED-01"", ""S001-MED-02"", ""S001-WAT-01"", ""S005-HYG-01"", ""S005-MED-01"", ""S005-WAT-01"", ""S005-WAT-02""]","[""S001"", ""S005""]",510.0,2240.8566861927434,4.257215529469976,0.467848058816253,1986.3292058981183,2495.7304613354204,"{""S001-MED-01"": 1104.2695386645796, ""S001-MED-02"": 1104.2695386645796, ""S001-WAT-01"": 1104.2695386645796, ""S005-HYG-01"": 1736.896423929853, ""S005-MED-01"": 1736.896423929853, ""S005-WAT-01"": 1736.896423929853, ""S005-WAT-02"": 1736.896423929853}"
K294919bf0212973f,C,"[""S001-MED-01"", ""S001-MED-02"", ""S001-WAT-01"", ""S005-FOD-01"", ""S005-MED-01"", ""S005-WAT-01"", ""S005-WAT-02"", ""S005-WAT-03""]","[""S001"", ""S005""]",540.0,2306.8566861927434,4.840053533969089,0.3949933082538639,2144.1811654499616,2465.7304613354204,"{""S001-MED-01"": 1134.2695386645796, ""S001-MED-02"": 1134.2695386645796, ""S001-WAT-01"": 1134.2695386645796, ""S005-FOD-01"": 1802.896423929853, ""S005-MED-01"": 1802.896423929853, ""S005-WAT-01"": 1802.896423929853, ""S005-WAT-02"": 1802.896423929853, ""S005-WAT-03"": 1802.896423929853}"
K298673d736cb8091,C,"[""S002-FOD-01"", ""S002-MED-01"", ""S002-WAT-01"", ""S002-WAT-03""]","[""S002""]",420.0,1975.8123848152607,5.170923949443319,0.35363450631958515,2233.791902974232,2244.6838075923697,"{""S002-FOD-01"": 1355.3161924076303, ""S002-MED-01"": 1355.3161924076303, ""S002-WAT-01"": 1355.3161924076303, ""S002-WAT-03"": 1355.3161924076303}"
K29d954d2fc403c7e,C,"[""S001-FOD-01"", ""S001-FOD-02"", ""S001-FOD-03"", ""S001-MED-01"", ""S001-MED-02"", ""S001-WAT-01"", ""S001-WAT-03""]","[""S001""]",510.0,1560.1690773291593,2.4411673154656004,0.6948540855668,1494.4828146052669,2351.7304613354204,"{""S001-FOD-01"": 1248.2695386645796, ""S001-FOD-02"": 1248.2695386645796, ""S001-FOD-03"": 1248.2695386645796, ""S001-MED-01"": 1248.2695386645796, ""S001-MED-02"": 1248.2695386645796, ""S001-WAT-01"": 1248.2695386645796, ""S001-WAT-03"": 1248.2695386645796}"
K29e49d78d2e53326,C,"[""S001-FOD-01"", ""S001-MED-01"", ""S001-MED-02"", ""S001-WAT-01"", ""S001-WAT-07""]","[""S001""]",450.0,1428.1690773291593,2.206548017721392,0.724181497784826,1430.940088132877,2483.7304613354204,"{""S001-FOD-01"": 1116.2695386645796, ""S001-MED-01"": 1116.2695386645796, ""S001-MED-02"": 1116.2695386645796, ""S001-WAT-01"": 1116.2695386645796, ""S001-WAT-07"": 1116.2695386645796}"
K2a22fbc581e99e0e,C,"[""S003-FOD-01"", ""S003-FOD-02"", ""S003-HYG-01"", ""S003-MED-01"", ""S003-WAT-03""]","[""S003""]",450.0,2370.0913496046687,5.209161832281397,0.3488547709648254,2244.147996242878,5620.494325197666,"{""S003-FOD-01"": 1579.5056748023344, ""S003-FOD-02"": 1579.5056748023344, ""S003-HYG-01"": 1579.5056748023344, ""S003-MED-01"": 1579.5056748023344, ""S003-WAT-03"": 1579.5056748023344}"
K2a663088ccaed600,C,"[""S001-FOD-01"", ""S001-MED-01"", ""S001-MED-02"", ""S001-WAT-01"", ""S001-WAT-05"", ""S010-MED-01"", ""S010-WAT-01"", ""S013-MED-01"", ""S013-WAT-01""]","[""S001"", ""S013"", ""S010""]",570.0,2760.243363596259,5.071440438133765,0.3660699452332794,2206.8484519945614,1346.3058419267281,"{""S001-FOD-01"": 1236.2695386645796, ""S001-MED-01"": 1236.2695386645796, ""S001-MED-02"": 1236.2695386645796, ""S001-WAT-01"": 1236.2695386645796, ""S001-WAT-05"": 1236.2695386645796, ""S013-MED-01"": 1772.59931724795, ""S013-WAT-01"": 1772.59931724795, ""S010-MED-01"": 2253.694158073272, ""S010-WAT-01"": 2253.694158073272}"
K2abdf16f24104b90,A,"[""S002-HYG-01""]","[""S002""]",330.0,1943.7379819346033,2.776032123112718,0.3831039726416182,1301.9648355658962,,"{""S002-HYG-01"": 1223.8089909673017}"
K2af9701067bc830f,C,"[""S001-FOD-01"", ""S001-MED-01"", ""S001-MED-02"", ""S001-WAT-01"", ""S001-WAT-06"", ""S010-MED-01"", ""S010-WAT-01"", ""S013-MED-01"", ""S013-WAT-01""]","[""S001"", ""S013"", ""S010""]",570.0,2760.243363596259,5.071440438133765,0.3660699452332794,2206.8484519945614,1346.3058419267281,"{""S001-FOD-01"": 1236.2695386645796, ""S001-MED-01"": 1236.2695386645796, ""S001-MED-02"": 1236.2695386645796, ""S001-WAT-01"": 1236.2695386645796, ""S001-WAT-06"": 1236.2695386645796, ""S013-MED-01"": 1772.59931724795, ""S013-WAT-01"": 1772.59931724795, ""S010-MED-01"": 2253.694158073272, ""S010-WAT-01"": 2253.694158073272}"
K2b5ac4b1a59d2bdd,C,"[""S001-FOD-01"", ""S001-FOD-02"", ""S001-FOD-03"", ""S001-HYG-01"", ""S001-HYG-02"", ""S001-MED-01"", ""S001-MED-02"", ""S001-WAT-01"", ""S001-WAT-08"", ""S011-MED-01""]","[""S001"", ""S011""]",600.0,2156.648682680487,3.488180282396595,0.5639774647004256,1778.0488264824112,2189.7304613354204,"{""S001-FOD-01"": 1410.2695386645796, ""S001-FOD-02"": 1410.2695386645796, ""S001-FOD-03"": 1410.2695386645796, ""S001-HYG-01"": 1410.2695386645796, ""S001-HYG-02"": 1410.2695386645796, ""S001-MED-01"": 1410.2695386645796, ""S001-MED-02"": 1410.2695386645796, ""S001-WAT-01"": 1410.2695386645796, ""S001-WAT-08"": 1410.2695386645796, ""S011-MED-01"": 1852.3081540010596}"
K2c6bc08539c8fb48,B,"[""S010-FOD-01""]","[""S010""]",330.0,1435.3795658311299,1.5156181928984134,0.6210954517753966,1323.434550255979,,"{""S010-FOD-01"": 965.2264495822316}"
K2c6d0da632047551,C,"[""S001-MED-01"", ""S001-MED-02"", ""S001-WAT-01"", ""S006-MED-01"", ""S006-WAT-01"", ""S007-HYG-01"", ""S007-MED-01"", ""S007-WAT-01"", ""S007-WAT-02""]","[""S001"", ""S007"", ""S006""]",570.0,2987.3561519330365,6.166416844143894,0.22919789448201322,2503.404561955638,964.7757820477959,"{""S001-MED-01"": 1164.2695386645796, ""S001-MED-02"": 1164.2695386645796, ""S001-WAT-01"": 1164.2695386645796, ""S007-HYG-01"": 1981.5362392549603, ""S007-MED-01"": 1981.5362392549603, ""S007-WAT-01"": 1981.5362392549603, ""S007-WAT-02"": 1981.5362392549603, ""S006-MED-01"": 2635.224217952204, ""S006-WAT-01"": 2635.224217952204}"
K2c70a0b4342c1f2b,C,"[""S006-FOD-01"", ""S006-HYG-01"", ""S006-MED-01"", ""S006-WAT-01"", ""S006-WAT-02"", ""S006-WAT-03"", ""S007-FOD-01"", ""S007-MED-01""]","[""S007"", ""S006""]",540.0,2479.563141343093,4.980893150657893,0.37738835616776334,2182.3252283031793,1472.5687926377395,"{""S007-FOD-01"": 1329.7432286650169, ""S007-MED-01"": 1329.7432286650169, ""S006-FOD-01"": 2127.4312073622605, ""S006-HYG-01"": 2127.4312073622605, ""S006-MED-01"": 2127.4312073622605, ""S006-WAT-01"": 2127.4312073622605, ""S006-WAT-02"": 2127.4312073622605, ""S006-WAT-03"": 2127.4312073622605}"
K2cfe6bbafe18e3d7,A,"[""S008-HYG-01""]","[""S008""]",330.0,2111.132539407771,3.041028813844264,0.3242158191457192,1378.5194351105652,,"{""S008-HYG-01"": 1305.792936370552}"
K2e341712fe7b7f76,C,"[""S001-FOD-01"", ""S001-FOD-02"", ""S001-MED-01"", ""S001-MED-02"", ""S001-WAT-01"", ""S001-WAT-06""]","[""S001""]",480.0,1494.1690773291593,2.309532357648675,0.7113084552939156,1458.8316801965161,2417.7304613354204,"{""S001-FOD-01"": 1182.2695386645796, ""S001-FOD-02"": 1182.2695386645796, ""S001-MED-01"": 1182.2695386645796, ""S001-MED-02"": 1182.2695386645796, ""S001-WAT-01"": 1182.2695386645796, ""S001-WAT-06"": 1182.2695386645796}"
K2e4e4520990e489c,C,"[""S001-MED-01"", ""S001-MED-02"", ""S001-WAT-01"", ""S001-WAT-02"", ""S001-WAT-03"", ""S001-WAT-07"", ""S013-MED-01"", ""S013-WAT-01""]","[""S013"", ""S001""]",540.0,2256.6157837540723,5.703292275623303,0.2870884655470871,2377.9749913146447,1655.2837549105072,"{""S013-MED-01"": 1247.6164665061224, ""S013-WAT-01"": 1247.6164665061224, ""S001-MED-01"": 1944.7162450894928, ""S001-MED-02"": 1944.7162450894928, ""S001-WAT-01"": 1944.7162450894928, ""S001-WAT-02"": 1944.7162450894928, ""S001-WAT-03"": 1944.7162450894928, ""S001-WAT-07"": 1944.7162450894928}"
K2e597fe640da9041,A,"[""S005-FOD-01""]","[""S005""]",330.0,1632.1904595309243,2.030199128309894,0.5488446381533569,1086.5019704006359,,"{""S005-FOD-01"": 1068.8518964321288}"
K2e9223eb2b2ca181,B,"[""S006-WAT-03""]","[""S006""]",330.0,1147.271254843175,1.0662736390720797,0.7334315902319801,1128.7185769312343,,"{""S006-WAT-03"": 822.3989607549207}"
K2ed47b875f5ac508,C,"[""S002-FOD-01"", ""S002-FOD-02"", ""S002-MED-01"", ""S002-WAT-01"", ""S009-FOD-01"", ""S009-MED-01"", ""S009-WAT-01""]","[""S002"", ""S009""]",510.0,2429.3430105187786,5.900520317662063,0.2624349602922421,2431.3909193668087,2154.6838075923697,"{""S002-FOD-01"": 1445.3161924076305, ""S002-FOD-02"": 1445.3161924076305, ""S002-MED-01"": 1445.3161924076305, ""S002-WAT-01"": 1445.3161924076305, ""S009-FOD-01"": 1940.9439919154786, ""S009-MED-01"": 1940.9439919154786, ""S009-WAT-01"": 1940.9439919154786}"
K2f0e5201482ca9ad,C,"[""S010-FOD-01"", ""S010-MED-01"", ""S010-WAT-01"", ""S013-FOD-01"", ""S013-MED-01"", ""S014-FOD-01"", ""S014-MED-01"", ""S014-WAT-01""]","[""S010"", ""S014"", ""S013""]",540.0,2986.8999467901363,5.716055323599534,0.2854930845500583,2381.4316501415406,1091.1165197159867,"{""S010-FOD-01"": 1312.159205522987, ""S010-MED-01"": 1312.159205522987, ""S010-WAT-01"": 1312.159205522987, ""S014-FOD-01"": 1884.7058303780093, ""S014-MED-01"": 1884.7058303780093, ""S014-WAT-01"": 1884.7058303780093, ""S013-FOD-01"": 2508.8834802840133, ""S013-MED-01"": 2508.8834802840133}"
K2f1ce97cbf4cdb49,C,"[""S001-FOD-01"", ""S001-MED-01"", ""S001-MED-02"", ""S001-WAT-01"", ""S001-WAT-07"", ""S010-MED-01"", ""S010-WAT-01"", ""S013-MED-01"", ""S013-WAT-01""]","[""S010"", ""S013"", ""S001""]",570.0,2760.2433635962584,5.920412907401133,0.2599483865748584,2436.7784957544736,1151.6561750683213,"{""S010-MED-01"": 1306.159205522987, ""S010-WAT-01"": 1306.159205522987, ""S013-MED-01"": 1787.2440463483085, ""S013-WAT-01"": 1787.2440463483085, ""S001-FOD-01"": 2448.3438249316787, ""S001-MED-01"": 2448.3438249316787, ""S001-MED-02"": 2448.3438249316787, ""S001-WAT-01"": 2448.3438249316787, ""S001-WAT-07"": 2448.3438249316787}"
K2fc3b0f0ba848218,C,"[""S001-MED-01"", ""S002-MED-01"", ""S002-WAT-01"", ""S002-WAT-02"", ""S012-MED-01""]","[""S001"", ""S002"", ""S012""]",450.0,2895.258870384509,6.126428554532014,0.23419643068349827,2492.5744001857533,1393.6414707997578,"{""S001-MED-01"": 972.2695386645796, ""S002-MED-01"": 1645.9463995508593, ""S002-WAT-01"": 1645.9463995508593, ""S002-WAT-02"": 1645.9463995508593, ""S012-MED-01"": 2206.358529200242}"
K2fd796cb020bad1c,C,"[""S010-FOD-01"", ""S010-MED-01"", ""S010-WAT-01"", ""S013-MED-01"", ""S013-WAT-01"", ""S014-FOD-01"", ""S014-MED-01"", ""S014-WAT-01""]","[""S010"", ""S013"", ""S014""]",540.0,3143.3011357276364,6.12295368800735,0.2346307889990813,2491.6332905019904,1146.5083037456875,"{""S010-FOD-01"": 1312.159205522987, ""S010-MED-01"": 1312.159205522987, ""S010-WAT-01"": 1312.159205522987, ""S013-MED-01"": 1793.2440463483085, ""S013-WAT-01"": 1793.2440463483085, ""S014-FOD-01"": 2453.4916962543125, ""S014-MED-01"": 2453.4916962543125, ""S014-WAT-01"": 2453.4916962543125}"
K2fe9543ee48e6b62,B,"[""S001-FOD-02""]","[""S001""]",330.0,1089.100207293352,0.9619966608020939,0.7595008347994765,1083.531886347574,,"{""S001-FOD-02"": 797.6734369800093}"
K2fffadbd9a630882,C,"[""S001-FOD-01"", ""S001-MED-01"", ""S001-MED-02"", ""S001-WAT-01"", ""S001-WAT-07"", ""S010-MED-01"", ""S010-WAT-01"", ""S013-MED-01"", ""S013-WAT-01""]","[""S013"", ""S010"", ""S001""]",570.0,2833.268837928043,6.276180015900267,0.21547749801246663,2533.1320876396553,1078.6307007365367,"{""S013-MED-01"": 1277.6164665061226, ""S013-WAT-01"": 1277.6164665061226, ""S010-MED-01"": 1758.7113073314442, ""S010-WAT-01"": 1758.7113073314442, ""S001-FOD-01"": 2521.3692992634633, ""S001-MED-01"": 2521.3692992634633, ""S001-MED-02"": 2521.3692992634633, ""S001-WAT-01"": 2521.3692992634633, ""S001-WAT-07"": 2521.3692992634633}"
K30dfad2112efa668,C,"[""S007-MED-01"", ""S007-WAT-01"", ""S008-MED-01"", ""S008-WAT-02""]","[""S007"", ""S008""]",420.0,2874.068232085353,6.3254009310496855,0.20932488361878931,2546.4627521592897,2390.256771334983,"{""S007-MED-01"": 1209.7432286650169, ""S007-WAT-01"": 1209.7432286650169, ""S008-MED-01"": 2172.057625542622, ""S008-WAT-02"": 2172.057625542622}"
K31205074048ba677,C,"[""S007-FOD-01"", ""S007-HYG-01"", ""S007-MED-01"", ""S007-WAT-01"", ""S015-FOD-01"", ""S015-MED-01"", ""S015-WAT-01""]","[""S007"", ""S015""]",510.0,2545.271777002758,4.905009780044519,0.3868737774944351,2161.773482095391,2228.256771334983,"{""S007-FOD-01"": 1371.7432286650169, ""S007-HYG-01"": 1371.7432286650169, ""S007-MED-01"": 1371.7432286650169, ""S007-WAT-01"": 1371.7432286650169, ""S015-FOD-01"": 1883.6769157274211, ""S015-MED-01"": 1883.6769157274211, ""S015-WAT-01"": 1883.6769157274211}"
K313153841c1610b6,C,"[""S005-MED-01"", ""S008-FOD-01"", ""S008-HYG-01"", ""S008-MED-01"", ""S008-WAT-01"", ""S008-WAT-02"", ""S011-MED-01""]","[""S005"", ""S008"", ""S011""]",510.0,2935.2695986353096,6.224323238089375,0.22195959523882813,2519.087543649206,5297.433255298305,"{""S005-MED-01"": 1223.2302622628904, ""S008-FOD-01"": 1902.5667447016954, ""S008-HYG-01"": 1902.5667447016954, ""S008-MED-01"": 1902.5667447016954, ""S008-WAT-01"": 1902.5667447016954, ""S008-WAT-02"": 1902.5667447016954, ""S011-MED-01"": 2630.929069955882}"
K316f58e26ee9c959,C,"[""S010-MED-01"", ""S010-WAT-01"", ""S014-FOD-01"", ""S014-MED-01"", ""S014-WAT-01""]","[""S014"", ""S010""]",450.0,2448.5152698513334,4.418962541648257,0.4476296822939678,2030.1356883630697,1658.0339356716536,"{""S014-FOD-01"": 1405.479439473324, ""S014-MED-01"": 1405.479439473324, ""S014-WAT-01"": 1405.479439473324, ""S010-MED-01"": 1941.9660643283464, ""S010-WAT-01"": 1941.9660643283464}"
K318ab045e28598ff,C,"[""S001-FOD-03"", ""S001-MED-01"", ""S001-MED-02"", ""S001-WAT-01"", ""S001-WAT-02"", ""S010-MED-01"", ""S010-WAT-01"", ""S013-MED-01"", ""S013-WAT-01""]","[""S001"", ""S013"", ""S010""]",570.0,2760.243363596259,5.071440438133765,0.3660699452332794,2206.8484519945614,1346.3058419267281,"{""S001-FOD-03"": 1236.2695386645796, ""S001-MED-01"": 1236.2695386645796, ""S001-MED-02"": 1236.2695386645796, ""S001-WAT-01"": 1236.2695386645796, ""S001-WAT-02"": 1236.2695386645796, ""S013-MED-01"": 1772.59931724795, ""S013-WAT-01"": 1772.59931724795, ""S010-MED-01"": 2253.694158073272, ""S010-WAT-01"": 2253.694158073272}"
K328249e33c0ea1f1,C,"[""S003-MED-01"", ""S003-WAT-01"", ""S003-WAT-04"", ""S006-HYG-01"", ""S006-MED-01"", ""S006-WAT-01"", ""S007-MED-01"", ""S007-WAT-01""]","[""S006"", ""S003"", ""S007""]",540.0,3124.5280653291543,6.386023636025624,0.201747045496797,2562.8814014236063,1035.2951633358625,"{""S006-HYG-01"": 1161.4219339808324, ""S006-MED-01"": 1161.4219339808324, ""S006-WAT-01"": 1161.4219339808324, ""S003-MED-01"": 2070.441321739172, ""S003-WAT-01"": 2070.441321739172, ""S003-WAT-04"": 2070.441321739172, ""S007-MED-01"": 2564.7048366641375, ""S007-WAT-01"": 2564.7048366641375}"
K328ce0465b705c27,B,"[""S008-HYG-01""]","[""S008""]",330.0,1841.8314356603312,2.4452866331817753,0.3886783417045562,1726.2908743787693,,"{""S008-HYG-01"": 1171.1423844968322}"
K330b07d6646d154e,C,"[""S001-MED-01"", ""S001-MED-02"", ""S001-WAT-01"", ""S001-WAT-02"", ""S001-WAT-04"", ""S013-MED-01"", ""S013-WAT-01""]","[""S013"", ""S001""]",510.0,2190.6157837540723,4.767036500834545,0.4041204373956818,2124.4057189760224,1721.2837549105072,"{""S013-MED-01"": 1217.6164665061224, ""S013-WAT-01"": 1217.6164665061224, ""S001-MED-01"": 1878.7162450894928, ""S001-MED-02"": 1878.7162450894928, ""S001-WAT-01"": 1878.7162450894928, ""S001-WAT-02"": 1878.7162450894928, ""S001-WAT-04"": 1878.7162450894928}"
K3357adc9d15c81d6,C,"[""S001-WAT-05""]","[""S001""]",330.0,1164.1690773291593,1.9876500839774989,0.7515437395028126,1371.6552310772393,,"{""S001-WAT-05"": 852.2695386645796}"
K343ea0e591d18cce,C,"[""S009-FOD-01"", ""S009-MED-01"", ""S012-FOD-01"", ""S012-MED-01"", ""S012-WAT-01"", ""S013-FOD-01"", ""S013-MED-01""]","[""S013"", ""S012"", ""S009""]",510.0,2844.744985029804,5.910319678046228,0.26121004024422145,2434.044912804187,1791.7418107089807,"{""S013-FOD-01"": 1217.6164665061224, ""S013-MED-01"": 1217.6164665061224, ""S012-FOD-01"": 1808.2581892910193, ""S012-MED-01"": 1808.2581892910193, ""S012-WAT-01"": 1808.2581892910193, ""S009-FOD-01"": 2356.345966426504, ""S009-MED-01"": 2356.345966426504}"
K34a83f0e0d290118,C,"[""S001-HYG-01"", ""S001-MED-01"", ""S001-MED-02"", ""S001-WAT-01"", ""S001-WAT-02"", ""S010-MED-01"", ""S010-WAT-01"", ""S013-MED-01"", ""S013-WAT-01""]","[""S010"", ""S013"", ""S001""]",570.0,2760.2433635962584,5.770146876331417,0.2787316404585729,2396.0814456730923,1151.6561750683213,"{""S010-MED-01"": 1306.159205522987, ""S010-WAT-01"": 1306.159205522987, ""S013-MED-01"": 1787.2440463483085, ""S013-WAT-01"": 1787.2440463483085, ""S001-HYG-01"": 2448.3438249316787, ""S001-MED-01"": 2448.3438249316787, ""S001-MED-02"": 2448.3438249316787, ""S001-WAT-01"": 2448.3438249316787, ""S001-WAT-02"": 2448.3438249316787}"
K3530b7c643c299af,C,"[""S001-FOD-01"", ""S001-FOD-02"", ""S001-FOD-03"", ""S001-MED-01"", ""S001-MED-02"", ""S001-WAT-01"", ""S001-WAT-06""]","[""S001""]",510.0,1560.1690773291593,2.4411673154656004,0.6948540855668,1494.4828146052669,2351.7304613354204,"{""S001-FOD-01"": 1248.2695386645796, ""S001-FOD-02"": 1248.2695386645796, ""S001-FOD-03"": 1248.2695386645796, ""S001-MED-01"": 1248.2695386645796, ""S001-MED-02"": 1248.2695386645796, ""S001-WAT-01"": 1248.2695386645796, ""S001-WAT-06"": 1248.2695386645796}"
K35934df1e72497fb,C,"[""S002-MED-01"", ""S002-WAT-01"", ""S004-MED-01"", ""S004-WAT-02""]","[""S002"", ""S004""]",420.0,2501.084768007506,5.938016702869495,0.2577479121413131,2441.5461903604883,2316.6838075923697,"{""S002-MED-01"": 1283.3161924076303, ""S002-WAT-01"": 1283.3161924076303, ""S004-MED-01"": 1783.5264217659058, ""S004-WAT-02"": 1783.5264217659058}"
K35c7b3e302c7ade7,A,"[""S001-WAT-03""]","[""S001""]",330.0,1190.8995020773023,1.2195257371607946,0.7289942806309345,852.3074351797851,,"{""S001-WAT-03"": 848.5730843719844}"
K35eb2ec32705d685,C,"[""S004-FOD-01"", ""S004-HYG-01"", ""S004-MED-01"", ""S004-WAT-01"", ""S004-WAT-02"", ""S004-WAT-03"", ""S005-MED-01""]","[""S004"", ""S005""]",510.0,2647.7406336996287,6.39043134122922,0.20119608234634745,2564.0751549162474,5586.5016537584,"{""S004-FOD-01"": 1613.4983462416003, ""S004-HYG-01"": 1613.4983462416003, ""S004-MED-01"": 1613.4983462416003, ""S004-WAT-01"": 1613.4983462416003, ""S004-WAT-02"": 1613.4983462416003, ""S004-WAT-03"": 1613.4983462416003, ""S005-MED-01"": 2143.7803714367383}"
K368e30fbdcadf3cb,A,"[""S003-WAT-02""]","[""S003""]",330.0,2202.629278762021,2.9315124769532916,0.3485527828992685,1346.8813822309507,,"{""S003-WAT-02"": 1349.2879727143438}"
K369b9dcc409cc9cb,C,"[""S009-MED-01"", ""S012-FOD-01"", ""S012-MED-01"", ""S012-WAT-01"", ""S013-FOD-01"", ""S013-MED-01""]","[""S009"", ""S012"", ""S013""]",480.0,2778.744985029805,5.818226455848213,0.2727216930189734,2409.102998458891,1299.271481476318,"{""S009-MED-01"": 1174.1690186032997, ""S012-FOD-01"": 1753.2767957387846, ""S012-MED-01"": 1753.2767957387846, ""S012-WAT-01"": 1753.2767957387846, ""S013-FOD-01"": 2300.728518523682, ""S013-MED-01"": 2300.728518523682}"
K371d37de4d3a314d,C,"[""S001-FOD-01"", ""S001-FOD-02"", ""S001-FOD-03"", ""S001-MED-01"", ""S001-MED-02"", ""S005-FOD-01"", ""S005-MED-01"", ""S011-FOD-01"", ""S011-MED-01"", ""S011-WAT-01""]","[""S005"", ""S011"", ""S001""]",600.0,2853.5699643275384,5.9565799582382875,0.25542750522021407,2446.573738689536,1058.3295743370413,"{""S005-FOD-01"": 1349.2302622628904, ""S005-MED-01"": 1349.2302622628904, ""S011-FOD-01"": 1952.8218103264787, ""S011-MED-01"": 1952.8218103264787, ""S011-WAT-01"": 1952.8218103264787, ""S001-FOD-01"": 2541.6704256629587, ""S001-FOD-02"": 2541.6704256629587, ""S001-FOD-03"": 2541.6704256629587, ""S001-MED-01"": 2541.6704256629587, ""S001-MED-02"": 2541.6704256629587}"
K37486103c72a446e,C,"[""S001-FOD-01"", ""S001-FOD-02"", ""S001-FOD-03"", ""S001-HYG-01"", ""S001-MED-01"", ""S001-MED-02"", ""S001-WAT-01"", ""S001-WAT-02""]","[""S001""]",540.0,1626.1690773291593,2.565578385924292,0.6793027017594635,1528.1774795211625,2285.7304613354204,"{""S001-FOD-01"": 1314.2695386645796, ""S001-FOD-02"": 1314.2695386645796, ""S001-FOD-03"": 1314.2695386645796, ""S001-HYG-01"": 1314.2695386645796, ""S001-MED-01"": 1314.2695386645796, ""S001-MED-02"": 1314.2695386645796, ""S001-WAT-01"": 1314.2695386645796, ""S001-WAT-02"": 1314.2695386645796}"
K37bfc14a125adedd,A,"[""S005-MED-01"", ""S008-MED-01"", ""S008-WAT-02""]","[""S008"", ""S005""]",390.0,2493.1562941072093,3.344253338667273,0.25683259140727266,1466.1176311705456,5804.207063629448,"{""S008-MED-01"": 1395.792936370552, ""S008-WAT-02"": 1395.792936370552, ""S005-MED-01"": 1929.8177310084138}"
K37c1300c96def4f2,B,"[""S008-FOD-01"", ""S008-MED-01"", ""S008-WAT-01""]","[""S008""]",390.0,1961.8314356603312,2.975216526368167,0.25619586840795827,1955.9271614262054,5908.857615503168,"{""S008-FOD-01"": 1291.1423844968324, ""S008-MED-01"": 1291.1423844968324, ""S008-WAT-01"": 1291.1423844968324}"
K37c746114078d20e,C,"[""S001-FOD-01"", ""S001-FOD-02"", ""S001-FOD-03"", ""S001-MED-01"", ""S001-MED-02"", ""S001-WAT-01"", ""S011-FOD-01"", ""S011-MED-01"", ""S011-WAT-01""]","[""S011"", ""S001""]",570.0,2090.648682680487,3.5266300391954397,0.55917124510057,1788.4623022820983,1821.2508559840926,"{""S011-FOD-01"": 1153.9005286794275, ""S011-MED-01"": 1153.9005286794275, ""S011-WAT-01"": 1153.9005286794275, ""S001-FOD-01"": 1778.7491440159074, ""S001-FOD-02"": 1778.7491440159074, ""S001-FOD-03"": 1778.7491440159074, ""S001-MED-01"": 1778.7491440159074, ""S001-MED-02"": 1778.7491440159074, ""S001-WAT-01"": 1778.7491440159074}"
K37ced25017bc4e42,C,"[""S002-FOD-01"", ""S002-FOD-02"", ""S002-MED-01"", ""S002-WAT-03""]","[""S002""]",420.0,1975.8123848152607,5.03450444596961,0.3706869442537988,2196.8449541167697,2244.6838075923697,"{""S002-FOD-01"": 1355.3161924076303, ""S002-FOD-02"": 1355.3161924076303, ""S002-MED-01"": 1355.3161924076303, ""S002-WAT-03"": 1355.3161924076303}"
K38068fce104a86fb,C,"[""S006-MED-01"", ""S006-WAT-01"", ""S006-WAT-02"", ""S007-FOD-01"", ""S007-HYG-01"", ""S007-MED-01"", ""S007-WAT-01"", ""S007-WAT-02""]","[""S006"", ""S007""]",540.0,2479.5631413430933,4.643450204639478,0.4195687244200652,2090.934430423192,1680.260087321924,"{""S006-MED-01"": 1161.4219339808324, ""S006-WAT-01"": 1161.4219339808324, ""S006-WAT-02"": 1161.4219339808324, ""S007-FOD-01"": 1919.739912678076, ""S007-HYG-01"": 1919.739912678076, ""S007-MED-01"": 1919.739912678076, ""S007-WAT-01"": 1919.739912678076, ""S007-WAT-02"": 1919.739912678076}"
K3818f89eaacb0307,C,"[""S008-WAT-01""]","[""S008""]",330.0,1935.7012130854614,5.1785754490249065,0.3526780688718867,2235.8641841109124,5966.30939345727,"{""S008-WAT-01"": 1233.6906065427306}"
K387129bb5e6c964b,B,"[""S010-MED-01""]","[""S010""]",330.0,1435.3795658311299,1.4763134596301828,0.6309216350924542,1306.4024991730791,2634.7735504177685,"{""S010-MED-01"": 965.2264495822316}"
K38860ea4bab0c58b,B,"[""S001-MED-02""]","[""S001""]",330.0,1089.100207293352,0.9378770744788305,0.7655307313802924,1073.0800656074932,2802.3265630199908,"{""S001-MED-02"": 797.6734369800093}"
K38d075705c94f7b4,C,"[""S006-FOD-01"", ""S006-HYG-01"", ""S006-MED-01"", ""S006-WAT-01"", ""S006-WAT-02"", ""S006-WAT-03"", ""S007-MED-01"", ""S007-WAT-01"", ""S011-MED-01""]","[""S006"", ""S011"", ""S007""]",570.0,3008.113799839396,5.800874296963957,0.2748907128795054,2404.403455427738,1151.7094288256208,"{""S006-FOD-01"": 1299.4219339808324, ""S006-HYG-01"": 1299.4219339808324, ""S006-MED-01"": 1299.4219339808324, ""S006-WAT-01"": 1299.4219339808324, ""S006-WAT-02"": 1299.4219339808324, ""S006-WAT-03"": 1299.4219339808324, ""S011-MED-01"": 1871.1875208006832, ""S007-MED-01"": 2448.2905711743792, ""S007-WAT-01"": 2448.2905711743792}"
K39298162f1da2289,B,"[""S007-HYG-01""]","[""S007""]",330.0,1516.2753989804246,1.4648566429879009,0.6337858392530248,1301.4378786280904,,"{""S007-HYG-01"": 1005.7776994902123}"
K39342496201696cb,B,"[""S001-WAT-06""]","[""S001""]",330.0,1089.100207293352,1.0069748039987942,0.7482562990003014,1103.022415066144,,"{""S001-WAT-06"": 797.6734369800093}"
K397de6d021a6cf4f,C,"[""S001-MED-01"", ""S001-MED-02"", ""S001-WAT-01"", ""S002-MED-01"", ""S002-WAT-01"", ""S005-HYG-01"", ""S005-MED-01""]","[""S005"", ""S002"", ""S001""]",510.0,2910.441907937763,6.016011918104004,0.24799851023699948,2462.669894486501,1001.4576307268167,"{""S005-HYG-01"": 1259.2302622628904, ""S005-MED-01"": 1259.2302622628904, ""S002-MED-01"": 1921.3155083869037, ""S002-WAT-01"": 1921.3155083869037, ""S001-MED-01"": 2598.5423692731833, ""S001-MED-02"": 2598.5423692731833, ""S001-WAT-01"": 2598.5423692731833}"
K39b55fab64079f81,C,"[""S010-FOD-01"", ""S010-MED-01"", ""S010-WAT-01"", ""S013-MED-01"", ""S013-WAT-01"", ""S014-FOD-01"", ""S014-MED-01"", ""S014-WAT-01""]","[""S014"", ""S013"", ""S010""]",540.0,3143.3011357276355,6.384617719159968,0.20192278510500405,2562.500632272491,963.2480697953511,"{""S014-FOD-01"": 1495.479439473324, ""S014-MED-01"": 1495.479439473324, ""S014-WAT-01"": 1495.479439473324, ""S013-MED-01"": 2119.6570893793278, ""S013-WAT-01"": 2119.6570893793278, ""S010-FOD-01"": 2636.751930204649, ""S010-MED-01"": 2636.751930204649, ""S010-WAT-01"": 2636.751930204649}"
K39b6e2ae61060299,C,"[""S001-MED-01"", ""S001-MED-02"", ""S001-WAT-01"", ""S001-WAT-06"", ""S010-MED-01"", ""S010-WAT-01"", ""S013-MED-01"", ""S013-WAT-01""]","[""S010"", ""S013"", ""S001""]",540.0,2694.2433635962584,5.3837819871346495,0.3270272516081688,2291.4409548489675,1217.6561750683213,"{""S010-MED-01"": 1276.159205522987, ""S010-WAT-01"": 1276.159205522987, ""S013-MED-01"": 1757.2440463483085, ""S013-WAT-01"": 1757.2440463483085, ""S001-MED-01"": 2382.3438249316787, ""S001-MED-02"": 2382.3438249316787, ""S001-WAT-01"": 2382.3438249316787, ""S001-WAT-06"": 2382.3438249316787}"
K3a378f130ed327a3,C,"[""S001-FOD-01"", ""S001-HYG-01"", ""S001-MED-01"", ""S001-MED-02"", ""S001-WAT-01"", ""S001-WAT-02"", ""S001-WAT-03"", ""S013-MED-01"", ""S013-WAT-01""]","[""S001"", ""S013""]",570.0,2322.6157837540727,4.584623578989929,0.42692205262625893,2075.0022193097725,1755.40068275205,"{""S001-FOD-01"": 1308.2695386645796, ""S001-HYG-01"": 1308.2695386645796, ""S001-MED-01"": 1308.2695386645796, ""S001-MED-02"": 1308.2695386645796, ""S001-WAT-01"": 1308.2695386645796, ""S001-WAT-02"": 1308.2695386645796, ""S001-WAT-03"": 1308.2695386645796, ""S013-MED-01"": 1844.59931724795, ""S013-WAT-01"": 1844.59931724795}"
K3a675bd37857746c,C,"[""S001-MED-01"", ""S001-MED-02"", ""S001-WAT-01"", ""S005-FOD-01"", ""S005-MED-01"", ""S005-WAT-01"", ""S005-WAT-02""]","[""S005"", ""S001""]",510.0,2240.8566861927434,4.533039824571936,0.43337002192850804,2061.031619154899,1671.0428524718363,"{""S005-FOD-01"": 1331.2302622628904, ""S005-MED-01"": 1331.2302622628904, ""S005-WAT-01"": 1331.2302622628904, ""S005-WAT-02"": 1331.2302622628904, ""S001-MED-01"": 1928.9571475281637, ""S001-MED-02"": 1928.9571475281637, ""S001-WAT-01"": 1928.9571475281637}"
K3acfdea09ef922df,C,"[""S002-FOD-01"", ""S002-MED-01"", ""S002-WAT-01"", ""S002-WAT-03"", ""S012-MED-01""]","[""S002"", ""S012""]",450.0,2634.6286632412807,6.254672142212842,0.21816598222339478,2527.307038515978,1654.2716779429866,"{""S002-FOD-01"": 1385.3161924076305, ""S002-MED-01"": 1385.3161924076305, ""S002-WAT-01"": 1385.3161924076305, ""S002-WAT-03"": 1385.3161924076305, ""S012-MED-01"": 1945.7283220570134}"
K3b7742096a50a42d,C,"[""S001-FOD-01"", ""S001-FOD-02"", ""S001-FOD-03"", ""S001-HYG-01"", ""S001-HYG-02"", ""S001-MED-01"", ""S001-MED-02"", ""S001-WAT-01"", ""S001-WAT-03"", ""S011-MED-01""]","[""S001"", ""S011""]",600.0,2156.648682680487,3.488180282396595,0.5639774647004256,1778.0488264824112,2189.7304613354204,"{""S001-FOD-01"": 1410.2695386645796, ""S001-FOD-02"": 1410.2695386645796, ""S001-FOD-03"": 1410.2695386645796, ""S001-HYG-01"": 1410.2695386645796, ""S001-HYG-02"": 1410.2695386645796, ""S001-MED-01"": 1410.2695386645796, ""S001-MED-02"": 1410.2695386645796, ""S001-WAT-01"": 1410.2695386645796, ""S001-WAT-03"": 1410.2695386645796, ""S011-MED-01"": 1852.3081540010596}"
K3ba4734ae0ab1042,A,"[""S002-MED-01""]","[""S002""]",330.0,1943.7379819346033,2.7530326579809983,0.38821496489311147,1295.320545638955,2376.1910090326983,"{""S002-MED-01"": 1223.8089909673017}"
K3cac41f63f677bc8,C,"[""S001-MED-02""]","[""S001""]",330.0,1164.1690773291593,1.9467253105684108,0.7566593361789486,1360.5714382789447,2747.7304613354204,"{""S001-MED-02"": 852.2695386645796}"
K3cd7428241b5cea7,B,"[""S001-MED-01"", ""S002-MED-01"", ""S002-WAT-04"", ""S012-MED-01""]","[""S001"", ""S002"", ""S012""]",420.0,2616.4620869372434,3.0956468699984,0.22608828250040003,2008.113643665973,1634.978088434849,"{""S001-MED-01"": 887.6734369800093, ""S002-MED-01"": 1466.0261574447395, ""S002-WAT-04"": 1466.0261574447395, ""S012-MED-01"": 1965.021911565151}"
K3cdbabc671554db6,B,"[""S014-FOD-01"", ""S014-MED-01"", ""S014-WAT-01""]","[""S014""]",390.0,1869.7564163815439,2.1403884821074026,0.46490287947314934,1594.168342246541,2357.5651251425616,"{""S014-FOD-01"": 1242.4348748574387, ""S014-MED-01"": 1242.4348748574387, ""S014-WAT-01"": 1242.4348748574387}"
K3ce9601d8dd4b0f2,C,"[""S002-FOD-01"", ""S002-MED-01"", ""S002-WAT-04""]","[""S002""]",390.0,1909.8123848152607,4.886352576868622,0.3892059278914223,2156.720489568585,2310.6838075923697,"{""S002-FOD-01"": 1289.3161924076303, ""S002-MED-01"": 1289.3161924076303, ""S002-WAT-04"": 1289.3161924076303}"
K3d12726136d0929d,B,"[""S005-WAT-01""]","[""S005""]",330.0,1456.1702283018226,1.7198628869104358,0.5700342782723911,1411.9405843278555,9819.158219182422,"{""S005-WAT-01"": 980.8417808175781}"
K3dc2ae90340340bb,B,"[""S004-WAT-03""]","[""S004""]",330.0,1861.643637063279,2.5012980451123363,0.3746754887219159,1750.5624862153456,,"{""S004-WAT-03"": 1182.468485198306}"
K3dc863c020c3cb28,C,"[""S007-MED-01"", ""S007-WAT-01"", ""S008-FOD-01"", ""S008-HYG-01"", ""S008-MED-01""]","[""S007"", ""S008""]",450.0,2940.068232085353,6.3254009310496855,0.20932488361878931,2546.4627521592897,2360.256771334983,"{""S007-MED-01"": 1239.7432286650169, ""S007-WAT-01"": 1239.7432286650169, ""S008-FOD-01"": 2238.057625542622, ""S008-HYG-01"": 2238.057625542622, ""S008-MED-01"": 2238.057625542622}"
K3ddcbc5485477f41,C,"[""S001-HYG-01"", ""S001-HYG-02"", ""S001-MED-01"", ""S001-MED-02"", ""S001-WAT-01"", ""S001-WAT-02"", ""S010-MED-01"", ""S010-WAT-01"", ""S013-MED-01"", ""S013-WAT-01""]","[""S001"", ""S013"", ""S010""]",600.0,2826.243363596258,5.235555081399049,0.3455556148251189,2251.2961678789093,1280.3058419267286,"{""S001-HYG-01"": 1302.2695386645796, ""S001-HYG-02"": 1302.2695386645796, ""S001-MED-01"": 1302.2695386645796, ""S001-MED-02"": 1302.2695386645796, ""S001-WAT-01"": 1302.2695386645796, ""S001-WAT-02"": 1302.2695386645796, ""S013-MED-01"": 1838.59931724795, ""S013-WAT-01"": 1838.59931724795, ""S010-MED-01"": 2319.6941580732714, ""S010-WAT-01"": 2319.6941580732714}"
K3def3e5b2360a1b0,B,"[""S008-WAT-01""]","[""S008""]",330.0,1841.8314356603312,2.5893460140168454,0.35266349649578865,1788.7166060739664,6028.857615503168,"{""S008-WAT-01"": 1171.1423844968322}"
K3e24567b2241a105,A,"[""S007-FOD-01""]","[""S007""]",330.0,1667.4240845409602,1.8198151879106907,0.5955966249087354,1025.724387618644,,"{""S007-FOD-01"": 1081.35204227048}"
K3e7eee48a5ea04d6,C,"[""S010-FOD-01"", ""S010-MED-01"", ""S010-WAT-01"", ""S013-FOD-01"", ""S013-MED-01"", ""S014-FOD-01"", ""S014-MED-01"", ""S014-WAT-01""]","[""S013"", ""S010"", ""S014""]",540.0,3027.0673716597903,5.5011764881419465,0.3123529389822567,2323.235298871777,1262.7420678135336,"{""S013-FOD-01"": 1247.6164665061224, ""S013-MED-01"": 1247.6164665061224, ""S010-FOD-01"": 1764.711307331444, ""S010-MED-01"": 1764.711307331444, ""S010-WAT-01"": 1764.711307331444, ""S014-FOD-01"": 2337.2579321864664, ""S014-MED-01"": 2337.2579321864664, ""S014-WAT-01"": 2337.2579321864664}"
K3e999c22caec60bd,C,"[""S001-MED-01"", ""S001-MED-02"", ""S001-WAT-01"", ""S001-WAT-02"", ""S001-WAT-03"", ""S001-WAT-05"", ""S013-MED-01"", ""S013-WAT-01""]","[""S001"", ""S013""]",540.0,2256.6157837540727,4.584623578989929,0.42692205262625893,2075.0022193097725,1821.40068275205,"{""S001-MED-01"": 1242.2695386645796, ""S001-MED-02"": 1242.2695386645796, ""S001-WAT-01"": 1242.2695386645796, ""S001-WAT-02"": 1242.2695386645796, ""S001-WAT-03"": 1242.2695386645796, ""S001-WAT-05"": 1242.2695386645796, ""S013-MED-01"": 1778.59931724795, ""S013-WAT-01"": 1778.59931724795}"
K3f185172bba2a417,C,"[""S003-FOD-02"", ""S003-MED-01"", ""S003-WAT-01"", ""S006-MED-01"", ""S006-WAT-01"", ""S007-MED-01"", ""S007-WAT-01""]","[""S007"", ""S003"", ""S006""]",510.0,3058.5280653291543,6.0490507218707155,0.24386865976616057,2471.6179038399855,893.6038686516781,"{""S007-MED-01"": 1299.7432286650169, ""S007-WAT-01"": 1299.7432286650169, ""S003-FOD-02"": 1831.0067435899823, ""S003-MED-01"": 1831.0067435899823, ""S003-WAT-01"": 1831.0067435899823, ""S006-MED-01"": 2706.396131348322, ""S006-WAT-01"": 2706.396131348322}"
K3f2d3ea6501f9795,C,"[""S002-HYG-01""]","[""S002""]",330.0,1777.8123848152607,4.662041734784705,0.4172447831519118,2095.969636504191,,"{""S002-HYG-01"": 1157.3161924076303}"
K3f95e25fb0742512,C,"[""S002-FOD-01"", ""S002-MED-01"", ""S002-WAT-01"", ""S002-WAT-04"", ""S012-MED-01""]","[""S002"", ""S012""]",450.0,2634.6286632412807,6.254672142212842,0.21816598222339478,2527.307038515978,1654.2716779429866,"{""S002-FOD-01"": 1385.3161924076305, ""S002-MED-01"": 1385.3161924076305, ""S002-WAT-01"": 1385.3161924076305, ""S002-WAT-04"": 1385.3161924076305, ""S012-MED-01"": 1945.7283220570134}"
K3fbac8804fa74e8f,C,"[""S001-MED-01"", ""S001-MED-02"", ""S001-WAT-01"", ""S002-MED-01"", ""S002-WAT-01"", ""S004-MED-01"", ""S004-WAT-02""]","[""S001"", ""S004"", ""S002""]",510.0,2986.517823328535,6.347316983953155,0.20658537700585566,2552.398349820646,1233.9783690790955,"{""S001-MED-01"": 1104.2695386645796, ""S001-MED-02"": 1104.2695386645796, ""S001-WAT-01"": 1104.2695386645796, ""S004-MED-01"": 1864.9314015626292, ""S004-WAT-02"": 1864.9314015626292, ""S002-MED-01"": 2366.0216309209045, ""S002-WAT-01"": 2366.0216309209045}"
K3ffac088ad0d1a07,B,"[""S003-MED-01""]","[""S003""]",330.0,1960.5233035434708,2.2561053195766565,0.4359736701058359,1644.3123051498847,5971.7650148949315,"{""S003-MED-01"": 1228.2349851050687}"
K400e837cf3183faa,C,"[""S001-MED-01"", ""S001-MED-02"", ""S001-WAT-01"", ""S001-WAT-07"", ""S010-MED-01"", ""S010-WAT-01"", ""S013-MED-01"", ""S013-WAT-01""]","[""S010"", ""S013"", ""S001""]",540.0,2694.2433635962584,5.3837819871346495,0.3270272516081688,2291.4409548489675,1217.6561750683213,"{""S010-MED-01"": 1276.159205522987, ""S010-WAT-01"": 1276.159205522987, ""S013-MED-01"": 1757.2440463483085, ""S013-WAT-01"": 1757.2440463483085, ""S001-MED-01"": 2382.3438249316787, ""S001-MED-02"": 2382.3438249316787, ""S001-WAT-01"": 2382.3438249316787, ""S001-WAT-07"": 2382.3438249316787}"
K4018f43dbb63a2f5,C,"[""S001-FOD-01"", ""S001-FOD-02"", ""S001-MED-01"", ""S001-MED-02"", ""S001-WAT-01"", ""S001-WAT-05""]","[""S001""]",480.0,1494.1690773291593,2.309532357648675,0.7113084552939156,1458.8316801965161,2417.7304613354204,"{""S001-FOD-01"": 1182.2695386645796, ""S001-FOD-02"": 1182.2695386645796, ""S001-MED-01"": 1182.2695386645796, ""S001-MED-02"": 1182.2695386645796, ""S001-WAT-01"": 1182.2695386645796, ""S001-WAT-05"": 1182.2695386645796}"
K402360239976e579,C,"[""S004-FOD-01"", ""S004-HYG-01"", ""S004-MED-01"", ""S004-WAT-01"", ""S004-WAT-02"", ""S004-WAT-03""]","[""S004""]",480.0,2301.0566924832005,6.152932018907209,0.23088349763659888,2499.7524217873693,5616.5016537584,"{""S004-FOD-01"": 1583.4983462416003, ""S004-HYG-01"": 1583.4983462416003, ""S004-MED-01"": 1583.4983462416003, ""S004-WAT-01"": 1583.4983462416003, ""S004-WAT-02"": 1583.4983462416003, ""S004-WAT-03"": 1583.4983462416003}"
K405250444547222f,C,"[""S005-MED-01"", ""S008-FOD-01"", ""S008-HYG-01"", ""S008-MED-01"", ""S008-WAT-01"", ""S008-WAT-02"", ""S011-MED-01""]","[""S011"", ""S005"", ""S008""]",510.0,2936.549165724551,6.275562771087262,0.2155546536140922,2532.964917169467,4965.46144081818,"{""S011-MED-01"": 1021.9005286794275, ""S005-MED-01"": 1555.2020767430156, ""S008-FOD-01"": 2234.5385591818203, ""S008-HYG-01"": 2234.5385591818203, ""S008-MED-01"": 2234.5385591818203, ""S008-WAT-01"": 2234.5385591818203, ""S008-WAT-02"": 2234.5385591818203}"
K40fcfb9ed6f78103,C,"[""S010-MED-01"", ""S010-WAT-01"", ""S012-MED-01"", ""S012-WAT-01"", ""S013-MED-01"", ""S013-WAT-01""]","[""S010"", ""S013"", ""S012""]",480.0,2940.7861103174723,5.992091466159997,0.25098856673000036,2456.191438751666,1348.1142308667945,"{""S010-MED-01"": 1216.159205522987, ""S010-WAT-01"": 1216.159205522987, ""S013-MED-01"": 1697.2440463483085, ""S013-WAT-01"": 1697.2440463483085, ""S012-MED-01"": 2251.8857691332055, ""S012-WAT-01"": 2251.8857691332055}"
K413e692cb93cc410,C,"[""S001-MED-01"", ""S001-MED-02"", ""S001-WAT-01"", ""S001-WAT-02"", ""S001-WAT-04"", ""S013-MED-01"", ""S013-WAT-01""]","[""S001"", ""S013""]",510.0,2190.6157837540727,4.13593712616593,0.4830078592292587,1953.4829716699394,1887.40068275205,"{""S001-MED-01"": 1176.2695386645796, ""S001-MED-02"": 1176.2695386645796, ""S001-WAT-01"": 1176.2695386645796, ""S001-WAT-02"": 1176.2695386645796, ""S001-WAT-04"": 1176.2695386645796, ""S013-MED-01"": 1712.59931724795, ""S013-WAT-01"": 1712.59931724795}"
K4143e74c955ca9dc,B,"[""S003-HYG-01""]","[""S003""]",330.0,1960.5233035434708,2.2881380470015347,0.42796548824961633,1658.1931537006649,,"{""S003-HYG-01"": 1228.2349851050687}"
K4163031a776bba52,C,"[""S001-FOD-01"", ""S001-MED-01"", ""S001-MED-02"", ""S001-WAT-01"", ""S001-WAT-05"", ""S010-MED-01"", ""S010-WAT-01"", ""S013-MED-01"", ""S013-WAT-01""]","[""S013"", ""S010"", ""S001""]",570.0,2833.268837928043,6.276180015900267,0.21547749801246663,2533.1320876396553,1078.6307007365367,"{""S013-MED-01"": 1277.6164665061226, ""S013-WAT-01"": 1277.6164665061226, ""S010-MED-01"": 1758.7113073314442, ""S010-WAT-01"": 1758.7113073314442, ""S001-FOD-01"": 2521.3692992634633, ""S001-MED-01"": 2521.3692992634633, ""S001-MED-02"": 2521.3692992634633, ""S001-WAT-01"": 2521.3692992634633, ""S001-WAT-05"": 2521.3692992634633}"
K4196d658b4226221,C,"[""S001-FOD-01"", ""S001-FOD-02"", ""S001-FOD-03"", ""S001-MED-01"", ""S001-MED-02"", ""S001-WAT-03""]","[""S001""]",480.0,1494.1690773291593,2.230065907384514,0.7212417615769358,1437.309516583306,2417.7304613354204,"{""S001-FOD-01"": 1182.2695386645796, ""S001-FOD-02"": 1182.2695386645796, ""S001-FOD-03"": 1182.2695386645796, ""S001-MED-01"": 1182.2695386645796, ""S001-MED-02"": 1182.2695386645796, ""S001-WAT-03"": 1182.2695386645796}"
K41ff46b6ea654f9d,C,"[""S008-WAT-02""]","[""S008""]",330.0,1935.7012130854614,5.1785754490249065,0.3526780688718867,2235.8641841109124,,"{""S008-WAT-02"": 1233.6906065427306}"
K42f4191586834530,C,"[""S001-FOD-01"", ""S001-MED-01"", ""S001-MED-02"", ""S001-WAT-01"", ""S002-MED-01"", ""S002-WAT-01"", ""S004-MED-01"", ""S004-WAT-02""]","[""S001"", ""S002"", ""S004""]",540.0,3025.714975150735,6.370647330665202,0.20366908366684977,2558.716985388492,1792.0536004491407,"{""S001-FOD-01"": 1170.2695386645796, ""S001-MED-01"": 1170.2695386645796, ""S001-MED-02"": 1170.2695386645796, ""S001-WAT-01"": 1170.2695386645796, ""S002-MED-01"": 1807.9463995508593, ""S002-WAT-01"": 1807.9463995508593, ""S004-MED-01"": 2308.1566289091347, ""S004-WAT-02"": 2308.1566289091347}"
K4337a8febc3ceb32,C,"[""S005-MED-01"", ""S008-FOD-01"", ""S008-HYG-01"", ""S008-MED-01"", ""S008-WAT-01"", ""S008-WAT-02"", ""S011-MED-01""]","[""S008"", ""S005"", ""S011""]",510.0,2936.5491657245516,6.303956645755466,0.2120054192805667,2540.6549248921056,5642.309393457269,"{""S008-FOD-01"": 1557.6906065427308, ""S008-HYG-01"": 1557.6906065427308, ""S008-MED-01"": 1557.6906065427308, ""S008-WAT-01"": 1557.6906065427308, ""S008-WAT-02"": 1557.6906065427308, ""S005-MED-01"": 2100.6170889815357, ""S011-MED-01"": 2632.208637045124}"
K43517143a34c88f2,C,"[""S001-FOD-01"", ""S001-FOD-02"", ""S001-FOD-03"", ""S001-HYG-01"", ""S001-MED-01"", ""S001-MED-02"", ""S001-WAT-03""]","[""S001""]",510.0,1560.1690773291593,2.309532357648675,0.7113084552939156,1458.8316801965161,2351.7304613354204,"{""S001-FOD-01"": 1248.2695386645796, ""S001-FOD-02"": 1248.2695386645796, ""S001-FOD-03"": 1248.2695386645796, ""S001-HYG-01"": 1248.2695386645796, ""S001-MED-01"": 1248.2695386645796, ""S001-MED-02"": 1248.2695386645796, ""S001-WAT-03"": 1248.2695386645796}"
K437d2e028ac83c39,C,"[""S002-FOD-01"", ""S002-FOD-02"", ""S002-MED-01"", ""S002-WAT-02""]","[""S002""]",420.0,1975.8123848152607,5.03450444596961,0.3706869442537988,2196.8449541167697,2244.6838075923697,"{""S002-FOD-01"": 1355.3161924076303, ""S002-FOD-02"": 1355.3161924076303, ""S002-MED-01"": 1355.3161924076303, ""S002-WAT-02"": 1355.3161924076303}"
K43e10e1be76c4298,C,"[""S001-HYG-01"", ""S001-MED-01"", ""S001-MED-02"", ""S001-WAT-01"", ""S002-MED-01"", ""S002-WAT-01"", ""S005-FOD-01"", ""S005-MED-01"", ""S005-WAT-02""]","[""S001"", ""S002"", ""S005""]",570.0,3042.4419079377626,6.34926452256007,0.2063419346799913,2552.925808193352,1762.0536004491407,"{""S001-HYG-01"": 1200.2695386645796, ""S001-MED-01"": 1200.2695386645796, ""S001-MED-02"": 1200.2695386645796, ""S001-WAT-01"": 1200.2695386645796, ""S002-MED-01"": 1837.9463995508593, ""S002-WAT-01"": 1837.9463995508593, ""S005-FOD-01"": 2538.481645674872, ""S005-MED-01"": 2538.481645674872, ""S005-WAT-02"": 2538.481645674872}"
K44143ce905bb852b,C,"[""S005-FOD-01"", ""S005-MED-01"", ""S008-FOD-01"", ""S008-HYG-01"", ""S008-MED-01"", ""S008-WAT-01"", ""S008-WAT-02""]","[""S005"", ""S008""]",510.0,2640.577351244426,6.265835707122378,0.2167705366097028,2530.3305040123105,5261.433255298305,"{""S005-FOD-01"": 1259.2302622628904, ""S005-MED-01"": 1259.2302622628904, ""S008-FOD-01"": 1938.5667447016954, ""S008-HYG-01"": 1938.5667447016954, ""S008-MED-01"": 1938.5667447016954, ""S008-WAT-01"": 1938.5667447016954, ""S008-WAT-02"": 1938.5667447016954}"
K44b8b2cceff221bd,C,"[""S010-FOD-01"", ""S010-MED-01"", ""S010-WAT-01"", ""S013-FOD-01"", ""S013-MED-01"", ""S013-WAT-01"", ""S014-MED-01"", ""S014-WAT-01""]","[""S013"", ""S010"", ""S014""]",540.0,3027.0673716597903,5.641184760812381,0.29485190489845237,2361.1542060533534,1262.7420678135336,"{""S013-FOD-01"": 1283.6164665061224, ""S013-MED-01"": 1283.6164665061224, ""S013-WAT-01"": 1283.6164665061224, ""S010-FOD-01"": 1800.711307331444, ""S010-MED-01"": 1800.711307331444, ""S010-WAT-01"": 1800.711307331444, ""S014-MED-01"": 2337.2579321864664, ""S014-WAT-01"": 2337.2579321864664}"
K454ef8d1029edde9,C,"[""S003-FOD-01"", ""S003-FOD-02"", ""S003-MED-01"", ""S003-WAT-01"", ""S003-WAT-03""]","[""S003""]",450.0,2370.0913496046687,5.436127225018304,0.32048409687271195,2305.617790109124,5620.494325197666,"{""S003-FOD-01"": 1579.5056748023344, ""S003-FOD-02"": 1579.5056748023344, ""S003-MED-01"": 1579.5056748023344, ""S003-WAT-01"": 1579.5056748023344, ""S003-WAT-03"": 1579.5056748023344}"
K45fc1bc7b01ea20f,C,"[""S001-HYG-01"", ""S001-MED-01"", ""S001-MED-02"", ""S001-WAT-01"", ""S002-MED-01"", ""S002-WAT-01"", ""S005-FOD-01"", ""S005-MED-01"", ""S005-WAT-02""]","[""S001"", ""S005"", ""S002""]",570.0,3079.477862461497,6.393248432150081,0.2008439459812399,2564.838117040647,1141.0183299461337,"{""S001-HYG-01"": 1200.2695386645796, ""S001-MED-01"": 1200.2695386645796, ""S001-MED-02"": 1200.2695386645796, ""S001-WAT-01"": 1200.2695386645796, ""S005-FOD-01"": 1796.896423929853, ""S005-MED-01"": 1796.896423929853, ""S005-WAT-02"": 1796.896423929853, ""S002-MED-01"": 2458.9816700538663, ""S002-WAT-01"": 2458.9816700538663}"
K4624f43d396c3163,A,"[""S001-WAT-05""]","[""S001""]",330.0,1190.8995020773023,1.2195257371607946,0.7289942806309345,852.3074351797851,,"{""S001-WAT-05"": 848.5730843719844}"
K464310d9032b61cd,C,"[""S001-FOD-01"", ""S001-FOD-02"", ""S001-FOD-03"", ""S001-HYG-01"", ""S001-MED-01"", ""S001-MED-02"", ""S001-WAT-01"", ""S001-WAT-04""]","[""S001""]",540.0,1626.1690773291593,2.565578385924292,0.6793027017594635,1528.1774795211625,2285.7304613354204,"{""S001-FOD-01"": 1314.2695386645796, ""S001-FOD-02"": 1314.2695386645796, ""S001-FOD-03"": 1314.2695386645796, ""S001-HYG-01"": 1314.2695386645796, ""S001-MED-01"": 1314.2695386645796, ""S001-MED-02"": 1314.2695386645796, ""S001-WAT-01"": 1314.2695386645796, ""S001-WAT-04"": 1314.2695386645796}"
K46e549d3de575035,C,"[""S005-FOD-01"", ""S005-HYG-01"", ""S005-MED-01"", ""S005-WAT-01"", ""S005-WAT-03""]","[""S005""]",450.0,1811.1905245257808,3.8483673183871083,0.5189540852016115,1875.5994820631752,9492.76973773711,"{""S005-FOD-01"": 1307.2302622628904, ""S005-HYG-01"": 1307.2302622628904, ""S005-MED-01"": 1307.2302622628904, ""S005-WAT-01"": 1307.2302622628904, ""S005-WAT-03"": 1307.2302622628904}"
K46f2879439f4ea0e,C,"[""S003-MED-01"", ""S003-WAT-03"", ""S006-MED-01"", ""S006-WAT-01"", ""S007-MED-01"", ""S007-WAT-01""]","[""S003"", ""S007"", ""S006""]",480.0,3001.589102405376,6.182434409175514,0.2271956988530608,2507.742652485035,950.5428315754566,"{""S003-MED-01"": 1501.5056748023344, ""S003-WAT-03"": 1501.5056748023344, ""S007-MED-01"": 1995.7691897272998, ""S007-WAT-01"": 1995.7691897272998, ""S006-MED-01"": 2649.4571684245434, ""S006-WAT-01"": 2649.4571684245434}"
K47a9d03af647aec8,C,"[""S001-MED-01"", ""S002-MED-01"", ""S002-WAT-01"", ""S002-WAT-02"", ""S012-MED-01""]","[""S002"", ""S012"", ""S001""]",450.0,2938.9264117367898,6.285828073061564,0.21427149086730446,2535.74510312084,972.97312692779,"{""S002-MED-01"": 1349.3161924076305, ""S002-WAT-01"": 1349.3161924076305, ""S002-WAT-02"": 1349.3161924076305, ""S012-MED-01"": 1909.7283220570134, ""S001-MED-01"": 2627.02687307221}"
K487b99f1c1d7431b,C,"[""S010-FOD-01"", ""S010-MED-01"", ""S010-WAT-01"", ""S012-MED-01"", ""S013-FOD-01"", ""S013-MED-01"", ""S013-WAT-01""]","[""S013"", ""S012"", ""S010""]",510.0,2968.358973147595,6.15482019259297,0.23064747592587875,2500.263802160596,1138.1902323753916,"{""S013-FOD-01"": 1253.6164665061224, ""S013-MED-01"": 1253.6164665061224, ""S013-WAT-01"": 1253.6164665061224, ""S012-MED-01"": 1772.2581892910193, ""S010-FOD-01"": 2461.8097676246084, ""S010-MED-01"": 2461.8097676246084, ""S010-WAT-01"": 2461.8097676246084}"
K48be93adc3e56ea2,C,"[""S007-FOD-01""]","[""S007""]",330.0,1643.566457330034,2.9711484792481127,0.6286064400939859,1638.0193797963639,,"{""S007-FOD-01"": 1083.7432286650169}"
K4961e177650aacfc,C,"[""S012-WAT-01""]","[""S012""]",330.0,1908.5906823685345,4.767320627240121,0.4040849215949849,2124.4826698775328,2380.3096588157327,"{""S012-WAT-01"": 1219.6903411842673}"
K4969a94fe99a283e,C,"[""S004-HYG-01""]","[""S004""]",330.0,1971.0566924832005,4.896725251928488,0.387909343508939,2159.529755730632,,"{""S004-HYG-01"": 1253.4983462416003}"
K49f5105cb26229b0,A,"[""S006-WAT-03""]","[""S006""]",330.0,1253.4781941236301,1.2888815532930935,0.7135818770459792,872.343559840227,,"{""S006-WAT-03"": 875.5024303951484}"
K4a3b5862aebd223c,C,"[""S002-MED-01"", ""S002-WAT-01"", ""S004-MED-01"", ""S004-WAT-01"", ""S004-WAT-02""]","[""S002"", ""S004""]",450.0,2567.084768007506,6.379703769868861,0.20253702876639235,2561.16977100615,2286.6838075923697,"{""S002-MED-01"": 1313.3161924076305, ""S002-WAT-01"": 1313.3161924076305, ""S004-MED-01"": 1849.526421765906, ""S004-WAT-01"": 1849.526421765906, ""S004-WAT-02"": 1849.526421765906}"
K4a53cb14e5f452f8,A,"[""S003-FOD-02""]","[""S003""]",330.0,2202.629278762021,2.8511656810800847,0.3664076264266478,1323.6700856453579,,"{""S003-FOD-02"": 1349.2879727143438}"
K4a9b6894d13e1ce6,C,"[""S002-FOD-01"", ""S002-FOD-02"", ""S002-HYG-01"", ""S002-MED-01"", ""S009-FOD-01"", ""S009-MED-01"", ""S009-WAT-01""]","[""S002"", ""S009""]",510.0,2429.3430105187786,5.586264713157593,0.30171691085530083,2346.2800264801813,2154.6838075923697,"{""S002-FOD-01"": 1445.3161924076305, ""S002-FOD-02"": 1445.3161924076305, ""S002-HYG-01"": 1445.3161924076305, ""S002-MED-01"": 1445.3161924076305, ""S009-FOD-01"": 1940.9439919154786, ""S009-MED-01"": 1940.9439919154786, ""S009-WAT-01"": 1940.9439919154786}"
K4a9d27751b5260b7,C,"[""S006-FOD-01"", ""S006-MED-01"", ""S007-FOD-01"", ""S007-HYG-01"", ""S007-MED-01"", ""S007-WAT-01"", ""S007-WAT-02"", ""S015-FOD-01"", ""S015-MED-01""]","[""S015"", ""S007"", ""S006""]",570.0,3051.2684610158176,6.250724725488225,0.21865940931397188,2526.237946486394,900.8634729650148,"{""S015-FOD-01"": 1448.914861275337, ""S015-MED-01"": 1448.914861275337, ""S007-FOD-01"": 2045.4485483377414, ""S007-HYG-01"": 2045.4485483377414, ""S007-MED-01"": 2045.4485483377414, ""S007-WAT-01"": 2045.4485483377414, ""S007-WAT-02"": 2045.4485483377414, ""S006-FOD-01"": 2699.136527034985, ""S006-MED-01"": 2699.136527034985}"
K4af016e7f13feeae,C,"[""S003-WAT-04""]","[""S003""]",330.0,2106.0913496046687,4.758279991234723,0.40521500109565967,2122.0341642927374,,"{""S003-WAT-04"": 1315.5056748023344}"
K4b05a7061facdd67,B,"[""S002-WAT-01""]","[""S002""]",330.0,1696.6943000984638,2.3612623728015567,0.4096844067996108,1689.8803615473412,2499.712849950768,"{""S002-WAT-01"": 1100.287150049232}"
K4c2fee1d97a719cf,B,"[""S013-FOD-01""]","[""S013""]",330.0,1390.4723251020891,1.515633015365827,0.6210917461585432,1323.4409733251916,,"{""S013-FOD-01"": 942.7694958843779}"
K4c5517b93592914d,C,"[""S010-FOD-01"", ""S010-MED-01"", ""S013-FOD-01"", ""S013-MED-01"", ""S013-WAT-01""]","[""S013"", ""S010""]",450.0,2181.260512854431,3.867707320328625,0.5165365849589219,1880.837399255669,1925.288692668556,"{""S013-FOD-01"": 1193.6164665061224, ""S013-MED-01"": 1193.6164665061224, ""S013-WAT-01"": 1193.6164665061224, ""S010-FOD-01"": 1674.711307331444, ""S010-MED-01"": 1674.711307331444}"
K4c8e24d3d6821ea6,C,"[""S010-FOD-01""]","[""S010""]",330.0,1536.7084110459737,3.0828269735868252,0.6146466283016468,1668.265638679765,,"{""S010-FOD-01"": 1030.159205522987}"
K4cce514151557b91,A,"[""S001-MED-01""]","[""S001""]",330.0,1190.8995020773023,1.1677945810277048,0.7404900931049545,837.3628789635592,2751.4269156280156,"{""S001-MED-01"": 848.5730843719844}"
K4cf24eeccf2e656e,C,"[""S010-FOD-01"", ""S010-MED-01"", ""S010-WAT-01"", ""S013-FOD-01"", ""S013-MED-01"", ""S014-FOD-01"", ""S014-MED-01"", ""S014-WAT-01""]","[""S010"", ""S013"", ""S014""]",540.0,3143.3011357276364,5.87386197364442,0.2657672532944475,2424.1709511953636,1146.5083037456875,"{""S010-FOD-01"": 1312.159205522987, ""S010-MED-01"": 1312.159205522987, ""S010-WAT-01"": 1312.159205522987, ""S013-FOD-01"": 1793.2440463483085, ""S013-MED-01"": 1793.2440463483085, ""S014-FOD-01"": 2453.4916962543125, ""S014-MED-01"": 2453.4916962543125, ""S014-WAT-01"": 2453.4916962543125}"
K4d701c4d44543565,C,"[""S001-MED-01"", ""S001-MED-02"", ""S002-MED-01"", ""S002-WAT-01"", ""S004-WAT-02""]","[""S002"", ""S004"", ""S001""]",450.0,2854.5178233285355,6.147415954778123,0.23157300565273464,2498.258487752408,1057.3817153360442,"{""S002-MED-01"": 1313.3161924076305, ""S002-WAT-01"": 1313.3161924076305, ""S004-WAT-02"": 1777.526421765906, ""S001-MED-01"": 2542.618284663956, ""S001-MED-02"": 2542.618284663956}"
K4d8a6a93a1ddceb2,C,"[""S001-MED-01"", ""S001-MED-02"", ""S001-WAT-01"", ""S005-MED-01"", ""S005-WAT-01"", ""S005-WAT-03""]","[""S001"", ""S005""]",480.0,2174.8566861927434,4.10643438978007,0.4866957012774913,1945.4926472321024,2525.7304613354204,"{""S001-MED-01"": 1074.2695386645796, ""S001-MED-02"": 1074.2695386645796, ""S001-WAT-01"": 1074.2695386645796, ""S005-MED-01"": 1670.896423929853, ""S005-WAT-01"": 1670.896423929853, ""S005-WAT-03"": 1670.896423929853}"
K4dacd6efc2e3924f,C,"[""S002-MED-01"", ""S002-WAT-01"", ""S002-WAT-03"", ""S012-MED-01""]","[""S002"", ""S012""]",420.0,2568.6286632412807,6.061636964755033,0.24229537940562085,2475.026677954488,1720.2716779429868,"{""S002-MED-01"": 1319.3161924076303, ""S002-WAT-01"": 1319.3161924076303, ""S002-WAT-03"": 1319.3161924076303, ""S012-MED-01"": 1879.7283220570132}"
K4dbc076a8cd5f910,A,"[""S003-FOD-01""]","[""S003""]",330.0,2202.629278762021,2.8511656810800847,0.3664076264266478,1323.6700856453579,,"{""S003-FOD-01"": 1349.2879727143438}"
K4e2f1e60060021fd,C,"[""S002-FOD-01""]","[""S002""]",330.0,1777.8123848152607,4.677413450589066,0.41532331867636674,2100.132809534539,,"{""S002-FOD-01"": 1157.3161924076303}"
K4e6721927de048d4,C,"[""S001-MED-01"", ""S001-MED-02"", ""S001-WAT-01"", ""S005-HYG-01"", ""S005-MED-01"", ""S005-WAT-01""]","[""S001"", ""S005""]",480.0,2174.8566861927434,3.943405805791676,0.5070742742760406,1901.339072401912,2525.7304613354204,"{""S001-MED-01"": 1074.2695386645796, ""S001-MED-02"": 1074.2695386645796, ""S001-WAT-01"": 1074.2695386645796, ""S005-HYG-01"": 1670.896423929853, ""S005-MED-01"": 1670.896423929853, ""S005-WAT-01"": 1670.896423929853}"
K4f66c163e7683162,C,"[""S001-FOD-01"", ""S001-FOD-02"", ""S001-FOD-03"", ""S001-MED-01"", ""S001-MED-02"", ""S001-WAT-04""]","[""S001""]",480.0,1494.1690773291593,2.230065907384514,0.7212417615769358,1437.309516583306,2417.7304613354204,"{""S001-FOD-01"": 1182.2695386645796, ""S001-FOD-02"": 1182.2695386645796, ""S001-FOD-03"": 1182.2695386645796, ""S001-MED-01"": 1182.2695386645796, ""S001-MED-02"": 1182.2695386645796, ""S001-WAT-04"": 1182.2695386645796}"
K4f7604316fead550,B,"[""S002-HYG-01""]","[""S002""]",330.0,1696.6943000984638,2.230432131825934,0.44239196704351647,1633.1872571245713,,"{""S002-HYG-01"": 1100.287150049232}"
K4ffa79960eb0dc59,C,"[""S001-FOD-03"", ""S001-HYG-01"", ""S001-MED-01"", ""S001-MED-02"", ""S001-WAT-01"", ""S001-WAT-02"", ""S001-WAT-03"", ""S013-MED-01"", ""S013-WAT-01""]","[""S013"", ""S001""]",570.0,2322.6157837540727,5.703292275623303,0.2870884655470871,2377.9749913146447,1589.283754910507,"{""S013-MED-01"": 1277.6164665061226, ""S013-WAT-01"": 1277.6164665061226, ""S001-FOD-03"": 2010.716245089493, ""S001-HYG-01"": 2010.716245089493, ""S001-MED-01"": 2010.716245089493, ""S001-MED-02"": 2010.716245089493, ""S001-WAT-01"": 2010.716245089493, ""S001-WAT-02"": 2010.716245089493, ""S001-WAT-03"": 2010.716245089493}"
K5007971a48db8f75,C,"[""S001-FOD-01""]","[""S001""]",330.0,1164.1690773291593,1.96206498968244,0.754741876289695,1364.7259347056608,,"{""S001-FOD-01"": 852.2695386645796}"
K5016536c170d186e,C,"[""S002-MED-01"", ""S002-WAT-01"", ""S004-MED-01"", ""S004-WAT-03""]","[""S004"", ""S002""]",420.0,2501.084768007506,5.965308560688566,0.25433642991392924,2448.9377351864864,1719.4114244001241,"{""S004-MED-01"": 1379.4983462416003, ""S004-WAT-03"": 1379.4983462416003, ""S002-MED-01"": 1880.5885755998759, ""S002-WAT-01"": 1880.5885755998759}"
K50446c746afe089d,C,"[""S003-WAT-03""]","[""S003""]",330.0,2106.0913496046687,4.758279991234723,0.40521500109565967,2122.0341642927374,,"{""S003-WAT-03"": 1315.5056748023344}"
K504acab62fe49c13,C,"[""S010-MED-01"", ""S010-WAT-01"", ""S012-MED-01"", ""S012-WAT-01"", ""S013-FOD-01"", ""S013-MED-01"", ""S013-WAT-01""]","[""S013"", ""S012"", ""S010""]",510.0,2968.358973147595,6.304021440709063,0.21199731991136717,2540.672473525371,1138.1902323753916,"{""S013-FOD-01"": 1253.6164665061224, ""S013-MED-01"": 1253.6164665061224, ""S013-WAT-01"": 1253.6164665061224, ""S012-MED-01"": 1808.2581892910193, ""S012-WAT-01"": 1808.2581892910193, ""S010-MED-01"": 2461.8097676246084, ""S010-WAT-01"": 2461.8097676246084}"
K50c53f98e2630ae1,C,"[""S010-FOD-01"", ""S010-MED-01"", ""S010-WAT-01"", ""S013-FOD-01"", ""S013-MED-01""]","[""S010"", ""S013""]",450.0,2181.260512854431,3.8688116375479193,0.5163985453065101,1881.136485169228,1896.7559536516915,"{""S010-FOD-01"": 1222.159205522987, ""S010-MED-01"": 1222.159205522987, ""S010-WAT-01"": 1222.159205522987, ""S013-FOD-01"": 1703.2440463483085, ""S013-MED-01"": 1703.2440463483085}"
K515e46bec3c71964,A,"[""S001-FOD-02""]","[""S001""]",330.0,1190.8995020773023,1.1865861251152634,0.7363141944188303,842.7915472555206,,"{""S001-FOD-02"": 848.5730843719844}"
K51bb31f53a1963a6,C,"[""S001-FOD-01"", ""S001-FOD-02"", ""S001-FOD-03"", ""S001-HYG-01"", ""S001-MED-01"", ""S001-MED-02"", ""S001-WAT-02""]","[""S001""]",510.0,1560.1690773291593,2.309532357648675,0.7113084552939156,1458.8316801965161,2351.7304613354204,"{""S001-FOD-01"": 1248.2695386645796, ""S001-FOD-02"": 1248.2695386645796, ""S001-FOD-03"": 1248.2695386645796, ""S001-HYG-01"": 1248.2695386645796, ""S001-MED-01"": 1248.2695386645796, ""S001-MED-02"": 1248.2695386645796, ""S001-WAT-02"": 1248.2695386645796}"
K51ed76d8f99ae071,C,"[""S001-FOD-01"", ""S001-MED-01"", ""S001-MED-02"", ""S001-WAT-01"", ""S001-WAT-04"", ""S010-MED-01"", ""S010-WAT-01"", ""S013-MED-01"", ""S013-WAT-01""]","[""S001"", ""S013"", ""S010""]",570.0,2760.243363596259,5.071440438133765,0.3660699452332794,2206.8484519945614,1346.3058419267281,"{""S001-FOD-01"": 1236.2695386645796, ""S001-MED-01"": 1236.2695386645796, ""S001-MED-02"": 1236.2695386645796, ""S001-WAT-01"": 1236.2695386645796, ""S001-WAT-04"": 1236.2695386645796, ""S013-MED-01"": 1772.59931724795, ""S013-WAT-01"": 1772.59931724795, ""S010-MED-01"": 2253.694158073272, ""S010-WAT-01"": 2253.694158073272}"
K522e05be09791d4c,C,"[""S001-MED-01"", ""S002-MED-01"", ""S002-WAT-01"", ""S002-WAT-02"", ""S012-MED-01""]","[""S012"", ""S002"", ""S001""]",450.0,2895.2588703845095,6.3494038172656895,0.20632452284178882,2552.963533842791,1016.6406682800703,"{""S012-MED-01"": 1339.690341184267, ""S002-MED-01"": 1978.13247083365, ""S002-WAT-01"": 1978.13247083365, ""S002-WAT-02"": 1978.13247083365, ""S001-MED-01"": 2583.3593317199297}"
K523d32392c6cd272,C,"[""S010-FOD-01"", ""S010-MED-01"", ""S010-WAT-01"", ""S013-MED-01"", ""S013-WAT-01"", ""S014-FOD-01"", ""S014-MED-01"", ""S014-WAT-01""]","[""S013"", ""S010"", ""S014""]",540.0,3027.0673716597903,5.721906266810551,0.2847617166486811,2383.0162805945242,1262.7420678135336,"{""S013-MED-01"": 1247.6164665061224, ""S013-WAT-01"": 1247.6164665061224, ""S010-FOD-01"": 1764.711307331444, ""S010-MED-01"": 1764.711307331444, ""S010-WAT-01"": 1764.711307331444, ""S014-FOD-01"": 2337.2579321864664, ""S014-MED-01"": 2337.2579321864664, ""S014-WAT-01"": 2337.2579321864664}"
K527bca5838210ec0,C,"[""S002-FOD-01"", ""S002-FOD-02"", ""S002-MED-01"", ""S002-WAT-01"", ""S002-WAT-04""]","[""S002""]",450.0,2041.8123848152609,5.39459446330835,0.3256756920864563,2294.3693338126777,2178.6838075923697,"{""S002-FOD-01"": 1421.3161924076305, ""S002-FOD-02"": 1421.3161924076305, ""S002-MED-01"": 1421.3161924076305, ""S002-WAT-01"": 1421.3161924076305, ""S002-WAT-04"": 1421.3161924076305}"
K52b63fda42169674,C,"[""S010-FOD-01"", ""S010-MED-01"", ""S010-WAT-01"", ""S013-FOD-01"", ""S013-MED-01"", ""S014-FOD-01"", ""S014-MED-01"", ""S014-WAT-01""]","[""S014"", ""S013"", ""S010""]",540.0,3143.3011357276355,6.069031494392544,0.24137106320093205,2477.0293630646474,963.2480697953511,"{""S014-FOD-01"": 1495.479439473324, ""S014-MED-01"": 1495.479439473324, ""S014-WAT-01"": 1495.479439473324, ""S013-FOD-01"": 2119.6570893793278, ""S013-MED-01"": 2119.6570893793278, ""S010-FOD-01"": 2636.751930204649, ""S010-MED-01"": 2636.751930204649, ""S010-WAT-01"": 2636.751930204649}"
K52d6eb6d397021f9,C,"[""S002-FOD-01"", ""S002-FOD-02"", ""S002-HYG-01"", ""S002-MED-01"", ""S005-FOD-01"", ""S005-MED-01"", ""S009-FOD-01"", ""S009-MED-01"", ""S009-WAT-01""]","[""S009"", ""S002"", ""S005""]",570.0,3037.342326498051,6.308121152371292,0.21148485595358846,2541.7828121005587,1731.1531818888523,"{""S009-FOD-01"": 1336.1690186032997, ""S009-MED-01"": 1336.1690186032997, ""S009-WAT-01"": 1336.1690186032997, ""S002-FOD-01"": 1868.8468181111477, ""S002-FOD-02"": 1868.8468181111477, ""S002-HYG-01"": 1868.8468181111477, ""S002-MED-01"": 1868.8468181111477, ""S005-FOD-01"": 2533.3820642351607, ""S005-MED-01"": 2533.3820642351607}"
K52efb09e27c88528,A,"[""S001-WAT-07""]","[""S001""]",330.0,1190.8995020773023,1.2195257371607946,0.7289942806309345,852.3074351797851,,"{""S001-WAT-07"": 848.5730843719844}"
K5369abe969e90537,C,"[""S001-FOD-01"", ""S001-FOD-02"", ""S001-FOD-03"", ""S001-MED-01"", ""S001-MED-02"", ""S005-MED-01"", ""S011-FOD-01"", ""S011-MED-01"", ""S011-WAT-01""]","[""S011"", ""S005"", ""S001""]",570.0,2668.828500672869,4.4711035430896775,0.4411120571137903,2044.257209586788,1243.071037991711,"{""S011-FOD-01"": 1153.9005286794275, ""S011-MED-01"": 1153.9005286794275, ""S011-WAT-01"": 1153.9005286794275, ""S005-MED-01"": 1687.2020767430156, ""S001-FOD-01"": 2356.928962008289, ""S001-FOD-02"": 2356.928962008289, ""S001-FOD-03"": 2356.928962008289, ""S001-MED-01"": 2356.928962008289, ""S001-MED-02"": 2356.928962008289}"
K53986c17e37b5666,A,"[""S008-WAT-02""]","[""S008""]",330.0,2111.132539407771,3.1464665897671082,0.300785202273976,1408.9792370438313,,"{""S008-WAT-02"": 1305.792936370552}"
K53ac4173f6ce4bd5,C,"[""S001-MED-01"", ""S002-FOD-01"", ""S002-FOD-02"", ""S002-HYG-01"", ""S002-MED-01"", ""S002-WAT-01"", ""S009-FOD-01"", ""S009-MED-01"", ""S009-WAT-01""]","[""S001"", ""S009"", ""S002""]",570.0,2821.496136622616,6.052015901200188,0.24349801234997648,2472.4209732417175,1399.0000557850144,"{""S001-MED-01"": 1092.2695386645796, ""S009-FOD-01"": 1632.3221447071376, ""S009-MED-01"": 1632.3221447071376, ""S009-WAT-01"": 1632.3221447071376, ""S002-FOD-01"": 2200.9999442149856, ""S002-FOD-02"": 2200.9999442149856, ""S002-HYG-01"": 2200.9999442149856, ""S002-MED-01"": 2200.9999442149856, ""S002-WAT-01"": 2200.9999442149856}"
K53ecbdb2125b24a5,C,"[""S003-FOD-02"", ""S003-MED-01"", ""S003-WAT-01"", ""S006-MED-01"", ""S006-WAT-01"", ""S007-MED-01"", ""S007-WAT-01""]","[""S006"", ""S007"", ""S003""]",510.0,3067.589102405376,5.935913651313028,0.25801079358587153,2440.976613897278,1854.260087321924,"{""S006-MED-01"": 1095.4219339808324, ""S006-WAT-01"": 1095.4219339808324, ""S007-MED-01"": 1745.739912678076, ""S007-WAT-01"": 1745.739912678076, ""S003-FOD-02"": 2277.0034276030415, ""S003-MED-01"": 2277.0034276030415, ""S003-WAT-01"": 2277.0034276030415}"
K54c8fbf771dafb58,C,"[""S001-MED-01"", ""S001-MED-02"", ""S001-WAT-01"", ""S001-WAT-02"", ""S001-WAT-03"", ""S001-WAT-08"", ""S013-MED-01"", ""S013-WAT-01""]","[""S001"", ""S013""]",540.0,2256.6157837540727,4.584623578989929,0.42692205262625893,2075.0022193097725,1821.40068275205,"{""S001-MED-01"": 1242.2695386645796, ""S001-MED-02"": 1242.2695386645796, ""S001-WAT-01"": 1242.2695386645796, ""S001-WAT-02"": 1242.2695386645796, ""S001-WAT-03"": 1242.2695386645796, ""S001-WAT-08"": 1242.2695386645796, ""S013-MED-01"": 1778.59931724795, ""S013-WAT-01"": 1778.59931724795}"
K54eb4cbdb2786ba0,C,"[""S002-MED-01"", ""S002-WAT-01"", ""S004-MED-01"", ""S004-WAT-01"", ""S004-WAT-03""]","[""S004"", ""S002""]",450.0,2567.084768007506,6.355730834716919,0.20553364566038512,2554.6771010691655,1653.4114244001241,"{""S004-MED-01"": 1445.4983462416003, ""S004-WAT-01"": 1445.4983462416003, ""S004-WAT-03"": 1445.4983462416003, ""S002-MED-01"": 1946.5885755998759, ""S002-WAT-01"": 1946.5885755998759}"
K552ec08fb93525a1,A,"[""S001-MED-02""]","[""S001""]",330.0,1190.8995020773023,1.1677945810277048,0.7404900931049545,837.3628789635592,2751.4269156280156,"{""S001-MED-02"": 848.5730843719844}"
K5547ea6c20a998ba,B,"[""S001-MED-01"", ""S001-MED-02"", ""S002-MED-01"", ""S004-WAT-02""]","[""S001"", ""S002"", ""S004""]",420.0,2555.2651714804874,3.0120836902152632,0.2469790774461842,1971.9029324266141,2133.9738425552605,"{""S001-MED-01"": 917.6734369800093, ""S001-MED-02"": 917.6734369800093, ""S002-MED-01"": 1466.0261574447395, ""S004-WAT-02"": 1876.090019615515}"
K559004b05b75d128,C,"[""S006-FOD-01"", ""S006-HYG-01"", ""S006-MED-01"", ""S006-WAT-01"", ""S006-WAT-02"", ""S006-WAT-03"", ""S007-FOD-01"", ""S007-MED-01"", ""S011-MED-01""]","[""S011"", ""S006"", ""S007""]",570.0,3033.5373228615385,6.010710681775896,0.24866116477801303,2461.2341429809717,1126.2859058034783,"{""S011-MED-01"": 1081.9005286794275, ""S006-FOD-01"": 1823.396115499278, ""S006-HYG-01"": 1823.396115499278, ""S006-MED-01"": 1823.396115499278, ""S006-WAT-01"": 1823.396115499278, ""S006-WAT-02"": 1823.396115499278, ""S006-WAT-03"": 1823.396115499278, ""S007-FOD-01"": 2473.7140941965217, ""S007-MED-01"": 2473.7140941965217}"
K55cd733ff7c8fa15,B,"[""S014-FOD-01""]","[""S014""]",330.0,1749.7564163815437,1.784555204477099,0.5538611988807253,1439.9739219400763,,"{""S014-FOD-01"": 1122.4348748574384}"
K56a05172fd63f78a,C,"[""S007-FOD-01"", ""S007-HYG-01"", ""S007-MED-01"", ""S015-FOD-01"", ""S015-MED-01"", ""S015-WAT-01""]","[""S007"", ""S015""]",480.0,2479.271777002758,4.60138948340874,0.4248263145739075,2079.542985089867,2294.256771334983,"{""S007-FOD-01"": 1305.7432286650169, ""S007-HYG-01"": 1305.7432286650169, ""S007-MED-01"": 1305.7432286650169, ""S015-FOD-01"": 1817.6769157274211, ""S015-MED-01"": 1817.6769157274211, ""S015-WAT-01"": 1817.6769157274211}"
K56b754f6994a1a3f,C,"[""S006-MED-01"", ""S007-FOD-01"", ""S007-HYG-01"", ""S007-MED-01"", ""S007-WAT-01"", ""S007-WAT-02"", ""S015-FOD-01"", ""S015-MED-01"", ""S015-WAT-01""]","[""S007"", ""S015"", ""S006""]",570.0,3099.0403580985267,6.152661361061461,0.2309173298673174,2499.6791186208125,853.0915758823057,"{""S007-FOD-01"": 1467.7432286650169, ""S007-HYG-01"": 1467.7432286650169, ""S007-MED-01"": 1467.7432286650169, ""S007-WAT-01"": 1467.7432286650169, ""S007-WAT-02"": 1467.7432286650169, ""S015-FOD-01"": 1979.6769157274211, ""S015-MED-01"": 1979.6769157274211, ""S015-WAT-01"": 1979.6769157274211, ""S006-MED-01"": 2746.9084241176943}"
K588994cc2f98084a,C,"[""S001-MED-01"", ""S001-MED-02"", ""S001-WAT-01"", ""S002-MED-01"", ""S002-WAT-01"", ""S005-HYG-01"", ""S005-MED-01"", ""S005-WAT-01""]","[""S001"", ""S002"", ""S005""]",540.0,2976.4419079377626,6.117555775475147,0.23530552806560667,2490.171355857852,1828.0536004491407,"{""S001-MED-01"": 1134.2695386645796, ""S001-MED-02"": 1134.2695386645796, ""S001-WAT-01"": 1134.2695386645796, ""S002-MED-01"": 1771.9463995508593, ""S002-WAT-01"": 1771.9463995508593, ""S005-HYG-01"": 2472.481645674872, ""S005-MED-01"": 2472.481645674872, ""S005-WAT-01"": 2472.481645674872}"
K589f433200ce5cc8,C,"[""S001-MED-01"", ""S001-MED-02"", ""S001-WAT-01"", ""S005-HYG-01"", ""S005-MED-01"", ""S005-WAT-01"", ""S005-WAT-02"", ""S005-WAT-03""]","[""S005"", ""S001""]",540.0,2306.8566861927434,5.031650187471415,0.3710437265660731,2196.0719257735086,1605.0428524718363,"{""S005-HYG-01"": 1397.2302622628904, ""S005-MED-01"": 1397.2302622628904, ""S005-WAT-01"": 1397.2302622628904, ""S005-WAT-02"": 1397.2302622628904, ""S005-WAT-03"": 1397.2302622628904, ""S001-MED-01"": 1994.9571475281637, ""S001-MED-02"": 1994.9571475281637, ""S001-WAT-01"": 1994.9571475281637}"
K58a7d3e7f254a16a,C,"[""S002-FOD-01"", ""S002-FOD-02"", ""S002-HYG-01"", ""S002-MED-01"", ""S002-WAT-04""]","[""S002""]",450.0,2041.8123848152609,5.170923949443319,0.35363450631958515,2233.791902974232,2178.6838075923697,"{""S002-FOD-01"": 1421.3161924076305, ""S002-FOD-02"": 1421.3161924076305, ""S002-HYG-01"": 1421.3161924076305, ""S002-MED-01"": 1421.3161924076305, ""S002-WAT-04"": 1421.3161924076305}"
K59059e0a9f7e4b8d,C,"[""S003-MED-01"", ""S003-WAT-01"", ""S003-WAT-04"", ""S006-HYG-01"", ""S006-MED-01"", ""S006-WAT-01"", ""S007-MED-01"", ""S007-WAT-01""]","[""S006"", ""S007"", ""S003""]",540.0,3133.589102405376,6.346832014708895,0.20664599816138818,2552.267003983659,1788.260087321924,"{""S006-HYG-01"": 1161.4219339808324, ""S006-MED-01"": 1161.4219339808324, ""S006-WAT-01"": 1161.4219339808324, ""S007-MED-01"": 1811.739912678076, ""S007-WAT-01"": 1811.739912678076, ""S003-MED-01"": 2343.0034276030415, ""S003-WAT-01"": 2343.0034276030415, ""S003-WAT-04"": 2343.0034276030415}"
K59b9ed7b1063256b,C,"[""S001-MED-01"", ""S001-MED-02"", ""S001-WAT-01"", ""S002-MED-01"", ""S002-WAT-01"", ""S002-WAT-03"", ""S012-MED-01""]","[""S001"", ""S002"", ""S012""]",510.0,3027.258870384509,6.344251312448762,0.20696858594390477,2551.5680637882065,1261.6414707997578,"{""S001-MED-01"": 1104.2695386645796, ""S001-MED-02"": 1104.2695386645796, ""S001-WAT-01"": 1104.2695386645796, ""S002-MED-01"": 1777.9463995508593, ""S002-WAT-01"": 1777.9463995508593, ""S002-WAT-03"": 1777.9463995508593, ""S012-MED-01"": 2338.358529200242}"
K5a23e59e8e506366,A,"[""S008-MED-01""]","[""S008""]",330.0,2111.132539407771,3.015416468171671,0.3299074515174065,1371.1203130273716,5894.207063629448,"{""S008-MED-01"": 1305.792936370552}"
K5a4e638fd79270a7,B,"[""S002-FOD-02""]","[""S002""]",330.0,1696.6943000984638,2.256004995208987,0.4359987511977532,1644.2688312572277,,"{""S002-FOD-02"": 1100.287150049232}"
K5a678097664c85bc,C,"[""S001-FOD-01"", ""S001-FOD-02"", ""S001-FOD-03"", ""S001-MED-01"", ""S001-MED-02"", ""S001-WAT-08""]","[""S001""]",480.0,1494.1690773291593,2.230065907384514,0.7212417615769358,1437.309516583306,2417.7304613354204,"{""S001-FOD-01"": 1182.2695386645796, ""S001-FOD-02"": 1182.2695386645796, ""S001-FOD-03"": 1182.2695386645796, ""S001-MED-01"": 1182.2695386645796, ""S001-MED-02"": 1182.2695386645796, ""S001-WAT-08"": 1182.2695386645796}"
K5b1ba47004961453,A,"[""S006-FOD-01""]","[""S006""]",330.0,1253.4781941236301,1.2525458468588089,0.7216564784758203,861.8465779814337,,"{""S006-FOD-01"": 875.5024303951484}"
K5bd11fdc3c7c130f,C,"[""S001-MED-01"", ""S001-MED-02"", ""S001-WAT-01"", ""S002-MED-01"", ""S002-WAT-01"", ""S009-FOD-01"", ""S009-MED-01"", ""S009-WAT-01""]","[""S002"", ""S009"", ""S001""]",540.0,2755.496136622616,6.288429340604757,0.21394633242440542,2536.449613080455,1156.4034020419635,"{""S002-MED-01"": 1403.3161924076305, ""S002-WAT-01"": 1403.3161924076305, ""S009-FOD-01"": 1898.9439919154786, ""S009-MED-01"": 1898.9439919154786, ""S009-WAT-01"": 1898.9439919154786, ""S001-MED-01"": 2443.5965979580365, ""S001-MED-02"": 2443.5965979580365, ""S001-WAT-01"": 2443.5965979580365}"
K5c5408fe8e2a0967,C,"[""S010-FOD-01"", ""S010-MED-01"", ""S013-FOD-01"", ""S013-MED-01"", ""S013-WAT-01""]","[""S010"", ""S013""]",450.0,2181.260512854431,3.908961845514167,0.5113797693107291,1892.0104998267534,1896.7559536516915,"{""S010-FOD-01"": 1186.159205522987, ""S010-MED-01"": 1186.159205522987, ""S013-FOD-01"": 1703.2440463483085, ""S013-MED-01"": 1703.2440463483085, ""S013-WAT-01"": 1703.2440463483085}"
K5c66ad218bd88bc3,C,"[""S001-MED-01"", ""S002-FOD-01"", ""S002-FOD-02"", ""S002-HYG-01"", ""S002-MED-01"", ""S002-WAT-01"", ""S009-FOD-01"", ""S009-MED-01"", ""S009-WAT-01""]","[""S001"", ""S002"", ""S009""]",570.0,2821.9732176620078,6.318441099908124,0.21019486251148445,2544.5777978917836,1762.0536004491407,"{""S001-MED-01"": 1092.2695386645796, ""S002-FOD-01"": 1837.9463995508593, ""S002-FOD-02"": 1837.9463995508593, ""S002-HYG-01"": 1837.9463995508593, ""S002-MED-01"": 1837.9463995508593, ""S002-WAT-01"": 1837.9463995508593, ""S009-FOD-01"": 2333.5741990587076, ""S009-MED-01"": 2333.5741990587076, ""S009-WAT-01"": 2333.5741990587076}"
K5c9e66474e2be573,B,"[""S001-HYG-01""]","[""S001""]",330.0,1089.100207293352,0.9509239393023379,0.7622690151744156,1078.733707031013,,"{""S001-HYG-01"": 797.6734369800093}"
K5ca66e5eef72b821,C,"[""S006-FOD-01"", ""S006-MED-01"", ""S007-FOD-01"", ""S007-HYG-01"", ""S007-MED-01"", ""S007-WAT-01"", ""S007-WAT-02"", ""S015-FOD-01"", ""S015-MED-01""]","[""S007"", ""S015"", ""S006""]",570.0,3099.0403580985267,5.898947603338861,0.26263154958264234,2430.964975904275,853.0915758823057,"{""S007-FOD-01"": 1467.7432286650169, ""S007-HYG-01"": 1467.7432286650169, ""S007-MED-01"": 1467.7432286650169, ""S007-WAT-01"": 1467.7432286650169, ""S007-WAT-02"": 1467.7432286650169, ""S015-FOD-01"": 1943.6769157274211, ""S015-MED-01"": 1943.6769157274211, ""S006-FOD-01"": 2746.9084241176943, ""S006-MED-01"": 2746.9084241176943}"
K5cbe59d7845cff6c,C,"[""S002-FOD-01"", ""S002-FOD-02"", ""S002-MED-01"", ""S002-WAT-01"", ""S009-FOD-01"", ""S009-MED-01"", ""S009-WAT-01""]","[""S009"", ""S002""]",510.0,2429.343010518778,5.670860730095924,0.29114240873800945,2369.1914477343125,1791.1531818888523,"{""S009-FOD-01"": 1276.1690186032997, ""S009-MED-01"": 1276.1690186032997, ""S009-WAT-01"": 1276.1690186032997, ""S002-FOD-01"": 1808.8468181111477, ""S002-FOD-02"": 1808.8468181111477, ""S002-MED-01"": 1808.8468181111477, ""S002-WAT-01"": 1808.8468181111477}"
K5d055e971cd3f46b,C,"[""S005-MED-01"", ""S008-FOD-01"", ""S008-HYG-01"", ""S008-MED-01"", ""S008-WAT-01"", ""S008-WAT-02"", ""S011-MED-01""]","[""S011"", ""S008"", ""S005""]",510.0,2935.2695986353096,6.1679648030061855,0.2290043996242268,2503.8238008141752,5311.617146066385,"{""S011-MED-01"": 1021.9005286794275, ""S008-FOD-01"": 1888.3828539336143, ""S008-HYG-01"": 1888.3828539336143, ""S008-MED-01"": 1888.3828539336143, ""S008-WAT-01"": 1888.3828539336143, ""S008-WAT-02"": 1888.3828539336143, ""S005-MED-01"": 2431.3093363724192}"
K5d9eab7cc840283f,C,"[""S002-MED-01"", ""S002-WAT-01"", ""S002-WAT-02"", ""S009-FOD-01"", ""S009-MED-01"", ""S009-WAT-01""]","[""S009"", ""S002""]",480.0,2363.343010518778,5.594320229230943,0.3007099713461321,2348.461728750047,1857.1531818888523,"{""S009-FOD-01"": 1246.1690186032997, ""S009-MED-01"": 1246.1690186032997, ""S009-WAT-01"": 1246.1690186032997, ""S002-MED-01"": 1742.8468181111477, ""S002-WAT-01"": 1742.8468181111477, ""S002-WAT-02"": 1742.8468181111477}"
K5dac7153adffe05e,C,"[""S010-FOD-01"", ""S010-MED-01"", ""S010-WAT-01"", ""S013-FOD-01"", ""S013-MED-01"", ""S013-WAT-01"", ""S014-FOD-01"", ""S014-MED-01"", ""S014-WAT-01""]","[""S013"", ""S010"", ""S014""]",570.0,3093.0673716597908,6.1082131868742575,0.2364733516407178,2487.6410714451113,1196.7420678135331,"{""S013-FOD-01"": 1313.6164665061226, ""S013-MED-01"": 1313.6164665061226, ""S013-WAT-01"": 1313.6164665061226, ""S010-FOD-01"": 1830.7113073314442, ""S010-MED-01"": 1830.7113073314442, ""S010-WAT-01"": 1830.7113073314442, ""S014-FOD-01"": 2403.257932186467, ""S014-MED-01"": 2403.257932186467, ""S014-WAT-01"": 2403.257932186467}"
K5e748abf70681736,C,"[""S001-FOD-01"", ""S001-FOD-02"", ""S001-FOD-03"", ""S001-HYG-01"", ""S001-HYG-02"", ""S001-MED-01"", ""S001-MED-02"", ""S001-WAT-04""]","[""S001""]",540.0,1626.1690773291593,2.405026168043529,0.6993717289945589,1484.6945871784558,2285.7304613354204,"{""S001-FOD-01"": 1314.2695386645796, ""S001-FOD-02"": 1314.2695386645796, ""S001-FOD-03"": 1314.2695386645796, ""S001-HYG-01"": 1314.2695386645796, ""S001-HYG-02"": 1314.2695386645796, ""S001-MED-01"": 1314.2695386645796, ""S001-MED-02"": 1314.2695386645796, ""S001-WAT-04"": 1314.2695386645796}"
K5ebffc1568356a34,C,"[""S002-MED-01"", ""S002-WAT-01"", ""S002-WAT-02"", ""S009-FOD-01"", ""S009-MED-01"", ""S009-WAT-01""]","[""S002"", ""S009""]",480.0,2363.3430105187786,5.814112099271603,0.2732359875910496,2407.9886935527256,2220.6838075923697,"{""S002-MED-01"": 1379.3161924076305, ""S002-WAT-01"": 1379.3161924076305, ""S002-WAT-02"": 1379.3161924076305, ""S009-FOD-01"": 1874.9439919154786, ""S009-MED-01"": 1874.9439919154786, ""S009-WAT-01"": 1874.9439919154786}"
K5f75e00b6a32d56b,C,"[""S001-MED-01"", ""S001-MED-02"", ""S001-WAT-01"", ""S005-MED-01"", ""S005-WAT-01"", ""S005-WAT-03""]","[""S005"", ""S001""]",480.0,2174.8566861927434,4.299600334563811,0.4625499581795236,1997.8084239443651,1737.0428524718363,"{""S005-MED-01"": 1265.2302622628904, ""S005-WAT-01"": 1265.2302622628904, ""S005-WAT-03"": 1265.2302622628904, ""S001-MED-01"": 1862.9571475281637, ""S001-MED-02"": 1862.9571475281637, ""S001-WAT-01"": 1862.9571475281637}"
K5fd4b91b32db4afc,C,"[""S001-FOD-01"", ""S001-FOD-02"", ""S001-MED-01"", ""S001-MED-02"", ""S001-WAT-01"", ""S001-WAT-03""]","[""S001""]",480.0,1494.1690773291593,2.309532357648675,0.7113084552939156,1458.8316801965161,2417.7304613354204,"{""S001-FOD-01"": 1182.2695386645796, ""S001-FOD-02"": 1182.2695386645796, ""S001-MED-01"": 1182.2695386645796, ""S001-MED-02"": 1182.2695386645796, ""S001-WAT-01"": 1182.2695386645796, ""S001-WAT-03"": 1182.2695386645796}"
K5fe8143df6e5ad49,C,"[""S010-FOD-01"", ""S010-MED-01"", ""S010-WAT-01"", ""S013-FOD-01"", ""S013-MED-01"", ""S013-WAT-01"", ""S014-FOD-01"", ""S014-MED-01"", ""S014-WAT-01""]","[""S014"", ""S010"", ""S013""]",570.0,3093.0673716597908,6.363830877061008,0.204521140367374,2556.870862537356,984.9490948463322,"{""S014-FOD-01"": 1525.479439473324, ""S014-MED-01"": 1525.479439473324, ""S014-WAT-01"": 1525.479439473324, ""S010-FOD-01"": 2097.9660643283464, ""S010-MED-01"": 2097.9660643283464, ""S010-WAT-01"": 2097.9660643283464, ""S013-FOD-01"": 2615.050905153668, ""S013-MED-01"": 2615.050905153668, ""S013-WAT-01"": 2615.050905153668}"
K6011557a00059fd7,C,"[""S012-FOD-01"", ""S012-MED-01"", ""S012-WAT-01"", ""S013-FOD-01"", ""S013-MED-01"", ""S013-WAT-01""]","[""S013"", ""S012""]",480.0,2503.1585304752866,5.46568380061704,0.31678952492287005,2313.6226960004483,1785.7418107089807,"{""S013-FOD-01"": 1223.6164665061224, ""S013-MED-01"": 1223.6164665061224, ""S013-WAT-01"": 1223.6164665061224, ""S012-FOD-01"": 1814.2581892910193, ""S012-MED-01"": 1814.2581892910193, ""S012-WAT-01"": 1814.2581892910193}"
K60cc4fa7a10e6df1,C,"[""S001-FOD-01"", ""S001-MED-01"", ""S001-MED-02"", ""S001-WAT-01"", ""S001-WAT-08"", ""S010-MED-01"", ""S010-WAT-01"", ""S013-MED-01"", ""S013-WAT-01""]","[""S001"", ""S010"", ""S013""]",570.0,2833.268837928043,5.395775519811769,0.32552806002352885,2294.6892032823544,1244.74762857808,"{""S001-FOD-01"": 1236.2695386645796, ""S001-MED-01"": 1236.2695386645796, ""S001-MED-02"": 1236.2695386645796, ""S001-WAT-01"": 1236.2695386645796, ""S001-WAT-08"": 1236.2695386645796, ""S010-MED-01"": 1874.1675305965987, ""S010-WAT-01"": 1874.1675305965987, ""S013-MED-01"": 2355.25237142192, ""S013-WAT-01"": 2355.25237142192}"
K6157935ed5bb2424,C,"[""S001-FOD-01"", ""S001-FOD-02"", ""S001-FOD-03"", ""S001-HYG-01"", ""S001-HYG-02"", ""S001-MED-01"", ""S001-MED-02"", ""S001-WAT-01"", ""S001-WAT-02"", ""S011-MED-01""]","[""S001"", ""S011""]",600.0,2156.648682680487,3.488180282396595,0.5639774647004256,1778.0488264824112,2189.7304613354204,"{""S001-FOD-01"": 1410.2695386645796, ""S001-FOD-02"": 1410.2695386645796, ""S001-FOD-03"": 1410.2695386645796, ""S001-HYG-01"": 1410.2695386645796, ""S001-HYG-02"": 1410.2695386645796, ""S001-MED-01"": 1410.2695386645796, ""S001-MED-02"": 1410.2695386645796, ""S001-WAT-01"": 1410.2695386645796, ""S001-WAT-02"": 1410.2695386645796, ""S011-MED-01"": 1852.3081540010596}"
K61736df9b0517e82,C,"[""S010-FOD-01"", ""S010-MED-01"", ""S010-WAT-01"", ""S013-FOD-01"", ""S013-MED-01"", ""S013-WAT-01"", ""S014-MED-01"", ""S014-WAT-01""]","[""S010"", ""S014"", ""S013""]",540.0,2986.8999467901363,6.055633474020937,0.24304581574738282,2473.400732547337,1091.1165197159867,"{""S010-FOD-01"": 1312.159205522987, ""S010-MED-01"": 1312.159205522987, ""S010-WAT-01"": 1312.159205522987, ""S014-MED-01"": 1848.7058303780093, ""S014-WAT-01"": 1848.7058303780093, ""S013-FOD-01"": 2508.8834802840133, ""S013-MED-01"": 2508.8834802840133, ""S013-WAT-01"": 2508.8834802840133}"
K61eb1cf2ceb22837,C,"[""S002-FOD-01"", ""S002-MED-01"", ""S002-WAT-01"", ""S002-WAT-02""]","[""S002""]",420.0,1975.8123848152607,5.170923949443319,0.35363450631958515,2233.791902974232,2244.6838075923697,"{""S002-FOD-01"": 1355.3161924076303, ""S002-MED-01"": 1355.3161924076303, ""S002-WAT-01"": 1355.3161924076303, ""S002-WAT-02"": 1355.3161924076303}"
K6212f209fde3da2d,C,"[""S001-FOD-01"", ""S001-MED-01"", ""S001-MED-02"", ""S001-WAT-01"", ""S001-WAT-06""]","[""S001""]",450.0,1428.1690773291593,2.206548017721392,0.724181497784826,1430.940088132877,2483.7304613354204,"{""S001-FOD-01"": 1116.2695386645796, ""S001-MED-01"": 1116.2695386645796, ""S001-MED-02"": 1116.2695386645796, ""S001-WAT-01"": 1116.2695386645796, ""S001-WAT-06"": 1116.2695386645796}"
K6223ab7d069219d0,C,"[""S003-FOD-01"", ""S003-MED-01"", ""S003-WAT-01"", ""S003-WAT-02"", ""S007-MED-01"", ""S007-WAT-01""]","[""S003"", ""S007""]",480.0,2627.5924183923166,5.821435228730717,0.27232059640866035,2409.972041114569,1532.2308102727002,"{""S003-FOD-01"": 1573.5056748023344, ""S003-MED-01"": 1573.5056748023344, ""S003-WAT-01"": 1573.5056748023344, ""S003-WAT-02"": 1573.5056748023344, ""S007-MED-01"": 2067.7691897273, ""S007-WAT-01"": 2067.7691897273}"
K624c126f82f7f9c8,C,"[""S006-FOD-01"", ""S006-HYG-01"", ""S006-MED-01"", ""S006-WAT-01"", ""S006-WAT-02"", ""S006-WAT-03"", ""S007-FOD-01"", ""S007-HYG-01"", ""S007-MED-01"", ""S011-MED-01""]","[""S006"", ""S011"", ""S007""]",600.0,3074.113799839396,5.800874296963957,0.2748907128795054,2404.403455427738,1085.7094288256208,"{""S006-FOD-01"": 1329.4219339808324, ""S006-HYG-01"": 1329.4219339808324, ""S006-MED-01"": 1329.4219339808324, ""S006-WAT-01"": 1329.4219339808324, ""S006-WAT-02"": 1329.4219339808324, ""S006-WAT-03"": 1329.4219339808324, ""S011-MED-01"": 1901.1875208006832, ""S007-FOD-01"": 2514.2905711743792, ""S007-HYG-01"": 2514.2905711743792, ""S007-MED-01"": 2514.2905711743792}"
K62ef8a3f8f78bc92,C,"[""S001-FOD-01"", ""S001-FOD-02"", ""S001-FOD-03"", ""S001-HYG-01"", ""S001-HYG-02"", ""S001-MED-01"", ""S001-MED-02"", ""S001-WAT-01"", ""S001-WAT-02"", ""S011-MED-01""]","[""S011"", ""S001""]",600.0,2156.648682680487,4.011353538088952,0.498580807738881,1919.7415832324245,1755.2508559840926,"{""S011-MED-01"": 1111.9005286794275, ""S001-FOD-01"": 1844.7491440159074, ""S001-FOD-02"": 1844.7491440159074, ""S001-FOD-03"": 1844.7491440159074, ""S001-HYG-01"": 1844.7491440159074, ""S001-HYG-02"": 1844.7491440159074, ""S001-MED-01"": 1844.7491440159074, ""S001-MED-02"": 1844.7491440159074, ""S001-WAT-01"": 1844.7491440159074, ""S001-WAT-02"": 1844.7491440159074}"
K631fdc69e9b29e92,C,"[""S001-MED-01"", ""S001-MED-02"", ""S001-WAT-01"", ""S002-MED-01"", ""S002-WAT-01"", ""S002-WAT-02"", ""S009-FOD-01"", ""S009-MED-01"", ""S009-WAT-01""]","[""S001"", ""S002"", ""S009""]",570.0,2821.9732176620078,6.3707096409381805,0.20366129488272744,2558.733861087424,1762.0536004491407,"{""S001-MED-01"": 1164.2695386645796, ""S001-MED-02"": 1164.2695386645796, ""S001-WAT-01"": 1164.2695386645796, ""S002-MED-01"": 1837.9463995508593, ""S002-WAT-01"": 1837.9463995508593, ""S002-WAT-02"": 1837.9463995508593, ""S009-FOD-01"": 2333.5741990587076, ""S009-MED-01"": 2333.5741990587076, ""S009-WAT-01"": 2333.5741990587076}"
K639277b45f754bb7,A,"[""S009-MED-01""]","[""S009""]",330.0,1628.6132318313294,2.124945846282494,0.5277898119372235,1113.8732444816094,9734.103384084336,"{""S009-MED-01"": 1065.8966159156646}"
K645672ba48b04cb7,C,"[""S001-MED-01"", ""S001-MED-02"", ""S001-WAT-01"", ""S005-FOD-01"", ""S005-HYG-01"", ""S005-MED-01"", ""S005-WAT-01"", ""S005-WAT-02"", ""S005-WAT-03""]","[""S001"", ""S005""]",570.0,2372.8566861927434,5.165677211082686,0.35429034861466424,2232.370911334894,2435.7304613354204,"{""S001-MED-01"": 1164.2695386645796, ""S001-MED-02"": 1164.2695386645796, ""S001-WAT-01"": 1164.2695386645796, ""S005-FOD-01"": 1868.896423929853, ""S005-HYG-01"": 1868.896423929853, ""S005-MED-01"": 1868.896423929853, ""S005-WAT-01"": 1868.896423929853, ""S005-WAT-02"": 1868.896423929853, ""S005-WAT-03"": 1868.896423929853}"
K645e137eca4f6417,C,"[""S001-MED-01"", ""S001-MED-02"", ""S001-WAT-01"", ""S005-FOD-01"", ""S005-MED-01"", ""S005-WAT-01"", ""S005-WAT-02""]","[""S001"", ""S005""]",510.0,2240.8566861927434,4.314056616915026,0.4607429228856218,2001.7236670811528,2495.7304613354204,"{""S001-MED-01"": 1104.2695386645796, ""S001-MED-02"": 1104.2695386645796, ""S001-WAT-01"": 1104.2695386645796, ""S005-FOD-01"": 1736.896423929853, ""S005-MED-01"": 1736.896423929853, ""S005-WAT-01"": 1736.896423929853, ""S005-WAT-02"": 1736.896423929853}"
K654169d794f058cf,C,"[""S001-MED-01"", ""S001-MED-02"", ""S001-WAT-01"", ""S002-MED-01"", ""S002-WAT-01"", ""S004-MED-01"", ""S004-WAT-03""]","[""S001"", ""S002"", ""S004""]",510.0,2959.714975150735,6.220631050563222,0.22242111867959724,2518.087576194206,1858.0536004491407,"{""S001-MED-01"": 1104.2695386645796, ""S001-MED-02"": 1104.2695386645796, ""S001-WAT-01"": 1104.2695386645796, ""S002-MED-01"": 1741.9463995508593, ""S002-WAT-01"": 1741.9463995508593, ""S004-MED-01"": 2242.1566289091347, ""S004-WAT-03"": 2242.1566289091347}"
K6686a3a6391b29b9,C,"[""S001-MED-01"", ""S001-MED-02"", ""S002-MED-01"", ""S002-WAT-01"", ""S002-WAT-02"", ""S012-MED-01""]","[""S002"", ""S012"", ""S001""]",480.0,3004.9264117367898,6.382563367590201,0.20217957905122486,2561.944245389013,906.97312692779,"{""S002-MED-01"": 1379.3161924076305, ""S002-WAT-01"": 1379.3161924076305, ""S002-WAT-02"": 1379.3161924076305, ""S012-MED-01"": 1939.7283220570134, ""S001-MED-01"": 2693.02687307221, ""S001-MED-02"": 2693.02687307221}"
K66a8d6133e6f7d20,C,"[""S001-MED-01"", ""S001-MED-02"", ""S001-WAT-01"", ""S005-FOD-01"", ""S005-HYG-01"", ""S005-MED-01"", ""S005-WAT-01"", ""S005-WAT-02"", ""S005-WAT-03""]","[""S005"", ""S001""]",570.0,2372.8566861927434,5.527671917788332,0.30904101027645847,2330.4111444010064,1539.0428524718363,"{""S005-FOD-01"": 1463.2302622628904, ""S005-HYG-01"": 1463.2302622628904, ""S005-MED-01"": 1463.2302622628904, ""S005-WAT-01"": 1463.2302622628904, ""S005-WAT-02"": 1463.2302622628904, ""S005-WAT-03"": 1463.2302622628904, ""S001-MED-01"": 2060.9571475281637, ""S001-MED-02"": 2060.9571475281637, ""S001-WAT-01"": 2060.9571475281637}"
K66c83f8b0714aac1,C,"[""S001-FOD-01"", ""S001-FOD-02"", ""S001-FOD-03"", ""S001-HYG-01"", ""S001-MED-01"", ""S001-MED-02"", ""S001-WAT-08""]","[""S001""]",510.0,1560.1690773291593,2.309532357648675,0.7113084552939156,1458.8316801965161,2351.7304613354204,"{""S001-FOD-01"": 1248.2695386645796, ""S001-FOD-02"": 1248.2695386645796, ""S001-FOD-03"": 1248.2695386645796, ""S001-HYG-01"": 1248.2695386645796, ""S001-MED-01"": 1248.2695386645796, ""S001-MED-02"": 1248.2695386645796, ""S001-WAT-08"": 1248.2695386645796}"
K66d81c24adc0eb34,C,"[""S001-HYG-02"", ""S001-MED-01"", ""S001-MED-02"", ""S001-WAT-01"", ""S001-WAT-02"", ""S001-WAT-03"", ""S013-MED-01"", ""S013-WAT-01""]","[""S001"", ""S013""]",540.0,2256.6157837540727,4.296833577009277,0.46289580287384036,1997.059093773346,1821.40068275205,"{""S001-HYG-02"": 1242.2695386645796, ""S001-MED-01"": 1242.2695386645796, ""S001-MED-02"": 1242.2695386645796, ""S001-WAT-01"": 1242.2695386645796, ""S001-WAT-02"": 1242.2695386645796, ""S001-WAT-03"": 1242.2695386645796, ""S013-MED-01"": 1778.59931724795, ""S013-WAT-01"": 1778.59931724795}"
K6755c003e7bb6618,B,"[""S001-HYG-02""]","[""S001""]",330.0,1089.100207293352,0.9509239393023379,0.7622690151744156,1078.733707031013,,"{""S001-HYG-02"": 797.6734369800093}"
K677c9bd815a4e062,C,"[""S001-FOD-01"", ""S001-FOD-02"", ""S001-FOD-03"", ""S001-HYG-01"", ""S001-HYG-02"", ""S001-MED-01"", ""S001-MED-02"", ""S001-WAT-01"", ""S001-WAT-04""]","[""S001""]",570.0,1692.1690773291593,2.720392502747031,0.6599509371566211,1570.106302827321,2219.7304613354204,"{""S001-FOD-01"": 1380.2695386645796, ""S001-FOD-02"": 1380.2695386645796, ""S001-FOD-03"": 1380.2695386645796, ""S001-HYG-01"": 1380.2695386645796, ""S001-HYG-02"": 1380.2695386645796, ""S001-MED-01"": 1380.2695386645796, ""S001-MED-02"": 1380.2695386645796, ""S001-WAT-01"": 1380.2695386645796, ""S001-WAT-04"": 1380.2695386645796}"
K679219117dd2ec38,C,"[""S001-MED-01"", ""S001-MED-02"", ""S001-WAT-01"", ""S001-WAT-02"", ""S001-WAT-06"", ""S013-MED-01"", ""S013-WAT-01""]","[""S013"", ""S001""]",510.0,2190.6157837540723,4.767036500834545,0.4041204373956818,2124.4057189760224,1721.2837549105072,"{""S013-MED-01"": 1217.6164665061224, ""S013-WAT-01"": 1217.6164665061224, ""S001-MED-01"": 1878.7162450894928, ""S001-MED-02"": 1878.7162450894928, ""S001-WAT-01"": 1878.7162450894928, ""S001-WAT-02"": 1878.7162450894928, ""S001-WAT-06"": 1878.7162450894928}"
K6887dae5890bc03a,C,"[""S001-MED-01"", ""S001-MED-02"", ""S001-WAT-01"", ""S005-HYG-01"", ""S005-MED-01"", ""S005-WAT-01""]","[""S005"", ""S001""]",480.0,2174.8566861927434,4.117748023362133,0.48528149707973334,1948.5567563272446,1737.0428524718363,"{""S005-HYG-01"": 1265.2302622628904, ""S005-MED-01"": 1265.2302622628904, ""S005-WAT-01"": 1265.2302622628904, ""S001-MED-01"": 1862.9571475281637, ""S001-MED-02"": 1862.9571475281637, ""S001-WAT-01"": 1862.9571475281637}"
K68f25fb9c01834f9,C,"[""S004-MED-01"", ""S005-FOD-01"", ""S005-HYG-01"", ""S005-MED-01"", ""S005-WAT-01"", ""S005-WAT-02"", ""S005-WAT-03""]","[""S005"", ""S004""]",510.0,2647.7406336996287,5.939031398482985,0.25762107518962685,2441.8210037558083,5269.817712541972,"{""S005-FOD-01"": 1403.2302622628904, ""S005-HYG-01"": 1403.2302622628904, ""S005-MED-01"": 1403.2302622628904, ""S005-WAT-01"": 1403.2302622628904, ""S005-WAT-02"": 1403.2302622628904, ""S005-WAT-03"": 1403.2302622628904, ""S004-MED-01"": 1930.1822874580284}"
K6986909e8cd06f66,B,"[""S004-FOD-01""]","[""S004""]",330.0,1861.643637063279,2.3898728783510883,0.4025317804122279,1702.2782472854717,,"{""S004-FOD-01"": 1182.468485198306}"
K6aab007378d60e55,C,"[""S010-FOD-01"", ""S010-MED-01"", ""S010-WAT-01"", ""S013-FOD-01"", ""S013-MED-01"", ""S013-WAT-01""]","[""S010"", ""S013""]",480.0,2247.260512854431,4.173202966132512,0.47834962923343605,1963.5758033275551,1830.7559536516915,"{""S010-FOD-01"": 1252.159205522987, ""S010-MED-01"": 1252.159205522987, ""S010-WAT-01"": 1252.159205522987, ""S013-FOD-01"": 1769.2440463483085, ""S013-MED-01"": 1769.2440463483085, ""S013-WAT-01"": 1769.2440463483085}"
K6b5f1027a5a1ac62,C,"[""S004-FOD-01""]","[""S004""]",330.0,1971.0566924832005,4.913345891083474,0.3858317636145657,2164.0311788351073,,"{""S004-FOD-01"": 1253.4983462416003}"
K6bb6af0e3eea3bcc,C,"[""S002-FOD-01"", ""S002-MED-01"", ""S002-WAT-01"", ""S002-WAT-02"", ""S012-MED-01""]","[""S002"", ""S012""]",450.0,2634.6286632412807,6.254672142212842,0.21816598222339478,2527.307038515978,1654.2716779429866,"{""S002-FOD-01"": 1385.3161924076305, ""S002-MED-01"": 1385.3161924076305, ""S002-WAT-01"": 1385.3161924076305, ""S002-WAT-02"": 1385.3161924076305, ""S012-MED-01"": 1945.7283220570134}"
K6bc4efae7faf9543,B,"[""S006-MED-01""]","[""S006""]",330.0,1147.271254843175,0.9905726836874436,0.752356829078139,1095.9148295978923,2777.6010392450794,"{""S006-MED-01"": 822.3989607549207}"
K6c651bf5f9d66b68,A,"[""S003-WAT-03""]","[""S003""]",330.0,2202.629278762021,2.9315124769532916,0.3485527828992685,1346.8813822309507,,"{""S003-WAT-03"": 1349.2879727143438}"
K6cc8b6bf83bae804,C,"[""S001-MED-01"", ""S001-MED-02"", ""S001-WAT-01"", ""S002-MED-01"", ""S002-WAT-01"", ""S005-HYG-01"", ""S005-MED-01"", ""S005-WAT-01""]","[""S001"", ""S005"", ""S002""]",540.0,3013.477862461497,6.187039272277208,0.22662009096534896,2508.98980290841,1207.0183299461337,"{""S001-MED-01"": 1134.2695386645796, ""S001-MED-02"": 1134.2695386645796, ""S001-WAT-01"": 1134.2695386645796, ""S005-HYG-01"": 1730.896423929853, ""S005-MED-01"": 1730.896423929853, ""S005-WAT-01"": 1730.896423929853, ""S002-MED-01"": 2392.9816700538663, ""S002-WAT-01"": 2392.9816700538663}"
K6cf2f062401e91bf,C,"[""S001-MED-01"", ""S002-MED-01"", ""S002-WAT-01"", ""S002-WAT-04"", ""S012-MED-01""]","[""S012"", ""S002"", ""S001""]",450.0,2895.2588703845095,6.3494038172656895,0.20632452284178882,2552.963533842791,1016.6406682800703,"{""S012-MED-01"": 1339.690341184267, ""S002-MED-01"": 1978.13247083365, ""S002-WAT-01"": 1978.13247083365, ""S002-WAT-04"": 1978.13247083365, ""S001-MED-01"": 2583.3593317199297}"
K6cf36737b2bd372e,B,"[""S006-FOD-01""]","[""S006""]",330.0,1147.271254843175,1.0173781644221938,0.7456554588944515,1107.530537916284,,"{""S006-FOD-01"": 822.3989607549207}"
K6d0840099367820b,C,"[""S004-FOD-01"", ""S004-HYG-01"", ""S004-MED-01"", ""S004-WAT-01"", ""S004-WAT-03""]","[""S004""]",450.0,2235.0566924832005,5.607839428260601,0.29902007146742493,2352.123178487246,5682.5016537584,"{""S004-FOD-01"": 1517.4983462416003, ""S004-HYG-01"": 1517.4983462416003, ""S004-MED-01"": 1517.4983462416003, ""S004-WAT-01"": 1517.4983462416003, ""S004-WAT-03"": 1517.4983462416003}"
K6d28f87bf4a9adf4,A,"[""S009-WAT-01""]","[""S009""]",330.0,1628.6132318313294,2.2171714488633962,0.507295233585912,1140.5161963383146,9734.103384084336,"{""S009-WAT-01"": 1065.8966159156646}"
K6d56a19925eea505,C,"[""S001-MED-01"", ""S001-MED-02"", ""S001-WAT-01"", ""S001-WAT-05"", ""S010-MED-01"", ""S010-WAT-01"", ""S013-MED-01"", ""S013-WAT-01""]","[""S010"", ""S013"", ""S001""]",540.0,2694.2433635962584,5.3837819871346495,0.3270272516081688,2291.4409548489675,1217.6561750683213,"{""S010-MED-01"": 1276.159205522987, ""S010-WAT-01"": 1276.159205522987, ""S013-MED-01"": 1757.2440463483085, ""S013-WAT-01"": 1757.2440463483085, ""S001-MED-01"": 2382.3438249316787, ""S001-MED-02"": 2382.3438249316787, ""S001-WAT-01"": 2382.3438249316787, ""S001-WAT-05"": 2382.3438249316787}"
K6d57effe93d82eee,C,"[""S001-MED-01"", ""S001-MED-02"", ""S002-MED-01"", ""S002-WAT-01"", ""S004-WAT-02""]","[""S001"", ""S004"", ""S002""]",450.0,2854.517823328535,6.087406738801379,0.23907415764982765,2482.005991758707,1365.9783690790955,"{""S001-MED-01"": 1008.2695386645796, ""S001-MED-02"": 1008.2695386645796, ""S004-WAT-02"": 1732.9314015626292, ""S002-MED-01"": 2234.0216309209045, ""S002-WAT-01"": 2234.0216309209045}"
K6d59f05f353f3164,C,"[""S001-MED-01"", ""S001-MED-02"", ""S002-FOD-01"", ""S002-FOD-02"", ""S002-HYG-01"", ""S002-MED-01"", ""S002-WAT-01"", ""S009-FOD-01"", ""S009-MED-01"", ""S009-WAT-01""]","[""S001"", ""S009"", ""S002""]",600.0,2887.496136622616,6.133845844877563,0.23326926939030468,2494.58324965434,1333.0000557850144,"{""S001-MED-01"": 1158.2695386645796, ""S001-MED-02"": 1158.2695386645796, ""S009-FOD-01"": 1698.3221447071376, ""S009-MED-01"": 1698.3221447071376, ""S009-WAT-01"": 1698.3221447071376, ""S002-FOD-01"": 2266.9999442149856, ""S002-FOD-02"": 2266.9999442149856, ""S002-HYG-01"": 2266.9999442149856, ""S002-MED-01"": 2266.9999442149856, ""S002-WAT-01"": 2266.9999442149856}"
K6d5b772048c2f2d5,C,"[""S007-FOD-01"", ""S007-HYG-01"", ""S007-MED-01"", ""S007-WAT-01"", ""S007-WAT-02"", ""S011-MED-01"", ""S015-FOD-01"", ""S015-MED-01"", ""S015-WAT-01""]","[""S011"", ""S007"", ""S015""]",570.0,2940.5321273908644,6.0823721797031,0.23970347753711252,2480.642465336256,1832.9964209468765,"{""S011-MED-01"": 1081.9005286794275, ""S007-FOD-01"": 1767.0035790531235, ""S007-HYG-01"": 1767.0035790531235, ""S007-MED-01"": 1767.0035790531235, ""S007-WAT-01"": 1767.0035790531235, ""S007-WAT-02"": 1767.0035790531235, ""S015-FOD-01"": 2278.9372661155276, ""S015-MED-01"": 2278.9372661155276, ""S015-WAT-01"": 2278.9372661155276}"
K6d67e515aa7eb083,C,"[""S007-FOD-01"", ""S007-HYG-01"", ""S007-MED-01"", ""S007-WAT-01"", ""S007-WAT-02"", ""S015-FOD-01"", ""S015-MED-01"", ""S015-WAT-01""]","[""S007"", ""S015""]",540.0,2611.271777002758,5.38218231458427,0.32722721067696625,2291.007710199907,2162.256771334983,"{""S007-FOD-01"": 1437.7432286650169, ""S007-HYG-01"": 1437.7432286650169, ""S007-MED-01"": 1437.7432286650169, ""S007-WAT-01"": 1437.7432286650169, ""S007-WAT-02"": 1437.7432286650169, ""S015-FOD-01"": 1949.6769157274211, ""S015-MED-01"": 1949.6769157274211, ""S015-WAT-01"": 1949.6769157274211}"
K6d6ce1e3ee7c23b7,C,"[""S001-HYG-01"", ""S001-HYG-02"", ""S001-MED-01"", ""S001-MED-02"", ""S001-WAT-01"", ""S001-WAT-02"", ""S010-MED-01"", ""S010-WAT-01"", ""S013-MED-01"", ""S013-WAT-01""]","[""S001"", ""S010"", ""S013""]",600.0,2899.268837928043,5.5598901630770525,0.30501372961536843,2339.136919166702,1178.74762857808,"{""S001-HYG-01"": 1302.2695386645796, ""S001-HYG-02"": 1302.2695386645796, ""S001-MED-01"": 1302.2695386645796, ""S001-MED-02"": 1302.2695386645796, ""S001-WAT-01"": 1302.2695386645796, ""S001-WAT-02"": 1302.2695386645796, ""S010-MED-01"": 1940.1675305965987, ""S010-WAT-01"": 1940.1675305965987, ""S013-MED-01"": 2421.25237142192, ""S013-WAT-01"": 2421.25237142192}"
K6d9017d260050098,B,"[""S005-MED-01""]","[""S005""]",330.0,1456.1702283018226,1.6025774688609982,0.5993556327847505,1361.1169031730992,9819.158219182422,"{""S005-MED-01"": 980.8417808175781}"
K6e2933c114ec45df,C,"[""S001-MED-01"", ""S001-MED-02"", ""S001-WAT-01"", ""S001-WAT-02"", ""S001-WAT-03"", ""S001-WAT-04"", ""S013-MED-01"", ""S013-WAT-01""]","[""S001"", ""S013""]",540.0,2256.6157837540727,4.584623578989929,0.42692205262625893,2075.0022193097725,1821.40068275205,"{""S001-MED-01"": 1242.2695386645796, ""S001-MED-02"": 1242.2695386645796, ""S001-WAT-01"": 1242.2695386645796, ""S001-WAT-02"": 1242.2695386645796, ""S001-WAT-03"": 1242.2695386645796, ""S001-WAT-04"": 1242.2695386645796, ""S013-MED-01"": 1778.59931724795, ""S013-WAT-01"": 1778.59931724795}"
K6e7e1feb59222f0c,C,"[""S003-MED-01"", ""S003-WAT-01"", ""S003-WAT-03"", ""S007-MED-01"", ""S007-WAT-01""]","[""S003"", ""S007""]",450.0,2561.5924183923166,5.52485204574655,0.3093934942816813,2329.6474290563574,1598.2308102727002,"{""S003-MED-01"": 1507.5056748023344, ""S003-WAT-01"": 1507.5056748023344, ""S003-WAT-03"": 1507.5056748023344, ""S007-MED-01"": 2001.7691897272998, ""S007-WAT-01"": 2001.7691897272998}"
K6e8681f3080f0172,C,"[""S012-FOD-01"", ""S012-MED-01"", ""S012-WAT-01"", ""S013-FOD-01"", ""S013-MED-01""]","[""S012"", ""S013""]",450.0,2437.1585304752866,5.285788491360122,0.3392764385799848,2264.9010497433665,1640.8579360308358,"{""S012-FOD-01"": 1411.690341184267, ""S012-MED-01"": 1411.690341184267, ""S012-WAT-01"": 1411.690341184267, ""S013-FOD-01"": 1959.1420639691642, ""S013-MED-01"": 1959.1420639691642}"
K6eaf4459b1ca8967,C,"[""S005-WAT-03""]","[""S005""]",330.0,1547.1905245257808,3.414144966292892,0.5732318792133885,1757.9975950376584,,"{""S005-WAT-03"": 1043.2302622628904}"
K6f723a6043e173d6,B,"[""S006-HYG-01""]","[""S006""]",330.0,1147.271254843175,1.0051693912607804,0.7487076521848048,1102.2400695463382,,"{""S006-HYG-01"": 822.3989607549207}"
K6f72e1f9d1cda410,C,"[""S001-FOD-01"", ""S001-MED-01"", ""S001-MED-02"", ""S001-WAT-01"", ""S001-WAT-07"", ""S010-MED-01"", ""S010-WAT-01"", ""S013-MED-01"", ""S013-WAT-01""]","[""S001"", ""S010"", ""S013""]",570.0,2833.268837928043,5.395775519811769,0.32552806002352885,2294.6892032823544,1244.74762857808,"{""S001-FOD-01"": 1236.2695386645796, ""S001-MED-01"": 1236.2695386645796, ""S001-MED-02"": 1236.2695386645796, ""S001-WAT-01"": 1236.2695386645796, ""S001-WAT-07"": 1236.2695386645796, ""S010-MED-01"": 1874.1675305965987, ""S010-WAT-01"": 1874.1675305965987, ""S013-MED-01"": 2355.25237142192, ""S013-WAT-01"": 2355.25237142192}"
K6fc19d322ae9e853,C,"[""S001-FOD-02"", ""S001-MED-01"", ""S001-MED-02"", ""S001-WAT-01"", ""S001-WAT-02"", ""S010-MED-01"", ""S010-WAT-01"", ""S013-MED-01"", ""S013-WAT-01""]","[""S010"", ""S013"", ""S001""]",570.0,2760.2433635962584,5.920412907401133,0.2599483865748584,2436.7784957544736,1151.6561750683213,"{""S010-MED-01"": 1306.159205522987, ""S010-WAT-01"": 1306.159205522987, ""S013-MED-01"": 1787.2440463483085, ""S013-WAT-01"": 1787.2440463483085, ""S001-FOD-02"": 2448.3438249316787, ""S001-MED-01"": 2448.3438249316787, ""S001-MED-02"": 2448.3438249316787, ""S001-WAT-01"": 2448.3438249316787, ""S001-WAT-02"": 2448.3438249316787}"
K70226d2ec4bb2470,C,"[""S010-FOD-01"", ""S010-MED-01"", ""S010-WAT-01"", ""S013-FOD-01"", ""S013-MED-01"", ""S013-WAT-01"", ""S014-FOD-01"", ""S014-MED-01""]","[""S010"", ""S013"", ""S014""]",540.0,3143.3011357276364,5.791490587488492,0.2760636765639385,2401.8620341114665,1146.5083037456875,"{""S010-FOD-01"": 1312.159205522987, ""S010-MED-01"": 1312.159205522987, ""S010-WAT-01"": 1312.159205522987, ""S013-FOD-01"": 1829.2440463483085, ""S013-MED-01"": 1829.2440463483085, ""S013-WAT-01"": 1829.2440463483085, ""S014-FOD-01"": 2453.4916962543125, ""S014-MED-01"": 2453.4916962543125}"
K7156ebdb7d171851,C,"[""S010-FOD-01"", ""S010-MED-01"", ""S010-WAT-01"", ""S013-FOD-01"", ""S013-MED-01"", ""S013-WAT-01"", ""S014-FOD-01"", ""S014-MED-01""]","[""S014"", ""S013"", ""S010""]",540.0,3143.3011357276355,6.240745579726562,0.2199068025341797,2523.535261175944,963.2480697953511,"{""S014-FOD-01"": 1459.479439473324, ""S014-MED-01"": 1459.479439473324, ""S013-FOD-01"": 2119.6570893793278, ""S013-MED-01"": 2119.6570893793278, ""S013-WAT-01"": 2119.6570893793278, ""S010-FOD-01"": 2636.751930204649, ""S010-MED-01"": 2636.751930204649, ""S010-WAT-01"": 2636.751930204649}"
K7168432104ad49f2,C,"[""S009-FOD-01"", ""S009-MED-01"", ""S012-FOD-01"", ""S012-MED-01"", ""S012-WAT-01"", ""S013-FOD-01"", ""S013-MED-01""]","[""S009"", ""S012"", ""S013""]",510.0,2844.744985029805,5.991192812211163,0.2511008984736046,2455.94805330719,1233.271481476318,"{""S009-FOD-01"": 1240.1690186032997, ""S009-MED-01"": 1240.1690186032997, ""S012-FOD-01"": 1819.2767957387846, ""S012-MED-01"": 1819.2767957387846, ""S012-WAT-01"": 1819.2767957387846, ""S013-FOD-01"": 2366.728518523682, ""S013-MED-01"": 2366.728518523682}"
K71a24267c0523cd3,B,"[""S002-WAT-02""]","[""S002""]",330.0,1696.6943000984638,2.3612623728015567,0.4096844067996108,1689.8803615473412,,"{""S002-WAT-02"": 1100.287150049232}"
K7285e5cbb19811d2,C,"[""S001-FOD-01"", ""S001-FOD-02"", ""S001-FOD-03"", ""S001-HYG-01"", ""S001-HYG-02"", ""S001-MED-01"", ""S001-MED-02"", ""S001-WAT-01"", ""S001-WAT-04"", ""S011-MED-01""]","[""S011"", ""S001""]",600.0,2156.648682680487,4.011353538088952,0.498580807738881,1919.7415832324245,1755.2508559840926,"{""S011-MED-01"": 1111.9005286794275, ""S001-FOD-01"": 1844.7491440159074, ""S001-FOD-02"": 1844.7491440159074, ""S001-FOD-03"": 1844.7491440159074, ""S001-HYG-01"": 1844.7491440159074, ""S001-HYG-02"": 1844.7491440159074, ""S001-MED-01"": 1844.7491440159074, ""S001-MED-02"": 1844.7491440159074, ""S001-WAT-01"": 1844.7491440159074, ""S001-WAT-04"": 1844.7491440159074}"
K72a3ac1097316372,C,"[""S014-FOD-01""]","[""S014""]",330.0,1903.288878946648,3.564643396451081,0.5544195754436149,1798.7575865388346,,"{""S014-FOD-01"": 1213.479439473324}"
K72aa870f88115c00,A,"[""S015-FOD-01""]","[""S015""]",330.0,1908.5894031476528,2.3608895881063505,0.4753578693096999,1182.03476989739,,"{""S015-FOD-01"": 1197.7347015738264}"
K733f9a880092af85,C,"[""S001-FOD-01"", ""S001-FOD-02"", ""S001-FOD-03"", ""S001-MED-01"", ""S001-MED-02"", ""S005-MED-01"", ""S011-FOD-01"", ""S011-MED-01"", ""S011-WAT-01""]","[""S011"", ""S001"", ""S005""]",570.0,2771.336291544071,4.84577727809889,0.3942778402376388,2145.731346151783,1857.2508559840926,"{""S011-FOD-01"": 1153.9005286794275, ""S011-MED-01"": 1153.9005286794275, ""S011-WAT-01"": 1153.9005286794275, ""S001-FOD-01"": 1742.7491440159074, ""S001-FOD-02"": 1742.7491440159074, ""S001-FOD-03"": 1742.7491440159074, ""S001-MED-01"": 1742.7491440159074, ""S001-MED-02"": 1742.7491440159074, ""S005-MED-01"": 2267.3760292811808}"
K73819915435faaf3,A,"[""S008-FOD-01""]","[""S008""]",330.0,2111.132539407771,3.0624914341978267,0.31944634795603855,1384.7197476571498,,"{""S008-FOD-01"": 1305.792936370552}"
K741b17cd7e8486dd,C,"[""S007-FOD-01"", ""S007-MED-01"", ""S007-WAT-01"", ""S007-WAT-02"", ""S015-FOD-01"", ""S015-MED-01"", ""S015-WAT-01""]","[""S015"", ""S007""]",510.0,2545.2717770027584,5.519359456828919,0.3100800678963851,2328.1598528911654,1614.5514516622586,"{""S015-FOD-01"": 1424.914861275337, ""S015-MED-01"": 1424.914861275337, ""S015-WAT-01"": 1424.914861275337, ""S007-FOD-01"": 1985.4485483377414, ""S007-MED-01"": 1985.4485483377414, ""S007-WAT-01"": 1985.4485483377414, ""S007-WAT-02"": 1985.4485483377414}"
K74ad1a4b78190ec7,C,"[""S001-MED-01"", ""S001-MED-02"", ""S001-WAT-01"", ""S005-FOD-01"", ""S005-MED-01"", ""S005-WAT-01"", ""S005-WAT-02"", ""S005-WAT-03""]","[""S005"", ""S001""]",540.0,2306.8566861927434,5.139838263572995,0.35752021705337567,2225.3728630510195,1605.0428524718363,"{""S005-FOD-01"": 1397.2302622628904, ""S005-MED-01"": 1397.2302622628904, ""S005-WAT-01"": 1397.2302622628904, ""S005-WAT-02"": 1397.2302622628904, ""S005-WAT-03"": 1397.2302622628904, ""S001-MED-01"": 1994.9571475281637, ""S001-MED-02"": 1994.9571475281637, ""S001-WAT-01"": 1994.9571475281637}"
K74e870b2bd361f7f,C,"[""S001-MED-01"", ""S001-MED-02"", ""S001-WAT-01"", ""S005-HYG-01"", ""S005-MED-01"", ""S005-WAT-01"", ""S005-WAT-02""]","[""S005"", ""S001""]",510.0,2240.8566861927434,4.468839912148113,0.4413950109814859,2043.6441428734472,1671.0428524718363,"{""S005-HYG-01"": 1331.2302622628904, ""S005-MED-01"": 1331.2302622628904, ""S005-WAT-01"": 1331.2302622628904, ""S005-WAT-02"": 1331.2302622628904, ""S001-MED-01"": 1928.9571475281637, ""S001-MED-02"": 1928.9571475281637, ""S001-WAT-01"": 1928.9571475281637}"
K7584bb44bf6495be,C,"[""S010-FOD-01"", ""S010-MED-01"", ""S010-WAT-01"", ""S013-FOD-01"", ""S013-MED-01"", ""S013-WAT-01"", ""S014-MED-01"", ""S014-WAT-01""]","[""S010"", ""S013"", ""S014""]",540.0,3143.3011357276364,6.071123910071841,0.24110951124101987,2477.5960589777906,1146.5083037456875,"{""S010-FOD-01"": 1312.159205522987, ""S010-MED-01"": 1312.159205522987, ""S010-WAT-01"": 1312.159205522987, ""S013-FOD-01"": 1829.2440463483085, ""S013-MED-01"": 1829.2440463483085, ""S013-WAT-01"": 1829.2440463483085, ""S014-MED-01"": 2453.4916962543125, ""S014-WAT-01"": 2453.4916962543125}"
K7611cbf83492e064,C,"[""S007-FOD-01"", ""S007-MED-01"", ""S007-WAT-01"", ""S007-WAT-02"", ""S015-FOD-01"", ""S015-MED-01"", ""S015-WAT-01""]","[""S007"", ""S015""]",510.0,2545.271777002758,5.148493474991984,0.35643831562600203,2227.716982810329,2228.256771334983,"{""S007-FOD-01"": 1371.7432286650169, ""S007-MED-01"": 1371.7432286650169, ""S007-WAT-01"": 1371.7432286650169, ""S007-WAT-02"": 1371.7432286650169, ""S015-FOD-01"": 1883.6769157274211, ""S015-MED-01"": 1883.6769157274211, ""S015-WAT-01"": 1883.6769157274211}"
K764e9eda24b419a3,C,"[""S002-MED-01"", ""S002-WAT-01"", ""S002-WAT-04""]","[""S002""]",390.0,1909.8123848152607,4.994095245354581,0.3757380943306774,2185.9007956168653,2310.6838075923697,"{""S002-MED-01"": 1289.3161924076303, ""S002-WAT-01"": 1289.3161924076303, ""S002-WAT-04"": 1289.3161924076303}"
K774a4de164ee879f,C,"[""S003-HYG-01"", ""S003-MED-01"", ""S003-WAT-01"", ""S003-WAT-02"", ""S007-MED-01"", ""S007-WAT-01""]","[""S003"", ""S007""]",480.0,2627.5924183923166,5.7402312286106465,0.2824710964236692,2387.97929108205,1532.2308102727002,"{""S003-HYG-01"": 1573.5056748023344, ""S003-MED-01"": 1573.5056748023344, ""S003-WAT-01"": 1573.5056748023344, ""S003-WAT-02"": 1573.5056748023344, ""S007-MED-01"": 2067.7691897273, ""S007-WAT-01"": 2067.7691897273}"
K77bb6928f5f597da,C,"[""S010-MED-01"", ""S014-FOD-01"", ""S014-MED-01"", ""S014-WAT-01""]","[""S010"", ""S014""]",420.0,2382.5152698513334,4.16454613256038,0.4794317334299525,1961.231244235103,1907.2941696219907,"{""S010-MED-01"": 1120.159205522987, ""S014-FOD-01"": 1692.7058303780093, ""S014-MED-01"": 1692.7058303780093, ""S014-WAT-01"": 1692.7058303780093}"
K77ce2979ac23b053,B,"[""S012-FOD-01""]","[""S012""]",330.0,1802.7403507441854,2.289535458928443,0.4276161352678892,1658.798698868992,,"{""S012-FOD-01"": 1151.3001753720928}"
K784db1f7612ed89d,C,"[""S004-FOD-01"", ""S004-HYG-01"", ""S004-MED-01"", ""S004-WAT-01""]","[""S004""]",420.0,2169.0566924832005,5.250117475526193,0.3437353155592259,2255.2401496216776,5748.5016537584,"{""S004-FOD-01"": 1451.4983462416003, ""S004-HYG-01"": 1451.4983462416003, ""S004-MED-01"": 1451.4983462416003, ""S004-WAT-01"": 1451.4983462416003}"
K78ab7b493d646679,C,"[""S003-FOD-01"", ""S003-HYG-01"", ""S003-MED-01"", ""S003-WAT-01"", ""S006-HYG-01"", ""S006-MED-01"", ""S006-WAT-01"", ""S007-MED-01"", ""S007-WAT-01""]","[""S006"", ""S007"", ""S003""]",570.0,3199.589102405376,6.346832014708895,0.20664599816138818,2552.267003983659,1758.260087321924,"{""S006-HYG-01"": 1191.4219339808324, ""S006-MED-01"": 1191.4219339808324, ""S006-WAT-01"": 1191.4219339808324, ""S007-MED-01"": 1841.739912678076, ""S007-WAT-01"": 1841.739912678076, ""S003-FOD-01"": 2409.0034276030415, ""S003-HYG-01"": 2409.0034276030415, ""S003-MED-01"": 2409.0034276030415, ""S003-WAT-01"": 2409.0034276030415}"
K78c94a30d30c22a8,C,"[""S005-FOD-01"", ""S005-HYG-01"", ""S005-MED-01"", ""S005-WAT-01"", ""S005-WAT-02"", ""S005-WAT-03""]","[""S005""]",480.0,1877.1905245257808,4.222192859507031,0.4722258925616212,1976.8438994498208,9426.76973773711,"{""S005-FOD-01"": 1373.2302622628904, ""S005-HYG-01"": 1373.2302622628904, ""S005-MED-01"": 1373.2302622628904, ""S005-WAT-01"": 1373.2302622628904, ""S005-WAT-02"": 1373.2302622628904, ""S005-WAT-03"": 1373.2302622628904}"
K78f9214a0246fed2,C,"[""S002-FOD-01"", ""S002-FOD-02"", ""S002-MED-01"", ""S002-WAT-01"", ""S002-WAT-03""]","[""S002""]",450.0,2041.8123848152609,5.39459446330835,0.3256756920864563,2294.3693338126777,2178.6838075923697,"{""S002-FOD-01"": 1421.3161924076305, ""S002-FOD-02"": 1421.3161924076305, ""S002-MED-01"": 1421.3161924076305, ""S002-WAT-01"": 1421.3161924076305, ""S002-WAT-03"": 1421.3161924076305}"
K79165a93c7650c9f,B,"[""S012-MED-01""]","[""S012""]",330.0,1802.7403507441854,2.232419043413599,0.4418952391466002,1634.048252145893,2448.699824627907,"{""S012-MED-01"": 1151.3001753720928}"
K79366103d362bb03,C,"[""S007-FOD-01"", ""S007-HYG-01"", ""S007-MED-01"", ""S007-WAT-01"", ""S007-WAT-02"", ""S015-FOD-01"", ""S015-MED-01""]","[""S007"", ""S015""]",510.0,2545.271777002758,4.845199870169603,0.3943500162287996,2145.574964837601,2192.256771334983,"{""S007-FOD-01"": 1407.7432286650169, ""S007-HYG-01"": 1407.7432286650169, ""S007-MED-01"": 1407.7432286650169, ""S007-WAT-01"": 1407.7432286650169, ""S007-WAT-02"": 1407.7432286650169, ""S015-FOD-01"": 1883.6769157274211, ""S015-MED-01"": 1883.6769157274211}"
K797999ac090ca666,B,"[""S014-MED-01""]","[""S014""]",330.0,1749.7564163815437,1.7378486150423496,0.5655378462394126,1419.7343998516847,2477.5651251425616,"{""S014-MED-01"": 1122.4348748574384}"
K7982ea0cf7f9ea63,C,"[""S003-FOD-01"", ""S003-MED-01"", ""S003-WAT-01"", ""S003-WAT-02"", ""S007-MED-01"", ""S007-WAT-01""]","[""S007"", ""S003""]",480.0,2627.5924183923166,5.570627284205972,0.30367158947425354,2342.0448894724504,2330.256771334983,"{""S007-MED-01"": 1269.7432286650169, ""S007-WAT-01"": 1269.7432286650169, ""S003-FOD-01"": 1837.0067435899823, ""S003-MED-01"": 1837.0067435899823, ""S003-WAT-01"": 1837.0067435899823, ""S003-WAT-02"": 1837.0067435899823}"
K79c4d1eb68f928cd,C,"[""S001-FOD-02"", ""S001-HYG-01"", ""S001-MED-01"", ""S001-MED-02"", ""S001-WAT-01"", ""S001-WAT-02"", ""S001-WAT-03"", ""S013-MED-01"", ""S013-WAT-01""]","[""S013"", ""S001""]",570.0,2322.6157837540727,5.703292275623303,0.2870884655470871,2377.9749913146447,1589.283754910507,"{""S013-MED-01"": 1277.6164665061226, ""S013-WAT-01"": 1277.6164665061226, ""S001-FOD-02"": 2010.716245089493, ""S001-HYG-01"": 2010.716245089493, ""S001-MED-01"": 2010.716245089493, ""S001-MED-02"": 2010.716245089493, ""S001-WAT-01"": 2010.716245089493, ""S001-WAT-02"": 2010.716245089493, ""S001-WAT-03"": 2010.716245089493}"
K7a533ee16ba29e17,C,"[""S006-MED-01"", ""S006-WAT-01"", ""S007-MED-01"", ""S007-WAT-01"", ""S007-WAT-02"", ""S015-FOD-01"", ""S015-MED-01"", ""S015-WAT-01""]","[""S006"", ""S007"", ""S015""]",540.0,2985.268461015817,5.918680264494926,0.2601649669381343,2436.3092383007092,1788.260087321924,"{""S006-MED-01"": 1125.4219339808324, ""S006-WAT-01"": 1125.4219339808324, ""S007-MED-01"": 1811.739912678076, ""S007-WAT-01"": 1811.739912678076, ""S007-WAT-02"": 1811.739912678076, ""S015-FOD-01"": 2323.6735997404803, ""S015-MED-01"": 2323.6735997404803, ""S015-WAT-01"": 2323.6735997404803}"
K7a9e23c4f1ffe4c2,C,"[""S003-MED-01"", ""S003-WAT-03"", ""S006-MED-01"", ""S006-WAT-01"", ""S007-MED-01"", ""S007-WAT-01""]","[""S006"", ""S003"", ""S007""]",480.0,2992.5280653291543,5.682890667369622,0.2896386665787972,2372.4495557459395,1167.2951633358625,"{""S006-MED-01"": 1065.4219339808324, ""S006-WAT-01"": 1065.4219339808324, ""S003-MED-01"": 1938.441321739172, ""S003-WAT-03"": 1938.441321739172, ""S007-MED-01"": 2432.7048366641375, ""S007-WAT-01"": 2432.7048366641375}"
K7ad005620b505508,C,"[""S004-WAT-02""]","[""S004""]",330.0,1971.0566924832005,4.975782019883122,0.3780272475146097,2180.9409637183458,,"{""S004-WAT-02"": 1253.4983462416003}"
K7b81db32cf1a4edf,C,"[""S001-HYG-01"", ""S001-MED-01"", ""S001-MED-02"", ""S001-WAT-01"", ""S002-MED-01"", ""S002-WAT-01"", ""S005-FOD-01"", ""S005-MED-01"", ""S005-WAT-01""]","[""S001"", ""S002"", ""S005""]",570.0,3042.4419079377626,6.34926452256007,0.2063419346799913,2552.925808193352,1762.0536004491407,"{""S001-HYG-01"": 1200.2695386645796, ""S001-MED-01"": 1200.2695386645796, ""S001-MED-02"": 1200.2695386645796, ""S001-WAT-01"": 1200.2695386645796, ""S002-MED-01"": 1837.9463995508593, ""S002-WAT-01"": 1837.9463995508593, ""S005-FOD-01"": 2538.481645674872, ""S005-MED-01"": 2538.481645674872, ""S005-WAT-01"": 2538.481645674872}"
K7bae4759637950ad,A,"[""S004-WAT-01""]","[""S004""]",330.0,2118.800185367184,3.0353555177221425,0.3254765516173017,1376.8804828975078,5888.953240649741,"{""S004-WAT-01"": 1311.0467593502588}"
K7d06e69e0d96a9c4,C,"[""S005-FOD-01""]","[""S005""]",330.0,1547.1905245257808,3.371101014363525,0.5786123732045594,1746.339858056788,,"{""S005-FOD-01"": 1043.2302622628904}"
K7d1966b676b3cc3e,C,"[""S001-MED-01"", ""S001-MED-02"", ""S001-WAT-01"", ""S001-WAT-02"", ""S007-MED-01"", ""S007-WAT-01"", ""S011-FOD-01"", ""S011-MED-01"", ""S011-WAT-01""]","[""S001"", ""S007"", ""S011""]",570.0,2876.6198183080837,5.95103496069992,0.25612062991250995,2445.071968522895,1654.4637607450397,"{""S001-MED-01"": 1200.2695386645796, ""S001-MED-02"": 1200.2695386645796, ""S001-WAT-01"": 1200.2695386645796, ""S001-WAT-02"": 1200.2695386645796, ""S007-MED-01"": 1945.5362392549603, ""S007-WAT-01"": 1945.5362392549603, ""S011-FOD-01"": 2572.279289628656, ""S011-MED-01"": 2572.279289628656, ""S011-WAT-01"": 2572.279289628656}"
K7d1c2b76b4e740be,C,"[""S003-FOD-01"", ""S003-FOD-02"", ""S003-HYG-01"", ""S003-MED-01"", ""S003-WAT-01"", ""S003-WAT-02"", ""S003-WAT-04""]","[""S003""]",510.0,2502.0913496046687,6.3240577359260435,0.20949278300924457,2546.098970146637,5488.494325197666,"{""S003-FOD-01"": 1711.5056748023344, ""S003-FOD-02"": 1711.5056748023344, ""S003-HYG-01"": 1711.5056748023344, ""S003-MED-01"": 1711.5056748023344, ""S003-WAT-01"": 1711.5056748023344, ""S003-WAT-02"": 1711.5056748023344, ""S003-WAT-04"": 1711.5056748023344}"
K7d445265026bfc22,C,"[""S003-FOD-01"", ""S003-FOD-02"", ""S003-MED-01"", ""S007-FOD-01"", ""S007-MED-01"", ""S015-FOD-01"", ""S015-MED-01"", ""S015-WAT-01""]","[""S015"", ""S003"", ""S007""]",540.0,3051.4850431961713,6.127221539581181,0.23409730755235236,2492.7891669699034,1108.3381854688455,"{""S015-FOD-01"": 1454.914861275337, ""S015-MED-01"": 1454.914861275337, ""S015-WAT-01"": 1454.914861275337, ""S003-FOD-01"": 1997.3982996061893, ""S003-FOD-02"": 1997.3982996061893, ""S003-MED-01"": 1997.3982996061893, ""S007-FOD-01"": 2491.6618145311545, ""S007-MED-01"": 2491.6618145311545}"
K7dd3576d0e9c4a78,C,"[""S010-FOD-01"", ""S010-MED-01"", ""S010-WAT-01"", ""S013-FOD-01"", ""S013-MED-01"", ""S013-WAT-01"", ""S014-FOD-01"", ""S014-MED-01""]","[""S010"", ""S014"", ""S013""]",540.0,2986.8999467901363,5.7984638000332405,0.27519202499584494,2403.7506125090026,1091.1165197159867,"{""S010-FOD-01"": 1312.159205522987, ""S010-MED-01"": 1312.159205522987, ""S010-WAT-01"": 1312.159205522987, ""S014-FOD-01"": 1848.7058303780093, ""S014-MED-01"": 1848.7058303780093, ""S013-FOD-01"": 2508.8834802840133, ""S013-MED-01"": 2508.8834802840133, ""S013-WAT-01"": 2508.8834802840133}"
K7dd4b0c4edc68fec,C,"[""S002-WAT-03""]","[""S002""]",330.0,1777.8123848152607,4.735608319420081,0.4080489600724899,2115.8939198429384,,"{""S002-WAT-03"": 1157.3161924076303}"
K7e280127285a80e3,C,"[""S001-MED-01"", ""S001-MED-02"", ""S001-WAT-01"", ""S001-WAT-02"", ""S007-MED-01"", ""S007-WAT-01"", ""S011-FOD-01"", ""S011-MED-01"", ""S011-WAT-01""]","[""S007"", ""S011"", ""S001""]",570.0,2851.2344330397727,6.202169454737319,0.22472881815783508,2513.087560658024,1060.665105624807,"{""S007-MED-01"": 1359.7432286650169, ""S007-WAT-01"": 1359.7432286650169, ""S011-FOD-01"": 1986.486279038713, ""S011-MED-01"": 1986.486279038713, ""S011-WAT-01"": 1986.486279038713, ""S001-MED-01"": 2539.334894375193, ""S001-MED-02"": 2539.334894375193, ""S001-WAT-01"": 2539.334894375193, ""S001-WAT-02"": 2539.334894375193}"
K7e698c920a5f6f75,B,"[""S007-WAT-02""]","[""S007""]",330.0,1516.2753989804246,1.5531797132313567,0.6117050716921608,1339.7112090669214,,"{""S007-WAT-02"": 1005.7776994902123}"
K7e911ef5b947aa6f,C,"[""S001-FOD-01"", ""S001-FOD-02"", ""S001-FOD-03"", ""S001-HYG-01"", ""S001-MED-01"", ""S001-MED-02"", ""S001-WAT-05""]","[""S001""]",510.0,1560.1690773291593,2.309532357648675,0.7113084552939156,1458.8316801965161,2351.7304613354204,"{""S001-FOD-01"": 1248.2695386645796, ""S001-FOD-02"": 1248.2695386645796, ""S001-FOD-03"": 1248.2695386645796, ""S001-HYG-01"": 1248.2695386645796, ""S001-MED-01"": 1248.2695386645796, ""S001-MED-02"": 1248.2695386645796, ""S001-WAT-05"": 1248.2695386645796}"
K7e94b150b9381480,C,"[""S002-FOD-01"", ""S002-FOD-02"", ""S002-MED-01"", ""S005-FOD-01"", ""S005-MED-01"", ""S009-FOD-01"", ""S009-MED-01"", ""S009-WAT-01""]","[""S005"", ""S002"", ""S009""]",540.0,2971.3423264980515,6.297063957584294,0.21286700530196323,2538.7881551790792,1612.6844916130963,"{""S005-FOD-01"": 1289.2302622628904, ""S005-MED-01"": 1289.2302622628904, ""S002-FOD-01"": 1987.3155083869037, ""S002-FOD-02"": 1987.3155083869037, ""S002-MED-01"": 1987.3155083869037, ""S009-FOD-01"": 2482.943307894752, ""S009-MED-01"": 2482.943307894752, ""S009-WAT-01"": 2482.943307894752}"
K7ecb9f1b39617da1,B,"[""S014-WAT-01""]","[""S014""]",330.0,1749.7564163815437,1.8690582410162047,0.5327354397459488,1476.5919044403554,2477.5651251425616,"{""S014-WAT-01"": 1122.4348748574384}"
K7f56b5c1345b874d,C,"[""S008-FOD-01"", ""S008-MED-01"", ""S008-WAT-01""]","[""S008""]",390.0,2067.7012130854614,5.344883743109625,0.3318895321112969,2280.9060137588567,5834.30939345727,"{""S008-FOD-01"": 1365.6906065427306, ""S008-MED-01"": 1365.6906065427306, ""S008-WAT-01"": 1365.6906065427306}"
K7f7859856d4d5769,A,"[""S004-HYG-01""]","[""S004""]",330.0,2118.800185367184,2.933570877838128,0.348095360480416,1347.4760313754593,,"{""S004-HYG-01"": 1311.0467593502588}"
K7fa8c4db004d15b7,C,"[""S001-MED-01"", ""S001-MED-02"", ""S001-WAT-01"", ""S002-MED-01"", ""S002-WAT-01"", ""S004-FOD-01""]","[""S001"", ""S004"", ""S002""]",480.0,2920.517823328535,6.102410237581383,0.23719872030232714,2486.069439344958,1299.9783690790955,"{""S001-MED-01"": 1074.2695386645796, ""S001-MED-02"": 1074.2695386645796, ""S001-WAT-01"": 1074.2695386645796, ""S004-FOD-01"": 1798.9314015626292, ""S002-MED-01"": 2300.0216309209045, ""S002-WAT-01"": 2300.0216309209045}"
K7fbe7e9ce8e57a6e,A,"[""S011-FOD-01""]","[""S011""]",330.0,1162.0229466578785,1.10144721478425,0.7552339522701667,818.1958620487833,,"{""S011-FOD-01"": 833.198139995606}"
K8055250d351fcf58,C,"[""S003-FOD-01"", ""S003-MED-01"", ""S003-WAT-01"", ""S003-WAT-02"", ""S003-WAT-04"", ""S007-MED-01"", ""S007-WAT-01""]","[""S007"", ""S003""]",510.0,2693.5924183923166,6.2065278199671665,0.22418402250410419,2514.2679512411073,2300.256771334983,"{""S007-MED-01"": 1299.7432286650169, ""S007-WAT-01"": 1299.7432286650169, ""S003-FOD-01"": 1903.0067435899823, ""S003-MED-01"": 1903.0067435899823, ""S003-WAT-01"": 1903.0067435899823, ""S003-WAT-02"": 1903.0067435899823, ""S003-WAT-04"": 1903.0067435899823}"
K806392540527a13e,A,"[""S013-FOD-01""]","[""S013""]",330.0,1552.1137376764395,1.8712384331477103,0.5841692370782866,1040.5799917982274,,"{""S013-FOD-01"": 1023.5902021715531}"
K8133622109f87f06,C,"[""S001-FOD-01"", ""S001-FOD-02"", ""S001-FOD-03"", ""S001-HYG-01"", ""S001-HYG-02"", ""S001-MED-01"", ""S001-MED-02"", ""S001-WAT-07""]","[""S001""]",540.0,1626.1690773291593,2.405026168043529,0.6993717289945589,1484.6945871784558,2285.7304613354204,"{""S001-FOD-01"": 1314.2695386645796, ""S001-FOD-02"": 1314.2695386645796, ""S001-FOD-03"": 1314.2695386645796, ""S001-HYG-01"": 1314.2695386645796, ""S001-HYG-02"": 1314.2695386645796, ""S001-MED-01"": 1314.2695386645796, ""S001-MED-02"": 1314.2695386645796, ""S001-WAT-07"": 1314.2695386645796}"
K8167c0ae24d0a37a,C,"[""S003-FOD-01""]","[""S003""]",330.0,2106.0913496046687,4.695424207416355,0.4130719740729556,2105.0107228419297,,"{""S003-FOD-01"": 1315.5056748023344}"
K818373b2b01da0de,B,"[""S012-FOD-01"", ""S012-MED-01"", ""S012-WAT-01""]","[""S012""]",390.0,1922.7403507441854,2.752414298801739,0.3118964252995653,1859.3795294807535,2328.699824627907,"{""S012-FOD-01"": 1271.3001753720928, ""S012-MED-01"": 1271.3001753720928, ""S012-WAT-01"": 1271.3001753720928}"
K819d6110796ac174,B,"[""S004-MED-01""]","[""S004""]",330.0,1861.643637063279,2.3307730024817017,0.41730674937957457,1676.668301075404,6017.531514801694,"{""S004-MED-01"": 1182.468485198306}"
K8250e151a1358fa4,C,"[""S001-MED-01"", ""S001-MED-02"", ""S001-WAT-01"", ""S002-MED-01"", ""S002-WAT-01"", ""S004-WAT-01""]","[""S001"", ""S002"", ""S004""]",480.0,2893.714975150735,6.125863254738126,0.2342670931577342,2492.4212981582427,1888.0536004491407,"{""S001-MED-01"": 1074.2695386645796, ""S001-MED-02"": 1074.2695386645796, ""S001-WAT-01"": 1074.2695386645796, ""S002-MED-01"": 1711.9463995508593, ""S002-WAT-01"": 1711.9463995508593, ""S004-WAT-01"": 2176.1566289091347}"
K8273b817588a450d,B,"[""S001-WAT-08""]","[""S001""]",330.0,1089.100207293352,1.0069748039987942,0.7482562990003014,1103.022415066144,,"{""S001-WAT-08"": 797.6734369800093}"
K82caa56d85757e5d,C,"[""S010-MED-01"", ""S010-WAT-01"", ""S012-MED-01"", ""S012-WAT-01"", ""S013-MED-01"", ""S013-WAT-01""]","[""S012"", ""S013"", ""S010""]",480.0,2940.786110317472,6.349784941005691,0.20627688237428865,2553.066754855708,1165.7630952055147,"{""S012-MED-01"": 1405.690341184267, ""S012-WAT-01"": 1405.690341184267, ""S013-MED-01"": 1953.1420639691642, ""S013-WAT-01"": 1953.1420639691642, ""S010-MED-01"": 2434.2369047944853, ""S010-WAT-01"": 2434.2369047944853}"
K82d37bf6224de801,B,"[""S005-WAT-03""]","[""S005""]",330.0,1456.1702283018226,1.7198628869104358,0.5700342782723911,1411.9405843278555,,"{""S005-WAT-03"": 980.8417808175781}"
K82d38546e57b242d,C,"[""S003-MED-01"", ""S003-WAT-01"", ""S003-WAT-02"", ""S003-WAT-04"", ""S007-MED-01"", ""S007-WAT-01""]","[""S007"", ""S003""]",480.0,2627.5924183923166,5.806817572434802,0.2741478034456497,2406.0130925344256,2330.256771334983,"{""S007-MED-01"": 1269.7432286650169, ""S007-WAT-01"": 1269.7432286650169, ""S003-MED-01"": 1837.0067435899823, ""S003-WAT-01"": 1837.0067435899823, ""S003-WAT-02"": 1837.0067435899823, ""S003-WAT-04"": 1837.0067435899823}"
K82e2a3b004b884a1,A,"[""S005-MED-01"", ""S008-MED-01"", ""S008-WAT-01""]","[""S005"", ""S008""]",390.0,2493.1562941072098,3.3311081201948873,0.25975375106780285,1462.3201236118564,5512.183308930009,"{""S005-MED-01"": 1128.8518964321288, ""S008-MED-01"": 1687.8166910699906, ""S008-WAT-01"": 1687.8166910699906}"
K831a75f952cb6cb4,C,"[""S001-MED-01"", ""S001-MED-02"", ""S001-WAT-01"", ""S002-MED-01"", ""S002-WAT-01"", ""S005-MED-01"", ""S005-WAT-03""]","[""S001"", ""S002"", ""S005""]",510.0,2910.4419079377626,5.884341058427989,0.2644573676965014,2427.0090366575805,1858.0536004491407,"{""S001-MED-01"": 1104.2695386645796, ""S001-MED-02"": 1104.2695386645796, ""S001-WAT-01"": 1104.2695386645796, ""S002-MED-01"": 1741.9463995508593, ""S002-WAT-01"": 1741.9463995508593, ""S005-MED-01"": 2406.481645674872, ""S005-WAT-03"": 2406.481645674872}"
K8383d7e145d3842f,B,"[""S007-MED-01""]","[""S007""]",330.0,1516.2753989804246,1.4435724005375117,0.6391068998656221,1292.2147068995885,2594.2223005097876,"{""S007-MED-01"": 1005.7776994902123}"
K83d479748eacd340,A,"[""S002-WAT-01""]","[""S002""]",330.0,1943.7379819346033,2.871432789745099,0.36190382450108904,1329.5250281485842,2376.1910090326983,"{""S002-WAT-01"": 1223.8089909673017}"
K844ad6e05d7c4e54,C,"[""S006-FOD-01"", ""S006-HYG-01"", ""S006-MED-01"", ""S006-WAT-01"", ""S006-WAT-02"", ""S006-WAT-03"", ""S007-FOD-01"", ""S007-HYG-01"", ""S007-MED-01""]","[""S006"", ""S007""]",570.0,2545.563141343093,4.43043270979413,0.44619591127573377,2033.2421922359104,1614.260087321924,"{""S006-FOD-01"": 1299.4219339808324, ""S006-HYG-01"": 1299.4219339808324, ""S006-MED-01"": 1299.4219339808324, ""S006-WAT-01"": 1299.4219339808324, ""S006-WAT-02"": 1299.4219339808324, ""S006-WAT-03"": 1299.4219339808324, ""S007-FOD-01"": 1985.739912678076, ""S007-HYG-01"": 1985.739912678076, ""S007-MED-01"": 1985.739912678076}"
K844c9c23c17b47b0,C,"[""S007-FOD-01"", ""S007-HYG-01"", ""S007-MED-01"", ""S007-WAT-01"", ""S007-WAT-02"", ""S015-FOD-01"", ""S015-MED-01"", ""S015-WAT-01""]","[""S015"", ""S007""]",540.0,2611.271777002758,5.875702144508117,0.2655372319364854,2424.669330804282,1548.5514516622588,"{""S015-FOD-01"": 1454.914861275337, ""S015-MED-01"": 1454.914861275337, ""S015-WAT-01"": 1454.914861275337, ""S007-FOD-01"": 2051.448548337741, ""S007-HYG-01"": 2051.448548337741, ""S007-MED-01"": 2051.448548337741, ""S007-WAT-01"": 2051.448548337741, ""S007-WAT-02"": 2051.448548337741}"
K850af5c75762c51c,C,"[""S010-FOD-01"", ""S010-MED-01"", ""S012-FOD-01"", ""S012-MED-01"", ""S013-FOD-01"", ""S013-MED-01"", ""S013-WAT-01""]","[""S012"", ""S013"", ""S010""]",510.0,3006.786110317472,6.217318578496473,0.22283517768794092,2517.1904483427948,1099.7630952055147,"{""S012-FOD-01"": 1435.690341184267, ""S012-MED-01"": 1435.690341184267, ""S013-FOD-01"": 2019.1420639691642, ""S013-MED-01"": 2019.1420639691642, ""S013-WAT-01"": 2019.1420639691642, ""S010-FOD-01"": 2500.2369047944853, ""S010-MED-01"": 2500.2369047944853}"
K8639aca9a8d44515,C,"[""S003-FOD-01"", ""S003-FOD-02"", ""S003-MED-01"", ""S007-FOD-01"", ""S007-MED-01"", ""S015-FOD-01"", ""S015-MED-01"", ""S015-WAT-01""]","[""S007"", ""S003"", ""S015""]",540.0,3051.485043196172,6.116776351316441,0.23540295608544493,2489.960261814869,2270.256771334983,"{""S007-FOD-01"": 1329.7432286650169, ""S007-MED-01"": 1329.7432286650169, ""S003-FOD-01"": 1861.0067435899823, ""S003-FOD-02"": 1861.0067435899823, ""S003-MED-01"": 1861.0067435899823, ""S015-FOD-01"": 2389.8901819208345, ""S015-MED-01"": 2389.8901819208345, ""S015-WAT-01"": 2389.8901819208345}"
K86615bd9284ea90a,C,"[""S002-MED-01"", ""S002-WAT-01"", ""S004-FOD-01"", ""S004-MED-01"", ""S004-WAT-01""]","[""S004"", ""S002""]",450.0,2567.084768007506,6.168724432800817,0.22890944589989792,2504.0295338835544,1653.4114244001241,"{""S004-FOD-01"": 1445.4983462416003, ""S004-MED-01"": 1445.4983462416003, ""S004-WAT-01"": 1445.4983462416003, ""S002-MED-01"": 1946.5885755998759, ""S002-WAT-01"": 1946.5885755998759}"
K86d27e9d8aa6c044,C,"[""S001-FOD-01"", ""S001-HYG-01"", ""S001-MED-01"", ""S001-MED-02"", ""S001-WAT-01"", ""S001-WAT-02"", ""S001-WAT-03"", ""S013-MED-01"", ""S013-WAT-01""]","[""S013"", ""S001""]",570.0,2322.6157837540727,5.703292275623303,0.2870884655470871,2377.9749913146447,1589.283754910507,"{""S013-MED-01"": 1277.6164665061226, ""S013-WAT-01"": 1277.6164665061226, ""S001-FOD-01"": 2010.716245089493, ""S001-HYG-01"": 2010.716245089493, ""S001-MED-01"": 2010.716245089493, ""S001-MED-02"": 2010.716245089493, ""S001-WAT-01"": 2010.716245089493, ""S001-WAT-02"": 2010.716245089493, ""S001-WAT-03"": 2010.716245089493}"
K86e330cc741efc4c,C,"[""S001-MED-01"", ""S001-MED-02"", ""S001-WAT-01"", ""S002-MED-01"", ""S002-WAT-01"", ""S004-FOD-01"", ""S004-HYG-01"", ""S004-MED-01""]","[""S001"", ""S004"", ""S002""]",540.0,3052.517823328535,6.347316983953155,0.20658537700585566,2552.398349820646,1167.9783690790955,"{""S001-MED-01"": 1134.2695386645796, ""S001-MED-02"": 1134.2695386645796, ""S001-WAT-01"": 1134.2695386645796, ""S004-FOD-01"": 1930.9314015626292, ""S004-HYG-01"": 1930.9314015626292, ""S004-MED-01"": 1930.9314015626292, ""S002-MED-01"": 2432.0216309209045, ""S002-WAT-01"": 2432.0216309209045}"
K870217061c8b1500,A,"[""S001-MED-01"", ""S001-MED-02"", ""S008-WAT-02""]","[""S008"", ""S001""]",390.0,2520.547312803576,3.4816572429503285,0.2262983904554825,1505.8120924078728,1421.779104901742,"{""S008-WAT-02"": 1365.792936370552, ""S001-MED-01"": 2178.220895098258, ""S001-MED-02"": 2178.220895098258}"
K877084c0bd149905,C,"[""S001-MED-01"", ""S001-MED-02"", ""S001-WAT-01"", ""S002-MED-01"", ""S002-WAT-01"", ""S005-HYG-01"", ""S005-MED-01""]","[""S001"", ""S002"", ""S005""]",510.0,2910.4419079377626,5.634761024951782,0.29565487188102724,2359.4144442577744,1858.0536004491407,"{""S001-MED-01"": 1104.2695386645796, ""S001-MED-02"": 1104.2695386645796, ""S001-WAT-01"": 1104.2695386645796, ""S002-MED-01"": 1741.9463995508593, ""S002-WAT-01"": 1741.9463995508593, ""S005-HYG-01"": 2406.481645674872, ""S005-MED-01"": 2406.481645674872}"
K87b2fdc5cbba91f5,C,"[""S003-FOD-01"", ""S003-MED-01"", ""S003-WAT-01"", ""S003-WAT-04""]","[""S003""]",420.0,2304.0913496046687,5.209161832281397,0.3488547709648254,2244.147996242878,5686.494325197666,"{""S003-FOD-01"": 1513.5056748023344, ""S003-MED-01"": 1513.5056748023344, ""S003-WAT-01"": 1513.5056748023344, ""S003-WAT-04"": 1513.5056748023344}"
K87ebe2bff735a743,C,"[""S010-FOD-01"", ""S010-MED-01"", ""S010-WAT-01"", ""S013-FOD-01"", ""S013-MED-01"", ""S013-WAT-01"", ""S014-MED-01"", ""S014-WAT-01""]","[""S013"", ""S014"", ""S010""]",540.0,2986.899946790136,6.12511112858914,0.23436110892635753,2492.2175973262256,1119.6492587328512,"{""S013-FOD-01"": 1283.6164665061224, ""S013-MED-01"": 1283.6164665061224, ""S013-WAT-01"": 1283.6164665061224, ""S014-MED-01"": 1907.8641164121264, ""S014-WAT-01"": 1907.8641164121264, ""S010-FOD-01"": 2480.350741267149, ""S010-MED-01"": 2480.350741267149, ""S010-WAT-01"": 2480.350741267149}"
K88836bebf92fb8ba,B,"[""S011-WAT-01""]","[""S011""]",330.0,1068.420472235157,0.9364007710823252,0.7658998072294187,1072.4403341356742,10013.603097215755,"{""S011-WAT-01"": 786.3969027842452}"
K88c30791dfd9172e,B,"[""S008-WAT-02""]","[""S008""]",330.0,1841.8314356603312,2.5893460140168454,0.35266349649578865,1788.7166060739664,,"{""S008-WAT-02"": 1171.1423844968322}"
K892a1d0d50edaadc,C,"[""S010-FOD-01"", ""S010-MED-01"", ""S010-WAT-01"", ""S012-FOD-01"", ""S012-MED-01"", ""S013-FOD-01"", ""S013-MED-01"", ""S013-WAT-01""]","[""S010"", ""S013"", ""S012""]",540.0,3072.7861103174723,6.253762653419369,0.21827966832257883,2527.0607186344123,1216.1142308667945,"{""S010-FOD-01"": 1312.159205522987, ""S010-MED-01"": 1312.159205522987, ""S010-WAT-01"": 1312.159205522987, ""S013-FOD-01"": 1829.2440463483085, ""S013-MED-01"": 1829.2440463483085, ""S013-WAT-01"": 1829.2440463483085, ""S012-FOD-01"": 2383.8857691332055, ""S012-MED-01"": 2383.8857691332055}"
K894dac3a6082ce21,C,"[""S001-FOD-01"", ""S001-FOD-02"", ""S001-FOD-03"", ""S001-HYG-01"", ""S001-HYG-02"", ""S001-MED-01"", ""S001-MED-02"", ""S001-WAT-01"", ""S001-WAT-03"", ""S011-MED-01""]","[""S011"", ""S001""]",600.0,2156.648682680487,4.011353538088952,0.498580807738881,1919.7415832324245,1755.2508559840926,"{""S011-MED-01"": 1111.9005286794275, ""S001-FOD-01"": 1844.7491440159074, ""S001-FOD-02"": 1844.7491440159074, ""S001-FOD-03"": 1844.7491440159074, ""S001-HYG-01"": 1844.7491440159074, ""S001-HYG-02"": 1844.7491440159074, ""S001-MED-01"": 1844.7491440159074, ""S001-MED-02"": 1844.7491440159074, ""S001-WAT-01"": 1844.7491440159074, ""S001-WAT-03"": 1844.7491440159074}"
K898824581a247df1,C,"[""S001-MED-01"", ""S001-MED-02"", ""S001-WAT-01"", ""S006-MED-01"", ""S006-WAT-01"", ""S007-FOD-01"", ""S007-MED-01"", ""S007-WAT-01"", ""S007-WAT-02""]","[""S001"", ""S007"", ""S006""]",570.0,2987.3561519330365,6.295434207605141,0.21307072404935734,2538.3467645597257,964.7757820477959,"{""S001-MED-01"": 1164.2695386645796, ""S001-MED-02"": 1164.2695386645796, ""S001-WAT-01"": 1164.2695386645796, ""S007-FOD-01"": 1981.5362392549603, ""S007-MED-01"": 1981.5362392549603, ""S007-WAT-01"": 1981.5362392549603, ""S007-WAT-02"": 1981.5362392549603, ""S006-MED-01"": 2635.224217952204, ""S006-WAT-01"": 2635.224217952204}"
K89ad27a6298da496,C,"[""S003-MED-01"", ""S003-WAT-01"", ""S003-WAT-04"", ""S006-MED-01"", ""S006-WAT-01"", ""S007-MED-01"", ""S007-WAT-01""]","[""S007"", ""S003"", ""S006""]",510.0,3058.5280653291543,6.3097051807649285,0.21128685240438394,2542.2118197905015,893.6038686516781,"{""S007-MED-01"": 1299.7432286650169, ""S007-WAT-01"": 1299.7432286650169, ""S003-MED-01"": 1831.0067435899823, ""S003-WAT-01"": 1831.0067435899823, ""S003-WAT-04"": 1831.0067435899823, ""S006-MED-01"": 2706.396131348322, ""S006-WAT-01"": 2706.396131348322}"
K89b9152d2bcf303b,C,"[""S002-MED-01"", ""S002-WAT-01"", ""S004-HYG-01"", ""S004-MED-01"", ""S004-WAT-01""]","[""S002"", ""S004""]",450.0,2567.084768007506,6.1051662726899725,0.23685421591375344,2486.815865520201,2286.6838075923697,"{""S002-MED-01"": 1313.3161924076305, ""S002-WAT-01"": 1313.3161924076305, ""S004-HYG-01"": 1849.526421765906, ""S004-MED-01"": 1849.526421765906, ""S004-WAT-01"": 1849.526421765906}"
K89c923c960662c96,C,"[""S003-MED-01"", ""S003-WAT-01"", ""S003-WAT-03"", ""S006-MED-01"", ""S006-WAT-01"", ""S007-MED-01"", ""S007-WAT-01""]","[""S006"", ""S003"", ""S007""]",510.0,3058.5280653291543,6.216190892725213,0.22297613840934838,2516.885033446412,1101.2951633358625,"{""S006-MED-01"": 1095.4219339808324, ""S006-WAT-01"": 1095.4219339808324, ""S003-MED-01"": 2004.441321739172, ""S003-WAT-01"": 2004.441321739172, ""S003-WAT-03"": 2004.441321739172, ""S007-MED-01"": 2498.7048366641375, ""S007-WAT-01"": 2498.7048366641375}"
K8a2c9c9f20383c3b,C,"[""S002-FOD-01"", ""S002-FOD-02"", ""S002-HYG-01"", ""S002-MED-01"", ""S002-WAT-01"", ""S009-FOD-01"", ""S009-MED-01"", ""S009-WAT-01""]","[""S002"", ""S009""]",540.0,2495.3430105187786,6.198543301848192,0.22518208726897604,2512.105477583885,2088.6838075923697,"{""S002-FOD-01"": 1511.3161924076305, ""S002-FOD-02"": 1511.3161924076305, ""S002-HYG-01"": 1511.3161924076305, ""S002-MED-01"": 1511.3161924076305, ""S002-WAT-01"": 1511.3161924076305, ""S009-FOD-01"": 2006.9439919154786, ""S009-MED-01"": 2006.9439919154786, ""S009-WAT-01"": 2006.9439919154786}"
K8b09de1dec4f4104,C,"[""S010-FOD-01"", ""S010-MED-01"", ""S012-FOD-01"", ""S012-MED-01"", ""S013-FOD-01"", ""S013-MED-01"", ""S013-WAT-01""]","[""S013"", ""S012"", ""S010""]",510.0,2968.358973147595,5.875387890834332,0.26557651364570845,2424.5842204342985,1138.1902323753916,"{""S013-FOD-01"": 1253.6164665061224, ""S013-MED-01"": 1253.6164665061224, ""S013-WAT-01"": 1253.6164665061224, ""S012-FOD-01"": 1808.2581892910193, ""S012-MED-01"": 1808.2581892910193, ""S010-FOD-01"": 2461.8097676246084, ""S010-MED-01"": 2461.8097676246084}"
K8b782f137a165ec4,C,"[""S001-MED-01"", ""S001-MED-02"", ""S001-WAT-01"", ""S001-WAT-02"", ""S001-WAT-03"", ""S001-WAT-08"", ""S013-MED-01"", ""S013-WAT-01""]","[""S013"", ""S001""]",540.0,2256.6157837540723,5.703292275623303,0.2870884655470871,2377.9749913146447,1655.2837549105072,"{""S013-MED-01"": 1247.6164665061224, ""S013-WAT-01"": 1247.6164665061224, ""S001-MED-01"": 1944.7162450894928, ""S001-MED-02"": 1944.7162450894928, ""S001-WAT-01"": 1944.7162450894928, ""S001-WAT-02"": 1944.7162450894928, ""S001-WAT-03"": 1944.7162450894928, ""S001-WAT-08"": 1944.7162450894928}"
K8bdd872775291f5f,C,"[""S002-MED-01"", ""S002-WAT-01"", ""S004-HYG-01"", ""S004-MED-01"", ""S004-WAT-01""]","[""S004"", ""S002""]",450.0,2567.084768007506,6.113378262374658,0.23582771720316775,2489.0399460598032,1653.4114244001241,"{""S004-HYG-01"": 1445.4983462416003, ""S004-MED-01"": 1445.4983462416003, ""S004-WAT-01"": 1445.4983462416003, ""S002-MED-01"": 1946.5885755998759, ""S002-WAT-01"": 1946.5885755998759}"
K8bfe998f8716182f,A,"[""S008-WAT-01""]","[""S008""]",330.0,2111.132539407771,3.1464665897671082,0.300785202273976,1408.9792370438313,5894.207063629448,"{""S008-WAT-01"": 1305.792936370552}"
K8c3978c0f9044e5e,C,"[""S001-FOD-02""]","[""S001""]",330.0,1164.1690773291593,1.96206498968244,0.754741876289695,1364.7259347056608,,"{""S001-FOD-02"": 852.2695386645796}"
K8c7b8b64deb27137,C,"[""S007-HYG-01""]","[""S007""]",330.0,1643.566457330034,2.9596742978611754,0.6300407127673531,1634.9117890040682,,"{""S007-HYG-01"": 1083.7432286650169}"
K8d2def3551559967,C,"[""S001-FOD-01"", ""S001-FOD-02"", ""S001-FOD-03"", ""S001-HYG-01"", ""S001-HYG-02"", ""S001-MED-01"", ""S001-MED-02"", ""S001-WAT-05""]","[""S001""]",540.0,1626.1690773291593,2.405026168043529,0.6993717289945589,1484.6945871784558,2285.7304613354204,"{""S001-FOD-01"": 1314.2695386645796, ""S001-FOD-02"": 1314.2695386645796, ""S001-FOD-03"": 1314.2695386645796, ""S001-HYG-01"": 1314.2695386645796, ""S001-HYG-02"": 1314.2695386645796, ""S001-MED-01"": 1314.2695386645796, ""S001-MED-02"": 1314.2695386645796, ""S001-WAT-05"": 1314.2695386645796}"
K8d7bed231cbf1724,C,"[""S001-MED-01"", ""S001-MED-02"", ""S002-MED-01"", ""S002-WAT-01"", ""S004-WAT-02""]","[""S001"", ""S002"", ""S004""]",450.0,2827.714975150735,5.954973680670236,0.25562828991622055,2446.1387051815223,1954.0536004491407,"{""S001-MED-01"": 1008.2695386645796, ""S001-MED-02"": 1008.2695386645796, ""S002-MED-01"": 1645.9463995508593, ""S002-WAT-01"": 1645.9463995508593, ""S004-WAT-02"": 2110.1566289091347}"
K8dab6414b5c2b2ef,C,"[""S003-FOD-01"", ""S003-FOD-02"", ""S003-HYG-01"", ""S003-MED-01"", ""S003-WAT-01"", ""S003-WAT-02""]","[""S003""]",480.0,2436.0913496046687,5.645047242492665,0.2943690946884169,2362.2002948417635,5554.494325197666,"{""S003-FOD-01"": 1645.5056748023344, ""S003-FOD-02"": 1645.5056748023344, ""S003-HYG-01"": 1645.5056748023344, ""S003-MED-01"": 1645.5056748023344, ""S003-WAT-01"": 1645.5056748023344, ""S003-WAT-02"": 1645.5056748023344}"
K8de87dad99938afd,C,"[""S003-MED-01"", ""S003-WAT-01"", ""S003-WAT-03"", ""S006-HYG-01"", ""S006-MED-01"", ""S006-WAT-01"", ""S007-MED-01"", ""S007-WAT-01""]","[""S006"", ""S007"", ""S003""]",540.0,3133.589102405376,6.346832014708895,0.20664599816138818,2552.267003983659,1788.260087321924,"{""S006-HYG-01"": 1161.4219339808324, ""S006-MED-01"": 1161.4219339808324, ""S006-WAT-01"": 1161.4219339808324, ""S007-MED-01"": 1811.739912678076, ""S007-WAT-01"": 1811.739912678076, ""S003-MED-01"": 2343.0034276030415, ""S003-WAT-01"": 2343.0034276030415, ""S003-WAT-03"": 2343.0034276030415}"
K8dfb3cca89d58593,C,"[""S001-MED-01"", ""S001-MED-02"", ""S002-MED-01"", ""S002-WAT-01"", ""S002-WAT-03"", ""S012-MED-01""]","[""S001"", ""S002"", ""S012""]",480.0,2961.258870384509,6.157436743865111,0.23032040701686107,2500.9724514634677,1327.6414707997578,"{""S001-MED-01"": 1038.2695386645796, ""S001-MED-02"": 1038.2695386645796, ""S002-MED-01"": 1711.9463995508593, ""S002-WAT-01"": 1711.9463995508593, ""S002-WAT-03"": 1711.9463995508593, ""S012-MED-01"": 2272.358529200242}"
K8e42b4957f908c4b,C,"[""S001-FOD-01"", ""S001-FOD-02"", ""S001-FOD-03"", ""S001-MED-01"", ""S001-MED-02"", ""S011-FOD-01"", ""S011-MED-01"", ""S011-WAT-01""]","[""S001"", ""S011""]",540.0,2024.6486826804871,3.1433551189819386,0.6070806101272577,1684.6586780576085,2393.7304613354204,"{""S001-FOD-01"": 1206.2695386645796, ""S001-FOD-02"": 1206.2695386645796, ""S001-FOD-03"": 1206.2695386645796, ""S001-MED-01"": 1206.2695386645796, ""S001-MED-02"": 1206.2695386645796, ""S011-FOD-01"": 1720.3081540010596, ""S011-MED-01"": 1720.3081540010596, ""S011-WAT-01"": 1720.3081540010596}"
K8e5525a74d33c1fe,C,"[""S001-FOD-01"", ""S001-MED-01"", ""S001-MED-02"", ""S001-WAT-01"", ""S002-MED-01"", ""S002-WAT-01"", ""S005-HYG-01"", ""S005-MED-01"", ""S005-WAT-01""]","[""S001"", ""S005"", ""S002""]",570.0,3079.477862461497,6.372019338947897,0.20349758263151285,2559.0885709650556,1141.0183299461337,"{""S001-FOD-01"": 1200.2695386645796, ""S001-MED-01"": 1200.2695386645796, ""S001-MED-02"": 1200.2695386645796, ""S001-WAT-01"": 1200.2695386645796, ""S005-HYG-01"": 1796.896423929853, ""S005-MED-01"": 1796.896423929853, ""S005-WAT-01"": 1796.896423929853, ""S002-MED-01"": 2458.9816700538663, ""S002-WAT-01"": 2458.9816700538663}"
K8e85af21d326fa85,C,"[""S008-FOD-01"", ""S008-MED-01"", ""S008-WAT-02""]","[""S008""]",390.0,2067.7012130854614,5.344883743109625,0.3318895321112969,2280.9060137588567,5834.30939345727,"{""S008-FOD-01"": 1365.6906065427306, ""S008-MED-01"": 1365.6906065427306, ""S008-WAT-02"": 1365.6906065427306}"
K8f18330268393624,C,"[""S001-MED-01"", ""S001-MED-02"", ""S001-WAT-01"", ""S001-WAT-02"", ""S001-WAT-07"", ""S013-MED-01"", ""S013-WAT-01""]","[""S001"", ""S013""]",510.0,2190.6157837540727,4.13593712616593,0.4830078592292587,1953.4829716699394,1887.40068275205,"{""S001-MED-01"": 1176.2695386645796, ""S001-MED-02"": 1176.2695386645796, ""S001-WAT-01"": 1176.2695386645796, ""S001-WAT-02"": 1176.2695386645796, ""S001-WAT-07"": 1176.2695386645796, ""S013-MED-01"": 1712.59931724795, ""S013-WAT-01"": 1712.59931724795}"
K8fb4784cacf53c32,C,"[""S001-HYG-01"", ""S001-MED-01"", ""S001-MED-02"", ""S001-WAT-01"", ""S001-WAT-02"", ""S010-MED-01"", ""S010-WAT-01"", ""S013-MED-01"", ""S013-WAT-01""]","[""S001"", ""S013"", ""S010""]",570.0,2760.243363596259,5.000009283002193,0.3749988396247259,2187.502514146427,1346.3058419267281,"{""S001-HYG-01"": 1236.2695386645796, ""S001-MED-01"": 1236.2695386645796, ""S001-MED-02"": 1236.2695386645796, ""S001-WAT-01"": 1236.2695386645796, ""S001-WAT-02"": 1236.2695386645796, ""S013-MED-01"": 1772.59931724795, ""S013-WAT-01"": 1772.59931724795, ""S010-MED-01"": 2253.694158073272, ""S010-WAT-01"": 2253.694158073272}"
K8fe2992d3f075063,B,"[""S001-FOD-03""]","[""S001""]",330.0,1089.100207293352,0.9619966608020939,0.7595008347994765,1083.531886347574,,"{""S001-FOD-03"": 797.6734369800093}"
K9077dcf6d727092b,C,"[""S001-FOD-01"", ""S001-FOD-02"", ""S001-FOD-03"", ""S001-HYG-01"", ""S001-HYG-02"", ""S001-MED-01"", ""S001-MED-02"", ""S001-WAT-06""]","[""S001""]",540.0,1626.1690773291593,2.405026168043529,0.6993717289945589,1484.6945871784558,2285.7304613354204,"{""S001-FOD-01"": 1314.2695386645796, ""S001-FOD-02"": 1314.2695386645796, ""S001-FOD-03"": 1314.2695386645796, ""S001-HYG-01"": 1314.2695386645796, ""S001-HYG-02"": 1314.2695386645796, ""S001-MED-01"": 1314.2695386645796, ""S001-MED-02"": 1314.2695386645796, ""S001-WAT-06"": 1314.2695386645796}"
K9083c03b567f8f3f,B,"[""S003-WAT-01""]","[""S003""]",330.0,1960.5233035434708,2.424118782124915,0.39397030446877124,1717.1181389207966,5971.7650148949315,"{""S003-WAT-01"": 1228.2349851050687}"
K90e0bf78a8a656c6,C,"[""S009-MED-01""]","[""S009""]",330.0,1512.5680372066,3.5801473066077865,0.5524815866740267,1802.9565622062753,9775.8309813967,"{""S009-MED-01"": 1024.1690186033}"
K90e1e7343ef7c14d,C,"[""S003-MED-01"", ""S003-WAT-01"", ""S003-WAT-03"", ""S006-MED-01"", ""S006-WAT-01"", ""S007-MED-01"", ""S007-WAT-01""]","[""S007"", ""S003"", ""S006""]",510.0,3058.5280653291543,6.3097051807649285,0.21128685240438394,2542.2118197905015,893.6038686516781,"{""S007-MED-01"": 1299.7432286650169, ""S007-WAT-01"": 1299.7432286650169, ""S003-MED-01"": 1831.0067435899823, ""S003-WAT-01"": 1831.0067435899823, ""S003-WAT-03"": 1831.0067435899823, ""S006-MED-01"": 2706.396131348322, ""S006-WAT-01"": 2706.396131348322}"
K90e21240ae4029f5,C,"[""S001-HYG-01"", ""S001-MED-01"", ""S001-MED-02"", ""S001-WAT-01"", ""S002-MED-01"", ""S002-WAT-01"", ""S005-FOD-01"", ""S005-MED-01"", ""S005-WAT-01""]","[""S001"", ""S005"", ""S002""]",570.0,3079.477862461497,6.393248432150081,0.2008439459812399,2564.838117040647,1141.0183299461337,"{""S001-HYG-01"": 1200.2695386645796, ""S001-MED-01"": 1200.2695386645796, ""S001-MED-02"": 1200.2695386645796, ""S001-WAT-01"": 1200.2695386645796, ""S005-FOD-01"": 1796.896423929853, ""S005-MED-01"": 1796.896423929853, ""S005-WAT-01"": 1796.896423929853, ""S002-MED-01"": 2458.9816700538663, ""S002-WAT-01"": 2458.9816700538663}"
K910c29a9e4161495,C,"[""S002-FOD-01"", ""S002-FOD-02"", ""S002-HYG-01"", ""S002-MED-01"", ""S002-WAT-01"", ""S002-WAT-03""]","[""S002""]",480.0,2107.812384815261,5.601832518844596,0.29977093514442554,2350.496307187078,2112.6838075923697,"{""S002-FOD-01"": 1487.3161924076305, ""S002-FOD-02"": 1487.3161924076305, ""S002-HYG-01"": 1487.3161924076305, ""S002-MED-01"": 1487.3161924076305, ""S002-WAT-01"": 1487.3161924076305, ""S002-WAT-03"": 1487.3161924076305}"
K913864b5e9027059,C,"[""S003-MED-01"", ""S003-WAT-03"", ""S006-MED-01"", ""S006-WAT-01"", ""S007-MED-01"", ""S007-WAT-01""]","[""S006"", ""S007"", ""S003""]",480.0,3001.589102405376,5.677286239854604,0.29033922001817447,2370.931689960622,1884.260087321924,"{""S006-MED-01"": 1065.4219339808324, ""S006-WAT-01"": 1065.4219339808324, ""S007-MED-01"": 1715.739912678076, ""S007-WAT-01"": 1715.739912678076, ""S003-MED-01"": 2211.0034276030415, ""S003-WAT-03"": 2211.0034276030415}"
K913932faa8f3e404,C,"[""S001-MED-01"", ""S001-MED-02"", ""S001-WAT-01"", ""S005-MED-01"", ""S005-WAT-01"", ""S005-WAT-02"", ""S005-WAT-03""]","[""S001"", ""S005""]",510.0,2240.8566861927434,4.508545173095076,0.4364318533631155,2054.397651046583,2495.7304613354204,"{""S001-MED-01"": 1104.2695386645796, ""S001-MED-02"": 1104.2695386645796, ""S001-WAT-01"": 1104.2695386645796, ""S005-MED-01"": 1736.896423929853, ""S005-WAT-01"": 1736.896423929853, ""S005-WAT-02"": 1736.896423929853, ""S005-WAT-03"": 1736.896423929853}"
K91493ef6d6cf2940,C,"[""S003-MED-01"", ""S003-WAT-01"", ""S003-WAT-02"", ""S006-MED-01"", ""S006-WAT-01"", ""S007-MED-01"", ""S007-WAT-01""]","[""S006"", ""S003"", ""S007""]",510.0,3058.5280653291543,6.216190892725213,0.22297613840934838,2516.885033446412,1101.2951633358625,"{""S006-MED-01"": 1095.4219339808324, ""S006-WAT-01"": 1095.4219339808324, ""S003-MED-01"": 2004.441321739172, ""S003-WAT-01"": 2004.441321739172, ""S003-WAT-02"": 2004.441321739172, ""S007-MED-01"": 2498.7048366641375, ""S007-WAT-01"": 2498.7048366641375}"
K919ea3fe6ca9aa5c,C,"[""S001-MED-01"", ""S002-FOD-01"", ""S002-FOD-02"", ""S002-HYG-01"", ""S002-MED-01"", ""S002-WAT-01"", ""S009-FOD-01"", ""S009-MED-01"", ""S009-WAT-01""]","[""S009"", ""S002"", ""S001""]",570.0,2821.9732176620073,6.118673206133128,0.23516584923335904,2490.473993327722,1089.9263210025724,"{""S009-FOD-01"": 1336.1690186032997, ""S009-MED-01"": 1336.1690186032997, ""S009-WAT-01"": 1336.1690186032997, ""S002-FOD-01"": 1904.8468181111477, ""S002-FOD-02"": 1904.8468181111477, ""S002-HYG-01"": 1904.8468181111477, ""S002-MED-01"": 1904.8468181111477, ""S002-WAT-01"": 1904.8468181111477, ""S001-MED-01"": 2510.0736789974276}"
K91bfd048481d4de0,C,"[""S010-MED-01"", ""S010-WAT-01"", ""S014-FOD-01"", ""S014-MED-01"", ""S014-WAT-01""]","[""S010"", ""S014""]",450.0,2448.5152698513334,4.375343024081934,0.4530821219897583,2018.3220690221906,1841.2941696219907,"{""S010-MED-01"": 1186.159205522987, ""S010-WAT-01"": 1186.159205522987, ""S014-FOD-01"": 1758.7058303780093, ""S014-MED-01"": 1758.7058303780093, ""S014-WAT-01"": 1758.7058303780093}"
K921eeeb50fd3146a,B,"[""S005-FOD-01""]","[""S005""]",330.0,1456.1702283018226,1.6432865911750638,0.589178352206234,1378.7575228425276,,"{""S005-FOD-01"": 980.8417808175781}"
K924c016851ca11c9,A,"[""S002-FOD-01""]","[""S002""]",330.0,1943.7379819346033,2.795390182901146,0.3788021815775231,1307.55716394922,,"{""S002-FOD-01"": 1223.8089909673017}"
K92506c200fe5fa36,C,"[""S010-FOD-01"", ""S010-MED-01"", ""S010-WAT-01"", ""S013-MED-01"", ""S013-WAT-01""]","[""S010"", ""S013""]",450.0,2181.260512854431,3.9843930007468717,0.501950874906641,1912.439771035611,1896.7559536516915,"{""S010-FOD-01"": 1222.159205522987, ""S010-MED-01"": 1222.159205522987, ""S010-WAT-01"": 1222.159205522987, ""S013-MED-01"": 1703.2440463483085, ""S013-WAT-01"": 1703.2440463483085}"
K9283ac675b04cc69,C,"[""S001-FOD-01"", ""S001-MED-01"", ""S001-MED-02"", ""S001-WAT-01"", ""S001-WAT-04"", ""S010-MED-01"", ""S010-WAT-01"", ""S013-MED-01"", ""S013-WAT-01""]","[""S001"", ""S010"", ""S013""]",570.0,2833.268837928043,5.395775519811769,0.32552806002352885,2294.6892032823544,1244.74762857808,"{""S001-FOD-01"": 1236.2695386645796, ""S001-MED-01"": 1236.2695386645796, ""S001-MED-02"": 1236.2695386645796, ""S001-WAT-01"": 1236.2695386645796, ""S001-WAT-04"": 1236.2695386645796, ""S010-MED-01"": 1874.1675305965987, ""S010-WAT-01"": 1874.1675305965987, ""S013-MED-01"": 2355.25237142192, ""S013-WAT-01"": 2355.25237142192}"
K92c7ca5d80b7d1b2,C,"[""S001-FOD-01"", ""S001-MED-01"", ""S001-MED-02"", ""S001-WAT-01"", ""S001-WAT-04"", ""S010-MED-01"", ""S010-WAT-01"", ""S013-MED-01"", ""S013-WAT-01""]","[""S010"", ""S013"", ""S001""]",570.0,2760.2433635962584,5.920412907401133,0.2599483865748584,2436.7784957544736,1151.6561750683213,"{""S010-MED-01"": 1306.159205522987, ""S010-WAT-01"": 1306.159205522987, ""S013-MED-01"": 1787.2440463483085, ""S013-WAT-01"": 1787.2440463483085, ""S001-FOD-01"": 2448.3438249316787, ""S001-MED-01"": 2448.3438249316787, ""S001-MED-02"": 2448.3438249316787, ""S001-WAT-01"": 2448.3438249316787, ""S001-WAT-04"": 2448.3438249316787}"
K92f8147dd7a5e3ae,C,"[""S001-FOD-01"", ""S001-FOD-02"", ""S001-FOD-03"", ""S001-HYG-01"", ""S001-MED-01"", ""S001-MED-02"", ""S001-WAT-01"", ""S001-WAT-08""]","[""S001""]",540.0,1626.1690773291593,2.565578385924292,0.6793027017594635,1528.1774795211625,2285.7304613354204,"{""S001-FOD-01"": 1314.2695386645796, ""S001-FOD-02"": 1314.2695386645796, ""S001-FOD-03"": 1314.2695386645796, ""S001-HYG-01"": 1314.2695386645796, ""S001-MED-01"": 1314.2695386645796, ""S001-MED-02"": 1314.2695386645796, ""S001-WAT-01"": 1314.2695386645796, ""S001-WAT-08"": 1314.2695386645796}"
K934e8cf5e7b770ae,C,"[""S003-FOD-01"", ""S003-HYG-01"", ""S003-MED-01"", ""S003-WAT-01"", ""S006-HYG-01"", ""S006-MED-01"", ""S006-WAT-01"", ""S007-MED-01"", ""S007-WAT-01""]","[""S006"", ""S003"", ""S007""]",570.0,3190.5280653291543,6.386023636025624,0.201747045496797,2562.8814014236063,969.2951633358625,"{""S006-HYG-01"": 1191.4219339808324, ""S006-MED-01"": 1191.4219339808324, ""S006-WAT-01"": 1191.4219339808324, ""S003-FOD-01"": 2136.441321739172, ""S003-HYG-01"": 2136.441321739172, ""S003-MED-01"": 2136.441321739172, ""S003-WAT-01"": 2136.441321739172, ""S007-MED-01"": 2630.7048366641375, ""S007-WAT-01"": 2630.7048366641375}"
K934f8ccb5ef970e5,C,"[""S003-FOD-01"", ""S003-HYG-01"", ""S003-MED-01"", ""S003-WAT-01"", ""S006-MED-01"", ""S006-WAT-01"", ""S007-MED-01"", ""S007-WAT-01""]","[""S006"", ""S003"", ""S007""]",540.0,3124.5280653291543,6.216190892725213,0.22297613840934838,2516.885033446412,1035.2951633358625,"{""S006-MED-01"": 1125.4219339808324, ""S006-WAT-01"": 1125.4219339808324, ""S003-FOD-01"": 2070.441321739172, ""S003-HYG-01"": 2070.441321739172, ""S003-MED-01"": 2070.441321739172, ""S003-WAT-01"": 2070.441321739172, ""S007-MED-01"": 2564.7048366641375, ""S007-WAT-01"": 2564.7048366641375}"
K9356e30a908b0271,C,"[""S005-MED-01""]","[""S005""]",330.0,1547.1905245257808,3.345573149448337,0.5818033563189579,1739.4260613089245,9756.76973773711,"{""S005-MED-01"": 1043.2302622628904}"
K936ebdedcb44f88e,A,"[""S005-WAT-02""]","[""S005""]",330.0,1632.1904595309243,2.0859597097381597,0.5364533978359645,1102.610582813246,,"{""S005-WAT-02"": 1068.8518964321288}"
K93a66d2ab8ab31e2,A,"[""S001-WAT-08""]","[""S001""]",330.0,1190.8995020773023,1.2195257371607946,0.7289942806309345,852.3074351797851,,"{""S001-WAT-08"": 848.5730843719844}"
K93b54e9753e0b3cb,C,"[""S001-MED-01"", ""S001-MED-02"", ""S001-WAT-01"", ""S001-WAT-02"", ""S001-WAT-08"", ""S013-MED-01"", ""S013-WAT-01""]","[""S001"", ""S013""]",510.0,2190.6157837540727,4.13593712616593,0.4830078592292587,1953.4829716699394,1887.40068275205,"{""S001-MED-01"": 1176.2695386645796, ""S001-MED-02"": 1176.2695386645796, ""S001-WAT-01"": 1176.2695386645796, ""S001-WAT-02"": 1176.2695386645796, ""S001-WAT-08"": 1176.2695386645796, ""S013-MED-01"": 1712.59931724795, ""S013-WAT-01"": 1712.59931724795}"
K93f52b80f0d624c4,B,"[""S004-MED-01"", ""S005-MED-01"", ""S008-HYG-01"", ""S008-MED-01""]","[""S008"", ""S004"", ""S005""]",420.0,2690.669414248848,3.053411251665321,0.23664718708366972,1989.8115423883057,5452.69329516556,"{""S008-HYG-01"": 1291.1423844968322, ""S008-MED-01"": 1291.1423844968322, ""S004-MED-01"": 1747.3067048344396, ""S005-MED-01"": 2215.3409667646038}"
K94079d662c185e91,A,"[""S015-MED-01""]","[""S015""]",330.0,1908.5894031476528,2.3209216410466773,0.48423963532296055,1170.4884740801513,6002.265298426173,"{""S015-MED-01"": 1197.7347015738264}"
K943b201d685f7657,A,"[""S003-HYG-01""]","[""S003""]",330.0,2202.629278762021,2.8302531788818346,0.3710548491373701,1317.628696121419,,"{""S003-HYG-01"": 1349.2879727143438}"
K94914f5baaee021f,C,"[""S001-MED-01"", ""S001-MED-02"", ""S001-WAT-01"", ""S002-MED-01"", ""S002-WAT-01"", ""S002-WAT-04"", ""S012-MED-01""]","[""S001"", ""S002"", ""S012""]",510.0,3027.258870384509,6.344251312448762,0.20696858594390477,2551.5680637882065,1261.6414707997578,"{""S001-MED-01"": 1104.2695386645796, ""S001-MED-02"": 1104.2695386645796, ""S001-WAT-01"": 1104.2695386645796, ""S002-MED-01"": 1777.9463995508593, ""S002-WAT-01"": 1777.9463995508593, ""S002-WAT-04"": 1777.9463995508593, ""S012-MED-01"": 2338.358529200242}"
K949a646e82dc62c4,A,"[""S010-MED-01""]","[""S010""]",330.0,1594.8627275525841,1.8369801364762726,0.5917821918941617,1030.6831505375899,2555.0319695570415,"{""S010-MED-01"": 1044.9680304429587}"
K94ac4fee3b0cbb57,C,"[""S001-FOD-01"", ""S001-FOD-02"", ""S001-FOD-03"", ""S001-HYG-01"", ""S001-HYG-02"", ""S001-MED-01"", ""S001-MED-02"", ""S001-WAT-01"", ""S001-WAT-05"", ""S011-MED-01""]","[""S011"", ""S001""]",600.0,2156.648682680487,4.011353538088952,0.498580807738881,1919.7415832324245,1755.2508559840926,"{""S011-MED-01"": 1111.9005286794275, ""S001-FOD-01"": 1844.7491440159074, ""S001-FOD-02"": 1844.7491440159074, ""S001-FOD-03"": 1844.7491440159074, ""S001-HYG-01"": 1844.7491440159074, ""S001-HYG-02"": 1844.7491440159074, ""S001-MED-01"": 1844.7491440159074, ""S001-MED-02"": 1844.7491440159074, ""S001-WAT-01"": 1844.7491440159074, ""S001-WAT-05"": 1844.7491440159074}"
K94e1e0aa0e18f50a,C,"[""S006-FOD-01"", ""S006-HYG-01"", ""S006-MED-01"", ""S006-WAT-01"", ""S006-WAT-03""]","[""S006""]",450.0,1495.5538679616648,2.3661504787135423,0.7042311901608072,1474.1657546515844,2456.5780660191676,"{""S006-FOD-01"": 1143.4219339808324, ""S006-HYG-01"": 1143.4219339808324, ""S006-MED-01"": 1143.4219339808324, ""S006-WAT-01"": 1143.4219339808324, ""S006-WAT-03"": 1143.4219339808324}"
K953d49ec44e1166e,C,"[""S004-WAT-01""]","[""S004""]",330.0,1971.0566924832005,4.975782019883122,0.3780272475146097,2180.9409637183458,5946.5016537584,"{""S004-WAT-01"": 1253.4983462416003}"
K955f2ef66406b743,C,"[""S001-FOD-01"", ""S001-MED-01"", ""S001-MED-02"", ""S001-WAT-01"", ""S001-WAT-02"", ""S010-MED-01"", ""S010-WAT-01"", ""S013-MED-01"", ""S013-WAT-01""]","[""S010"", ""S013"", ""S001""]",570.0,2760.2433635962584,5.920412907401133,0.2599483865748584,2436.7784957544736,1151.6561750683213,"{""S010-MED-01"": 1306.159205522987, ""S010-WAT-01"": 1306.159205522987, ""S013-MED-01"": 1787.2440463483085, ""S013-WAT-01"": 1787.2440463483085, ""S001-FOD-01"": 2448.3438249316787, ""S001-MED-01"": 2448.3438249316787, ""S001-MED-02"": 2448.3438249316787, ""S001-WAT-01"": 2448.3438249316787, ""S001-WAT-02"": 2448.3438249316787}"
K958cfd31f019e21e,C,"[""S011-MED-01""]","[""S011""]",330.0,1146.241057358855,1.799723463804429,0.7750345670244464,1320.7584381136996,9958.099471320573,"{""S011-MED-01"": 841.9005286794275}"
K95c2f815bbd71c13,B,"[""S003-WAT-04""]","[""S003""]",330.0,1960.5233035434708,2.424118782124915,0.39397030446877124,1717.1181389207966,,"{""S003-WAT-04"": 1228.2349851050687}"
K95eff38097a30f60,C,"[""S001-FOD-01"", ""S001-FOD-02"", ""S001-FOD-03"", ""S001-MED-01"", ""S001-MED-02"", ""S001-WAT-01"", ""S001-WAT-07""]","[""S001""]",510.0,1560.1690773291593,2.4411673154656004,0.6948540855668,1494.4828146052669,2351.7304613354204,"{""S001-FOD-01"": 1248.2695386645796, ""S001-FOD-02"": 1248.2695386645796, ""S001-FOD-03"": 1248.2695386645796, ""S001-MED-01"": 1248.2695386645796, ""S001-MED-02"": 1248.2695386645796, ""S001-WAT-01"": 1248.2695386645796, ""S001-WAT-07"": 1248.2695386645796}"
K962424ea66b53540,C,"[""S003-FOD-01"", ""S003-FOD-02"", ""S003-MED-01"", ""S007-FOD-01"", ""S007-MED-01"", ""S015-FOD-01"", ""S015-MED-01"", ""S015-WAT-01""]","[""S007"", ""S015"", ""S003""]",540.0,3174.746028860608,6.293393505791434,0.2133258117760708,2537.7940744851803,2270.256771334983,"{""S007-FOD-01"": 1329.7432286650169, ""S007-MED-01"": 1329.7432286650169, ""S015-FOD-01"": 1841.6769157274211, ""S015-MED-01"": 1841.6769157274211, ""S015-WAT-01"": 1841.6769157274211, ""S003-FOD-01"": 2384.1603540582737, ""S003-FOD-02"": 2384.1603540582737, ""S003-MED-01"": 2384.1603540582737}"
K965d25d74149b7d7,C,"[""S001-MED-01"", ""S002-MED-01"", ""S002-WAT-01"", ""S002-WAT-03"", ""S012-MED-01""]","[""S001"", ""S002"", ""S012""]",450.0,2895.258870384509,6.126428554532014,0.23419643068349827,2492.5744001857533,1393.6414707997578,"{""S001-MED-01"": 972.2695386645796, ""S002-MED-01"": 1645.9463995508593, ""S002-WAT-01"": 1645.9463995508593, ""S002-WAT-03"": 1645.9463995508593, ""S012-MED-01"": 2206.358529200242}"
K96630b5cd4e95754,C,"[""S003-WAT-02""]","[""S003""]",330.0,2106.0913496046687,4.758279991234723,0.40521500109565967,2122.0341642927374,,"{""S003-WAT-02"": 1315.5056748023344}"
K96b6a349b2fd46e8,C,"[""S006-FOD-01"", ""S006-HYG-01"", ""S006-MED-01"", ""S006-WAT-01"", ""S006-WAT-02"", ""S006-WAT-03"", ""S007-FOD-01"", ""S007-MED-01"", ""S011-MED-01""]","[""S007"", ""S006"", ""S011""]",570.0,3033.5373228615385,6.14036938483748,0.23245382689531502,2496.3500417268174,1442.5687926377395,"{""S007-FOD-01"": 1359.7432286650169, ""S007-MED-01"": 1359.7432286650169, ""S006-FOD-01"": 2157.4312073622605, ""S006-HYG-01"": 2157.4312073622605, ""S006-MED-01"": 2157.4312073622605, ""S006-WAT-01"": 2157.4312073622605, ""S006-WAT-02"": 2157.4312073622605, ""S006-WAT-03"": 2157.4312073622605, ""S011-MED-01"": 2729.196794182111}"
K96c40715269b41ae,C,"[""S001-HYG-02""]","[""S001""]",330.0,1164.1690773291593,1.9551958552640434,0.7556005180919946,1362.8655441340118,,"{""S001-HYG-02"": 852.2695386645796}"
K96e57f84be9a4fff,C,"[""S005-WAT-01""]","[""S005""]",330.0,1547.1905245257808,3.414144966292892,0.5732318792133885,1757.9975950376584,9756.76973773711,"{""S005-WAT-01"": 1043.2302622628904}"
K975040abfbfdc527,C,"[""S004-FOD-01"", ""S004-MED-01"", ""S004-WAT-01"", ""S004-WAT-03""]","[""S004""]",420.0,2169.0566924832005,5.436663453533912,0.320417068308261,2305.7630186654346,5748.5016537584,"{""S004-FOD-01"": 1451.4983462416003, ""S004-MED-01"": 1451.4983462416003, ""S004-WAT-01"": 1451.4983462416003, ""S004-WAT-03"": 1451.4983462416003}"
K977a545b6ca3be87,C,"[""S010-MED-01""]","[""S010""]",330.0,1536.7084110459737,3.05727722127717,0.6178403473403538,1661.3459140959,2569.8407944770133,"{""S010-MED-01"": 1030.159205522987}"
K9785d86a39d1c7e1,B,"[""S002-MED-01""]","[""S002""]",330.0,1696.6943000984638,2.2007175263861782,0.44982061840345544,1620.310928100677,2499.712849950768,"{""S002-MED-01"": 1100.287150049232}"
K9788b44cac001995,B,"[""S001-MED-01""]","[""S001""]",330.0,1089.100207293352,0.9378770744788305,0.7655307313802924,1073.0800656074932,2802.3265630199908,"{""S001-MED-01"": 797.6734369800093}"
K979b73554947b2ba,C,"[""S010-MED-01"", ""S010-WAT-01"", ""S014-MED-01"", ""S014-WAT-01""]","[""S014"", ""S010""]",420.0,2382.5152698513334,4.2677602193906825,0.4665299725761647,1989.1850594183095,1724.0339356716536,"{""S014-MED-01"": 1339.479439473324, ""S014-WAT-01"": 1339.479439473324, ""S010-MED-01"": 1875.9660643283464, ""S010-WAT-01"": 1875.9660643283464}"
K97b8e103b5c25033,C,"[""S006-MED-01"", ""S006-WAT-01"", ""S006-WAT-02"", ""S007-FOD-01"", ""S007-HYG-01"", ""S007-MED-01"", ""S007-WAT-01"", ""S007-WAT-02""]","[""S007"", ""S006""]",540.0,2479.563141343093,4.9677537826219265,0.3790307771722592,2178.7666494601053,1472.5687926377395,"{""S007-FOD-01"": 1437.7432286650169, ""S007-HYG-01"": 1437.7432286650169, ""S007-MED-01"": 1437.7432286650169, ""S007-WAT-01"": 1437.7432286650169, ""S007-WAT-02"": 1437.7432286650169, ""S006-MED-01"": 2127.4312073622605, ""S006-WAT-01"": 2127.4312073622605, ""S006-WAT-02"": 2127.4312073622605}"
K97bdbda9353637d4,C,"[""S001-MED-01"", ""S001-MED-02"", ""S001-WAT-01"", ""S001-WAT-02"", ""S001-WAT-06"", ""S013-MED-01"", ""S013-WAT-01""]","[""S001"", ""S013""]",510.0,2190.6157837540727,4.13593712616593,0.4830078592292587,1953.4829716699394,1887.40068275205,"{""S001-MED-01"": 1176.2695386645796, ""S001-MED-02"": 1176.2695386645796, ""S001-WAT-01"": 1176.2695386645796, ""S001-WAT-02"": 1176.2695386645796, ""S001-WAT-06"": 1176.2695386645796, ""S013-MED-01"": 1712.59931724795, ""S013-WAT-01"": 1712.59931724795}"
K97ccfbd2c91646c0,C,"[""S001-MED-01"", ""S001-MED-02"", ""S001-WAT-01"", ""S005-MED-01"", ""S005-WAT-01"", ""S005-WAT-02""]","[""S001"", ""S005""]",480.0,2174.8566861927434,4.10643438978007,0.4866957012774913,1945.4926472321024,2525.7304613354204,"{""S001-MED-01"": 1074.2695386645796, ""S001-MED-02"": 1074.2695386645796, ""S001-WAT-01"": 1074.2695386645796, ""S005-MED-01"": 1670.896423929853, ""S005-WAT-01"": 1670.896423929853, ""S005-WAT-02"": 1670.896423929853}"
K97d7171f62f2bae6,C,"[""S013-FOD-01""]","[""S013""]",330.0,1479.6329330122453,3.1025981484228904,0.6121752314471387,1673.6203318645328,,"{""S013-FOD-01"": 1001.6164665061226}"
K980c25c031d240de,C,"[""S002-MED-01"", ""S002-WAT-01"", ""S002-WAT-03"", ""S012-MED-01""]","[""S012"", ""S002""]",420.0,2568.6286632412803,6.224217006814229,0.22197287414822142,2519.0587726788535,1651.86752916635,"{""S012-MED-01"": 1309.690341184267, ""S002-MED-01"": 1948.13247083365, ""S002-WAT-01"": 1948.13247083365, ""S002-WAT-03"": 1948.13247083365}"
K981c2a01960d5c4c,C,"[""S003-MED-01"", ""S003-WAT-01"", ""S003-WAT-02"", ""S006-HYG-01"", ""S006-MED-01"", ""S006-WAT-01"", ""S007-MED-01"", ""S007-WAT-01""]","[""S006"", ""S007"", ""S003""]",540.0,3133.589102405376,6.346832014708895,0.20664599816138818,2552.267003983659,1788.260087321924,"{""S006-HYG-01"": 1161.4219339808324, ""S006-MED-01"": 1161.4219339808324, ""S006-WAT-01"": 1161.4219339808324, ""S007-MED-01"": 1811.739912678076, ""S007-WAT-01"": 1811.739912678076, ""S003-MED-01"": 2343.0034276030415, ""S003-WAT-01"": 2343.0034276030415, ""S003-WAT-02"": 2343.0034276030415}"
K991164e22b25099a,C,"[""S001-FOD-01"", ""S001-FOD-02"", ""S001-FOD-03"", ""S001-MED-01"", ""S001-MED-02"", ""S001-WAT-01"", ""S001-WAT-04""]","[""S001""]",510.0,1560.1690773291593,2.4411673154656004,0.6948540855668,1494.4828146052669,2351.7304613354204,"{""S001-FOD-01"": 1248.2695386645796, ""S001-FOD-02"": 1248.2695386645796, ""S001-FOD-03"": 1248.2695386645796, ""S001-MED-01"": 1248.2695386645796, ""S001-MED-02"": 1248.2695386645796, ""S001-WAT-01"": 1248.2695386645796, ""S001-WAT-04"": 1248.2695386645796}"
K9a049edc74a32a17,C,"[""S004-MED-01"", ""S005-FOD-01"", ""S005-HYG-01"", ""S005-MED-01"", ""S005-WAT-01"", ""S005-WAT-02"", ""S005-WAT-03"", ""S009-MED-01""]","[""S005"", ""S004"", ""S009""]",540.0,2949.961453718119,6.365763100789225,0.20427961240134684,2557.3941731304153,5239.817712541972,"{""S005-FOD-01"": 1433.2302622628904, ""S005-HYG-01"": 1433.2302622628904, ""S005-MED-01"": 1433.2302622628904, ""S005-WAT-01"": 1433.2302622628904, ""S005-WAT-02"": 1433.2302622628904, ""S005-WAT-03"": 1433.2302622628904, ""S004-MED-01"": 1960.1822874580284, ""S009-MED-01"": 2461.5624351148194}"
K9a0c42d1f9728e86,B,"[""S008-FOD-01""]","[""S008""]",330.0,1841.8314356603312,2.473523980398081,0.38161900490047973,1738.5270581725017,,"{""S008-FOD-01"": 1171.1423844968322}"
K9a34bc00e0c2d658,C,"[""S002-WAT-04""]","[""S002""]",330.0,1777.8123848152607,4.735608319420081,0.4080489600724899,2115.8939198429384,,"{""S002-WAT-04"": 1157.3161924076303}"
K9a3bfd105efaf22f,B,"[""S010-WAT-01""]","[""S010""]",330.0,1435.3795658311299,1.587904430161088,0.603023892459728,1354.7585864031382,2634.7735504177685,"{""S010-WAT-01"": 965.2264495822316}"
K9a6de11168b77d00,C,"[""S007-MED-01"", ""S007-WAT-01"", ""S008-FOD-01"", ""S008-MED-01"", ""S015-MED-01""]","[""S007"", ""S015"", ""S008""]",450.0,3209.7696270249335,6.33827609508951,0.20771548811381124,2549.949775753409,2360.256771334983,"{""S007-MED-01"": 1239.7432286650169, ""S007-WAT-01"": 1239.7432286650169, ""S015-MED-01"": 1679.6769157274211, ""S008-FOD-01"": 2507.7590204822027, ""S008-MED-01"": 2507.7590204822027}"
K9a7cf80280f5ed39,C,"[""S001-FOD-01"", ""S001-MED-01"", ""S001-MED-02"", ""S001-WAT-01"", ""S002-MED-01"", ""S002-WAT-01"", ""S004-MED-01"", ""S004-WAT-03""]","[""S001"", ""S002"", ""S004""]",540.0,3025.714975150735,6.370647330665202,0.20366908366684977,2558.716985388492,1792.0536004491407,"{""S001-FOD-01"": 1170.2695386645796, ""S001-MED-01"": 1170.2695386645796, ""S001-MED-02"": 1170.2695386645796, ""S001-WAT-01"": 1170.2695386645796, ""S002-MED-01"": 1807.9463995508593, ""S002-WAT-01"": 1807.9463995508593, ""S004-MED-01"": 2308.1566289091347, ""S004-WAT-03"": 2308.1566289091347}"
K9aaf2a4d5fb19cf0,C,"[""S006-FOD-01"", ""S006-HYG-01"", ""S006-MED-01"", ""S007-FOD-01"", ""S007-HYG-01"", ""S007-MED-01"", ""S007-WAT-01"", ""S007-WAT-02"", ""S015-FOD-01"", ""S015-MED-01""]","[""S007"", ""S015"", ""S006""]",600.0,3165.0403580985267,6.236629706679864,0.22042128666501704,2522.42054555913,787.0915758823057,"{""S007-FOD-01"": 1497.7432286650169, ""S007-HYG-01"": 1497.7432286650169, ""S007-MED-01"": 1497.7432286650169, ""S007-WAT-01"": 1497.7432286650169, ""S007-WAT-02"": 1497.7432286650169, ""S015-FOD-01"": 1973.6769157274211, ""S015-MED-01"": 1973.6769157274211, ""S006-FOD-01"": 2812.9084241176943, ""S006-HYG-01"": 2812.9084241176943, ""S006-MED-01"": 2812.9084241176943}"
K9afea2e956cc851c,C,"[""S001-FOD-01"", ""S001-MED-01"", ""S001-MED-02"", ""S001-WAT-01"", ""S001-WAT-06"", ""S010-MED-01"", ""S010-WAT-01"", ""S013-MED-01"", ""S013-WAT-01""]","[""S013"", ""S010"", ""S001""]",570.0,2833.268837928043,6.276180015900267,0.21547749801246663,2533.1320876396553,1078.6307007365367,"{""S013-MED-01"": 1277.6164665061226, ""S013-WAT-01"": 1277.6164665061226, ""S010-MED-01"": 1758.7113073314442, ""S010-WAT-01"": 1758.7113073314442, ""S001-FOD-01"": 2521.3692992634633, ""S001-MED-01"": 2521.3692992634633, ""S001-MED-02"": 2521.3692992634633, ""S001-WAT-01"": 2521.3692992634633, ""S001-WAT-06"": 2521.3692992634633}"
K9b2ec2a65c9461f1,B,"[""S009-FOD-01""]","[""S009""]",330.0,1438.4417330887613,1.742446016504502,0.5643884958738745,1421.7266071519507,,"{""S009-FOD-01"": 970.8108665443806}"
K9b73610216d869fe,C,"[""S001-MED-01"", ""S001-MED-02"", ""S002-HYG-01"", ""S002-MED-01"", ""S002-WAT-01"", ""S012-MED-01"", ""S012-WAT-01""]","[""S001"", ""S002"", ""S012""]",510.0,3027.258870384509,6.370059128930876,0.20374260888364049,2558.5576807521124,1261.6414707997578,"{""S001-MED-01"": 1068.2695386645796, ""S001-MED-02"": 1068.2695386645796, ""S002-HYG-01"": 1741.9463995508593, ""S002-MED-01"": 1741.9463995508593, ""S002-WAT-01"": 1741.9463995508593, ""S012-MED-01"": 2338.358529200242, ""S012-WAT-01"": 2338.358529200242}"
K9b7dd8cfcf222fd9,C,"[""S001-FOD-01"", ""S001-MED-01"", ""S001-MED-02"", ""S001-WAT-01"", ""S001-WAT-08""]","[""S001""]",450.0,1428.1690773291593,2.206548017721392,0.724181497784826,1430.940088132877,2483.7304613354204,"{""S001-FOD-01"": 1116.2695386645796, ""S001-MED-01"": 1116.2695386645796, ""S001-MED-02"": 1116.2695386645796, ""S001-WAT-01"": 1116.2695386645796, ""S001-WAT-08"": 1116.2695386645796}"
K9bd8d5dd67635016,C,"[""S002-MED-01"", ""S002-WAT-01"", ""S004-FOD-01"", ""S004-MED-01"", ""S004-WAT-01""]","[""S002"", ""S004""]",450.0,2567.084768007506,6.167812788744639,0.22902340140692012,2503.7826302850062,2286.6838075923697,"{""S002-MED-01"": 1313.3161924076305, ""S002-WAT-01"": 1313.3161924076305, ""S004-FOD-01"": 1849.526421765906, ""S004-MED-01"": 1849.526421765906, ""S004-WAT-01"": 1849.526421765906}"
K9bda60b8d2c3f1b3,C,"[""S006-FOD-01"", ""S006-HYG-01"", ""S006-MED-01"", ""S006-WAT-01"", ""S006-WAT-02"", ""S006-WAT-03"", ""S007-FOD-01"", ""S007-MED-01"", ""S011-MED-01""]","[""S011"", ""S007"", ""S006""]",570.0,2808.8234917311997,5.681083015776722,0.2898646230279097,2371.959983439529,1143.3084422496327,"{""S011-MED-01"": 1081.9005286794275, ""S007-FOD-01"": 1659.0035790531235, ""S007-MED-01"": 1659.0035790531235, ""S006-FOD-01"": 2456.6915577503673, ""S006-HYG-01"": 2456.6915577503673, ""S006-MED-01"": 2456.6915577503673, ""S006-WAT-01"": 2456.6915577503673, ""S006-WAT-02"": 2456.6915577503673, ""S006-WAT-03"": 2456.6915577503673}"
K9c31a72764fbd659,C,"[""S003-HYG-01"", ""S003-MED-01"", ""S003-WAT-01"", ""S006-MED-01"", ""S006-WAT-01"", ""S007-MED-01"", ""S007-WAT-01""]","[""S007"", ""S003"", ""S006""]",510.0,3058.5280653291543,5.972944137217743,0.25338198284778213,2451.0057038298055,893.6038686516781,"{""S007-MED-01"": 1299.7432286650169, ""S007-WAT-01"": 1299.7432286650169, ""S003-HYG-01"": 1831.0067435899823, ""S003-MED-01"": 1831.0067435899823, ""S003-WAT-01"": 1831.0067435899823, ""S006-MED-01"": 2706.396131348322, ""S006-WAT-01"": 2706.396131348322}"
K9c4d23ff8493c3a4,C,"[""S003-FOD-01"", ""S003-MED-01"", ""S007-FOD-01"", ""S007-MED-01"", ""S015-FOD-01"", ""S015-MED-01"", ""S015-WAT-01""]","[""S015"", ""S003"", ""S007""]",510.0,2985.4850431961713,5.840486277679037,0.2699392152901203,2415.1317002047394,1174.3381854688455,"{""S015-FOD-01"": 1424.914861275337, ""S015-MED-01"": 1424.914861275337, ""S015-WAT-01"": 1424.914861275337, ""S003-FOD-01"": 1931.3982996061893, ""S003-MED-01"": 1931.3982996061893, ""S007-FOD-01"": 2425.6618145311545, ""S007-MED-01"": 2425.6618145311545}"
K9ca58c2724c382ee,C,"[""S010-FOD-01"", ""S010-MED-01"", ""S010-WAT-01"", ""S013-FOD-01"", ""S013-MED-01"", ""S013-WAT-01"", ""S014-FOD-01"", ""S014-MED-01""]","[""S013"", ""S014"", ""S010""]",540.0,2986.899946790136,5.839154933391269,0.2701056333260914,2414.7711277934686,1119.6492587328512,"{""S013-FOD-01"": 1283.6164665061224, ""S013-MED-01"": 1283.6164665061224, ""S013-WAT-01"": 1283.6164665061224, ""S014-FOD-01"": 1907.8641164121264, ""S014-MED-01"": 1907.8641164121264, ""S010-FOD-01"": 2480.350741267149, ""S010-MED-01"": 2480.350741267149, ""S010-WAT-01"": 2480.350741267149}"
K9ccd73592525f40f,C,"[""S010-FOD-01"", ""S010-MED-01"", ""S014-FOD-01"", ""S014-MED-01"", ""S014-WAT-01""]","[""S010"", ""S014""]",450.0,2448.5152698513334,4.274870328011024,0.46564120899862205,1991.1107138363186,1841.2941696219907,"{""S010-FOD-01"": 1186.159205522987, ""S010-MED-01"": 1186.159205522987, ""S014-FOD-01"": 1758.7058303780093, ""S014-MED-01"": 1758.7058303780093, ""S014-WAT-01"": 1758.7058303780093}"
K9d0d3cdd20d047c1,A,"[""S001-WAT-01""]","[""S001""]",330.0,1190.8995020773023,1.2195257371607946,0.7289942806309345,852.3074351797851,2751.4269156280156,"{""S001-WAT-01"": 848.5730843719844}"
K9dcf9c9e458b0d26,C,"[""S003-MED-01"", ""S003-WAT-01"", ""S003-WAT-02"", ""S006-HYG-01"", ""S006-MED-01"", ""S006-WAT-01"", ""S007-MED-01"", ""S007-WAT-01""]","[""S006"", ""S003"", ""S007""]",540.0,3124.5280653291543,6.386023636025624,0.201747045496797,2562.8814014236063,1035.2951633358625,"{""S006-HYG-01"": 1161.4219339808324, ""S006-MED-01"": 1161.4219339808324, ""S006-WAT-01"": 1161.4219339808324, ""S003-MED-01"": 2070.441321739172, ""S003-WAT-01"": 2070.441321739172, ""S003-WAT-02"": 2070.441321739172, ""S007-MED-01"": 2564.7048366641375, ""S007-WAT-01"": 2564.7048366641375}"
K9ead1bde9b46b3a6,C,"[""S001-MED-01"", ""S001-MED-02"", ""S002-MED-01"", ""S002-WAT-01"", ""S004-HYG-01""]","[""S004"", ""S002"", ""S001""]",450.0,2827.7149751507354,5.928242909905417,0.2589696362618229,2438.899121432717,1084.1845635138443,"{""S004-HYG-01"": 1373.4983462416003, ""S002-MED-01"": 1874.5885755998759, ""S002-WAT-01"": 1874.5885755998759, ""S001-MED-01"": 2515.8154364861557, ""S001-MED-02"": 2515.8154364861557}"
K9eedb33d5e28928a,C,"[""S001-MED-01"", ""S001-MED-02"", ""S001-WAT-01"", ""S001-WAT-08"", ""S010-MED-01"", ""S010-WAT-01"", ""S013-MED-01"", ""S013-WAT-01""]","[""S010"", ""S013"", ""S001""]",540.0,2694.2433635962584,5.3837819871346495,0.3270272516081688,2291.4409548489675,1217.6561750683213,"{""S010-MED-01"": 1276.159205522987, ""S010-WAT-01"": 1276.159205522987, ""S013-MED-01"": 1757.2440463483085, ""S013-WAT-01"": 1757.2440463483085, ""S001-MED-01"": 2382.3438249316787, ""S001-MED-02"": 2382.3438249316787, ""S001-WAT-01"": 2382.3438249316787, ""S001-WAT-08"": 2382.3438249316787}"
K9f57b017caff76d9,C,"[""S001-MED-01"", ""S001-MED-02"", ""S002-MED-01"", ""S002-WAT-01"", ""S004-WAT-03""]","[""S001"", ""S004"", ""S002""]",450.0,2854.517823328535,6.087406738801379,0.23907415764982765,2482.005991758707,1365.9783690790955,"{""S001-MED-01"": 1008.2695386645796, ""S001-MED-02"": 1008.2695386645796, ""S004-WAT-03"": 1732.9314015626292, ""S002-MED-01"": 2234.0216309209045, ""S002-WAT-01"": 2234.0216309209045}"
Ka03598de390ebb90,C,"[""S001-MED-01"", ""S001-MED-02"", ""S001-WAT-01"", ""S002-MED-01"", ""S002-WAT-01"", ""S005-FOD-01"", ""S005-MED-01"", ""S005-WAT-03""]","[""S001"", ""S002"", ""S005""]",540.0,2976.4419079377626,6.205661028378838,0.22429237145264525,2514.0331951859353,1828.0536004491407,"{""S001-MED-01"": 1134.2695386645796, ""S001-MED-02"": 1134.2695386645796, ""S001-WAT-01"": 1134.2695386645796, ""S002-MED-01"": 1771.9463995508593, ""S002-WAT-01"": 1771.9463995508593, ""S005-FOD-01"": 2472.481645674872, ""S005-MED-01"": 2472.481645674872, ""S005-WAT-03"": 2472.481645674872}"
Ka11d73c45e7ce994,C,"[""S012-FOD-01"", ""S012-MED-01"", ""S012-WAT-01"", ""S013-FOD-01"", ""S013-MED-01""]","[""S013"", ""S012""]",450.0,2437.1585304752866,5.200019161681411,0.34999760478982367,2241.6718562887154,1851.7418107089807,"{""S013-FOD-01"": 1157.6164665061224, ""S013-MED-01"": 1157.6164665061224, ""S012-FOD-01"": 1748.2581892910193, ""S012-MED-01"": 1748.2581892910193, ""S012-WAT-01"": 1748.2581892910193}"
Ka23d3607db1a61eb,C,"[""S001-WAT-01""]","[""S001""]",330.0,1164.1690773291593,1.9876500839774989,0.7515437395028126,1371.6552310772393,2747.7304613354204,"{""S001-WAT-01"": 852.2695386645796}"
Ka2426cbec0729978,B,"[""S002-FOD-01""]","[""S002""]",330.0,1696.6943000984638,2.256004995208987,0.4359987511977532,1644.2688312572277,,"{""S002-FOD-01"": 1100.287150049232}"
Ka24c745252e07f1f,C,"[""S011-WAT-01""]","[""S011""]",330.0,1146.241057358855,1.838768866222943,0.7701538917221321,1331.333234602047,9958.099471320573,"{""S011-WAT-01"": 841.9005286794275}"
Ka2609868ed777880,C,"[""S002-MED-01"", ""S002-WAT-01"", ""S004-MED-01"", ""S004-WAT-01"", ""S004-WAT-02""]","[""S004"", ""S002""]",450.0,2567.084768007506,6.355730834716919,0.20553364566038512,2554.6771010691655,1653.4114244001241,"{""S004-MED-01"": 1445.4983462416003, ""S004-WAT-01"": 1445.4983462416003, ""S004-WAT-02"": 1445.4983462416003, ""S002-MED-01"": 1946.5885755998759, ""S002-WAT-01"": 1946.5885755998759}"
Ka351fbd3767a1831,C,"[""S001-FOD-01"", ""S001-FOD-02"", ""S001-FOD-03"", ""S001-HYG-01"", ""S001-MED-01"", ""S001-MED-02"", ""S001-WAT-04""]","[""S001""]",510.0,1560.1690773291593,2.309532357648675,0.7113084552939156,1458.8316801965161,2351.7304613354204,"{""S001-FOD-01"": 1248.2695386645796, ""S001-FOD-02"": 1248.2695386645796, ""S001-FOD-03"": 1248.2695386645796, ""S001-HYG-01"": 1248.2695386645796, ""S001-MED-01"": 1248.2695386645796, ""S001-MED-02"": 1248.2695386645796, ""S001-WAT-04"": 1248.2695386645796}"
Ka37b18fdad3688ff,C,"[""S003-MED-01"", ""S003-WAT-01"", ""S003-WAT-04"", ""S007-MED-01"", ""S007-WAT-01""]","[""S003"", ""S007""]",450.0,2561.5924183923166,5.52485204574655,0.3093934942816813,2329.6474290563574,1598.2308102727002,"{""S003-MED-01"": 1507.5056748023344, ""S003-WAT-01"": 1507.5056748023344, ""S003-WAT-04"": 1507.5056748023344, ""S007-MED-01"": 2001.7691897272998, ""S007-WAT-01"": 2001.7691897272998}"
Ka390452449a6fe62,A,"[""S010-FOD-01""]","[""S010""]",330.0,1594.8627275525841,1.8679377291936867,0.5849027268458473,1039.6264551003985,,"{""S010-FOD-01"": 1044.9680304429587}"
Ka3dcbfc2ec2b59db,A,"[""S012-WAT-01""]","[""S012""]",330.0,2049.090073643448,2.908438117109517,0.35368041842010733,1340.2154560538606,2325.5249631782763,"{""S012-WAT-01"": 1274.475036821724}"
Ka3f889537fbf9786,C,"[""S001-FOD-01"", ""S001-FOD-02"", ""S001-FOD-03"", ""S001-HYG-01"", ""S001-HYG-02"", ""S001-MED-01"", ""S001-MED-02"", ""S001-WAT-01"", ""S001-WAT-06""]","[""S001""]",570.0,1692.1690773291593,2.720392502747031,0.6599509371566211,1570.106302827321,2219.7304613354204,"{""S001-FOD-01"": 1380.2695386645796, ""S001-FOD-02"": 1380.2695386645796, ""S001-FOD-03"": 1380.2695386645796, ""S001-HYG-01"": 1380.2695386645796, ""S001-HYG-02"": 1380.2695386645796, ""S001-MED-01"": 1380.2695386645796, ""S001-MED-02"": 1380.2695386645796, ""S001-WAT-01"": 1380.2695386645796, ""S001-WAT-06"": 1380.2695386645796}"
Ka455994b664289aa,C,"[""S010-FOD-01"", ""S010-MED-01"", ""S010-WAT-01"", ""S013-FOD-01"", ""S013-MED-01""]","[""S013"", ""S010""]",450.0,2181.260512854431,3.907852229683761,0.5115184712895299,1891.7099788726853,1925.288692668556,"{""S013-FOD-01"": 1157.6164665061224, ""S013-MED-01"": 1157.6164665061224, ""S010-FOD-01"": 1674.711307331444, ""S010-MED-01"": 1674.711307331444, ""S010-WAT-01"": 1674.711307331444}"
Ka47534c46d5b48bb,C,"[""S001-MED-01"", ""S001-MED-02"", ""S001-WAT-01"", ""S002-MED-01"", ""S002-WAT-01"", ""S002-WAT-02"", ""S009-FOD-01"", ""S009-MED-01"", ""S009-WAT-01""]","[""S001"", ""S009"", ""S002""]",570.0,2821.496136622616,6.1493262101104555,0.23133422373619306,2498.7758485715817,1399.0000557850144,"{""S001-MED-01"": 1164.2695386645796, ""S001-MED-02"": 1164.2695386645796, ""S001-WAT-01"": 1164.2695386645796, ""S009-FOD-01"": 1704.3221447071376, ""S009-MED-01"": 1704.3221447071376, ""S009-WAT-01"": 1704.3221447071376, ""S002-MED-01"": 2200.9999442149856, ""S002-WAT-01"": 2200.9999442149856, ""S002-WAT-02"": 2200.9999442149856}"
Ka4d80c7c18c0251d,C,"[""S005-WAT-02""]","[""S005""]",330.0,1547.1905245257808,3.414144966292892,0.5732318792133885,1757.9975950376584,,"{""S005-WAT-02"": 1043.2302622628904}"
Ka4debd989de5c24b,C,"[""S004-MED-01""]","[""S004""]",330.0,1971.0566924832005,4.876425055227547,0.3904468680965566,2154.031785790794,5946.5016537584,"{""S004-MED-01"": 1253.4983462416003}"
Ka4e3c2074c3dcb91,C,"[""S003-MED-01"", ""S003-WAT-04"", ""S006-MED-01"", ""S006-WAT-01"", ""S007-MED-01"", ""S007-WAT-01""]","[""S003"", ""S007"", ""S006""]",480.0,3001.589102405376,6.182434409175514,0.2271956988530608,2507.742652485035,950.5428315754566,"{""S003-MED-01"": 1501.5056748023344, ""S003-WAT-04"": 1501.5056748023344, ""S007-MED-01"": 1995.7691897272998, ""S007-WAT-01"": 1995.7691897272998, ""S006-MED-01"": 2649.4571684245434, ""S006-WAT-01"": 2649.4571684245434}"
Ka5bd4032e505313b,A,"[""S006-WAT-02""]","[""S006""]",330.0,1253.4781941236301,1.2888815532930935,0.7135818770459792,872.343559840227,,"{""S006-WAT-02"": 875.5024303951484}"
Ka7590e5616a5c867,C,"[""S001-MED-01"", ""S001-MED-02"", ""S001-WAT-01"", ""S006-FOD-01"", ""S006-MED-01"", ""S006-WAT-01"", ""S006-WAT-02"", ""S007-MED-01"", ""S007-WAT-01""]","[""S006"", ""S007"", ""S001""]",570.0,2987.3561519330365,5.832739955676836,0.27090750554039555,2413.0337379958096,924.5433867315433,"{""S006-FOD-01"": 1227.4219339808324, ""S006-MED-01"": 1227.4219339808324, ""S006-WAT-01"": 1227.4219339808324, ""S006-WAT-02"": 1227.4219339808324, ""S007-MED-01"": 1877.739912678076, ""S007-WAT-01"": 1877.739912678076, ""S001-MED-01"": 2675.4566132684567, ""S001-MED-02"": 2675.4566132684567, ""S001-WAT-01"": 2675.4566132684567}"
Ka75a69304e7c2510,C,"[""S003-HYG-01"", ""S003-MED-01"", ""S003-WAT-01"", ""S003-WAT-02"", ""S003-WAT-03"", ""S007-MED-01"", ""S007-WAT-01""]","[""S007"", ""S003""]",510.0,2693.5924183923166,6.095628080176128,0.23804648997798405,2484.2326050477013,2300.256771334983,"{""S007-MED-01"": 1299.7432286650169, ""S007-WAT-01"": 1299.7432286650169, ""S003-HYG-01"": 1903.0067435899823, ""S003-MED-01"": 1903.0067435899823, ""S003-WAT-01"": 1903.0067435899823, ""S003-WAT-02"": 1903.0067435899823, ""S003-WAT-03"": 1903.0067435899823}"
Ka7720834df46ec49,C,"[""S001-MED-01"", ""S001-MED-02"", ""S001-WAT-01"", ""S001-WAT-02"", ""S001-WAT-05"", ""S013-MED-01"", ""S013-WAT-01""]","[""S001"", ""S013""]",510.0,2190.6157837540727,4.13593712616593,0.4830078592292587,1953.4829716699394,1887.40068275205,"{""S001-MED-01"": 1176.2695386645796, ""S001-MED-02"": 1176.2695386645796, ""S001-WAT-01"": 1176.2695386645796, ""S001-WAT-02"": 1176.2695386645796, ""S001-WAT-05"": 1176.2695386645796, ""S013-MED-01"": 1712.59931724795, ""S013-WAT-01"": 1712.59931724795}"
Ka7f2efe3c745c7e9,A,"[""S005-MED-01""]","[""S005""]",330.0,1632.1904595309243,1.9987026751829533,0.5558438499593437,1077.4029950528532,9731.148103567872,"{""S005-MED-01"": 1068.8518964321288}"
Ka91ccc1e0c17f568,C,"[""S002-FOD-02"", ""S002-MED-01"", ""S002-WAT-01"", ""S012-MED-01"", ""S012-WAT-01""]","[""S012"", ""S002""]",450.0,2634.6286632412807,6.37402618839217,0.20324672645097874,2559.632092689546,1585.86752916635,"{""S012-MED-01"": 1375.690341184267, ""S012-WAT-01"": 1375.690341184267, ""S002-FOD-02"": 2014.13247083365, ""S002-MED-01"": 2014.13247083365, ""S002-WAT-01"": 2014.13247083365}"
Ka91def7602f04d12,C,"[""S003-FOD-02"", ""S003-MED-01"", ""S003-WAT-01"", ""S006-MED-01"", ""S006-WAT-01"", ""S007-MED-01"", ""S007-WAT-01""]","[""S006"", ""S003"", ""S007""]",510.0,3058.5280653291543,5.959345019661349,0.2550818725423314,2447.3226094916154,1101.2951633358625,"{""S006-MED-01"": 1095.4219339808324, ""S006-WAT-01"": 1095.4219339808324, ""S003-FOD-02"": 2004.441321739172, ""S003-MED-01"": 2004.441321739172, ""S003-WAT-01"": 2004.441321739172, ""S007-MED-01"": 2498.7048366641375, ""S007-WAT-01"": 2498.7048366641375}"
Ka968a6fc3ff65cc3,A,"[""S014-WAT-01""]","[""S014""]",330.0,1930.409811655315,2.251724681143798,0.4996167375236005,1150.4982412193192,2387.2384275056756,"{""S014-WAT-01"": 1212.7615724943241}"
Ka9abc09970e0c7fc,A,"[""S005-HYG-01""]","[""S005""]",330.0,1632.1904595309243,2.0158798083433913,0.5520267092570241,1082.3652779658687,,"{""S005-HYG-01"": 1068.8518964321288}"
Ka9d838b574c57555,C,"[""S002-FOD-01"", ""S002-FOD-02"", ""S002-HYG-01"", ""S002-MED-01"", ""S002-WAT-01"", ""S002-WAT-02"", ""S002-WAT-04""]","[""S002""]",510.0,2173.812384815261,6.280824662604949,0.21489691717438142,2534.39001278884,2046.6838075923695,"{""S002-FOD-01"": 1553.3161924076305, ""S002-FOD-02"": 1553.3161924076305, ""S002-HYG-01"": 1553.3161924076305, ""S002-MED-01"": 1553.3161924076305, ""S002-WAT-01"": 1553.3161924076305, ""S002-WAT-02"": 1553.3161924076305, ""S002-WAT-04"": 1553.3161924076305}"
Kaa3a50828b2d1f28,C,"[""S010-MED-01"", ""S010-WAT-01"", ""S013-FOD-01"", ""S013-MED-01"", ""S013-WAT-01""]","[""S013"", ""S010""]",450.0,2181.260512854431,3.983723631003364,0.5020345461245794,1912.2584833967446,1925.288692668556,"{""S013-FOD-01"": 1193.6164665061224, ""S013-MED-01"": 1193.6164665061224, ""S013-WAT-01"": 1193.6164665061224, ""S010-MED-01"": 1674.711307331444, ""S010-WAT-01"": 1674.711307331444}"
Kaa59b3b4991547ba,C,"[""S003-MED-01"", ""S003-WAT-01"", ""S003-WAT-04"", ""S006-MED-01"", ""S006-WAT-01"", ""S007-MED-01"", ""S007-WAT-01""]","[""S006"", ""S003"", ""S007""]",510.0,3058.5280653291543,6.216190892725213,0.22297613840934838,2516.885033446412,1101.2951633358625,"{""S006-MED-01"": 1095.4219339808324, ""S006-WAT-01"": 1095.4219339808324, ""S003-MED-01"": 2004.441321739172, ""S003-WAT-01"": 2004.441321739172, ""S003-WAT-04"": 2004.441321739172, ""S007-MED-01"": 2498.7048366641375, ""S007-WAT-01"": 2498.7048366641375}"
Kaa854d5f22525bac,C,"[""S001-MED-01"", ""S001-MED-02"", ""S001-WAT-01"", ""S002-MED-01"", ""S002-WAT-01"", ""S004-FOD-01"", ""S004-MED-01""]","[""S001"", ""S002"", ""S004""]",510.0,2959.714975150735,6.039584619019228,0.24505192262259645,2469.054167651041,1858.0536004491407,"{""S001-MED-01"": 1104.2695386645796, ""S001-MED-02"": 1104.2695386645796, ""S001-WAT-01"": 1104.2695386645796, ""S002-MED-01"": 1741.9463995508593, ""S002-WAT-01"": 1741.9463995508593, ""S004-FOD-01"": 2242.1566289091347, ""S004-MED-01"": 2242.1566289091347}"
Kaabfdb0601f654d4,C,"[""S001-FOD-01"", ""S001-FOD-02"", ""S001-FOD-03"", ""S001-HYG-01"", ""S001-MED-01"", ""S001-MED-02"", ""S001-WAT-01"", ""S011-FOD-01"", ""S011-MED-01"", ""S011-WAT-01""]","[""S001"", ""S011""]",600.0,2156.648682680487,3.636609765236667,0.5454237793454166,1818.2484780849306,2261.7304613354204,"{""S001-FOD-01"": 1338.2695386645796, ""S001-FOD-02"": 1338.2695386645796, ""S001-FOD-03"": 1338.2695386645796, ""S001-HYG-01"": 1338.2695386645796, ""S001-MED-01"": 1338.2695386645796, ""S001-MED-02"": 1338.2695386645796, ""S001-WAT-01"": 1338.2695386645796, ""S011-FOD-01"": 1852.3081540010596, ""S011-MED-01"": 1852.3081540010596, ""S011-WAT-01"": 1852.3081540010596}"
Kaaf3f2c034271a45,C,"[""S001-FOD-01"", ""S001-FOD-02"", ""S001-FOD-03"", ""S001-MED-01"", ""S001-MED-02"", ""S005-FOD-01"", ""S005-MED-01"", ""S011-FOD-01"", ""S011-MED-01"", ""S011-WAT-01""]","[""S011"", ""S001"", ""S005""]",600.0,2837.336291544071,5.090747858898046,0.3636565176377442,2212.0775451182208,1827.2508559840926,"{""S011-FOD-01"": 1183.9005286794275, ""S011-MED-01"": 1183.9005286794275, ""S011-WAT-01"": 1183.9005286794275, ""S001-FOD-01"": 1772.7491440159074, ""S001-FOD-02"": 1772.7491440159074, ""S001-FOD-03"": 1772.7491440159074, ""S001-MED-01"": 1772.7491440159074, ""S001-MED-02"": 1772.7491440159074, ""S005-FOD-01"": 2333.3760292811808, ""S005-MED-01"": 2333.3760292811808}"
Kab357147067bd2c9,C,"[""S002-MED-01"", ""S002-WAT-01"", ""S004-FOD-01"", ""S004-HYG-01"", ""S004-MED-01"", ""S004-WAT-01""]","[""S004"", ""S002""]",480.0,2633.0847680075067,6.355730834716919,0.20553364566038512,2554.6771010691655,1587.4114244001241,"{""S004-FOD-01"": 1511.4983462416003, ""S004-HYG-01"": 1511.4983462416003, ""S004-MED-01"": 1511.4983462416003, ""S004-WAT-01"": 1511.4983462416003, ""S002-MED-01"": 2012.5885755998759, ""S002-WAT-01"": 2012.5885755998759}"
Kaba8e6f9b544c37e,C,"[""S001-MED-01"", ""S002-MED-01"", ""S002-WAT-01"", ""S002-WAT-03"", ""S012-MED-01""]","[""S002"", ""S012"", ""S001""]",450.0,2938.9264117367898,6.285828073061564,0.21427149086730446,2535.74510312084,972.97312692779,"{""S002-MED-01"": 1349.3161924076305, ""S002-WAT-01"": 1349.3161924076305, ""S002-WAT-03"": 1349.3161924076305, ""S012-MED-01"": 1909.7283220570134, ""S001-MED-01"": 2627.02687307221}"
Kabdb5e6dc2f6368e,C,"[""S012-FOD-01"", ""S012-MED-01"", ""S012-WAT-01"", ""S013-MED-01""]","[""S012"", ""S013""]",420.0,2371.1585304752866,5.095031263953536,0.363121092005808,2213.237633987416,1706.8579360308358,"{""S012-FOD-01"": 1381.690341184267, ""S012-MED-01"": 1381.690341184267, ""S012-WAT-01"": 1381.690341184267, ""S013-MED-01"": 1893.1420639691642}"
Kac376445bdf1e48a,C,"[""S007-WAT-01""]","[""S007""]",330.0,1643.566457330034,3.012961756904667,0.6233797803869165,1649.3438091616808,2516.256771334983,"{""S007-WAT-01"": 1083.7432286650169}"
Kad1f116c4ed59ffe,C,"[""S010-FOD-01"", ""S010-MED-01"", ""S010-WAT-01"", ""S013-MED-01"", ""S013-WAT-01"", ""S014-FOD-01"", ""S014-MED-01"", ""S014-WAT-01""]","[""S014"", ""S010"", ""S013""]",540.0,3027.0673716597908,5.839933742037186,0.2700082822453518,2414.9820551350713,1050.9490948463322,"{""S014-FOD-01"": 1495.479439473324, ""S014-MED-01"": 1495.479439473324, ""S014-WAT-01"": 1495.479439473324, ""S010-FOD-01"": 2067.9660643283464, ""S010-MED-01"": 2067.9660643283464, ""S010-WAT-01"": 2067.9660643283464, ""S013-MED-01"": 2549.050905153668, ""S013-WAT-01"": 2549.050905153668}"
Kad515edf85642c05,B,"[""S001-WAT-01""]","[""S001""]",330.0,1089.100207293352,1.0069748039987942,0.7482562990003014,1103.022415066144,2802.3265630199908,"{""S001-WAT-01"": 797.6734369800093}"
Kad6d2152c98269dc,B,"[""S004-MED-01"", ""S005-MED-01"", ""S008-HYG-01"", ""S008-MED-01""]","[""S004"", ""S008"", ""S005""]",420.0,2714.4765403906035,3.097137883785906,0.22571552905352354,2008.7597496405592,5444.207194464087,"{""S004-MED-01"": 1272.468485198306, ""S008-HYG-01"": 1755.7928055359134, ""S008-MED-01"": 1755.7928055359134, ""S005-MED-01"": 2239.148092906359}"
Kadc56bf9c20e9327,C,"[""S001-MED-01"", ""S001-MED-02"", ""S001-WAT-01"", ""S001-WAT-02"", ""S001-WAT-03"", ""S001-WAT-07"", ""S013-MED-01"", ""S013-WAT-01""]","[""S001"", ""S013""]",540.0,2256.6157837540727,4.584623578989929,0.42692205262625893,2075.0022193097725,1821.40068275205,"{""S001-MED-01"": 1242.2695386645796, ""S001-MED-02"": 1242.2695386645796, ""S001-WAT-01"": 1242.2695386645796, ""S001-WAT-02"": 1242.2695386645796, ""S001-WAT-03"": 1242.2695386645796, ""S001-WAT-07"": 1242.2695386645796, ""S013-MED-01"": 1778.59931724795, ""S013-WAT-01"": 1778.59931724795}"
Kadca2790a50b798d,C,"[""S001-FOD-03""]","[""S001""]",330.0,1164.1690773291593,1.96206498968244,0.754741876289695,1364.7259347056608,,"{""S001-FOD-03"": 852.2695386645796}"
Kaec707d43b5bc631,C,"[""S001-MED-01"", ""S001-MED-02"", ""S001-WAT-01"", ""S002-MED-01"", ""S002-WAT-01"", ""S005-FOD-01"", ""S005-MED-01"", ""S005-WAT-03""]","[""S001"", ""S005"", ""S002""]",540.0,3013.477862461497,6.24964493796885,0.21879438275389373,2525.9455040332305,1207.0183299461337,"{""S001-MED-01"": 1134.2695386645796, ""S001-MED-02"": 1134.2695386645796, ""S001-WAT-01"": 1134.2695386645796, ""S005-FOD-01"": 1730.896423929853, ""S005-MED-01"": 1730.896423929853, ""S005-WAT-03"": 1730.896423929853, ""S002-MED-01"": 2392.9816700538663, ""S002-WAT-01"": 2392.9816700538663}"
Kaf7dd1e100a71be6,A,"[""S002-WAT-04""]","[""S002""]",330.0,1943.7379819346033,2.871432789745099,0.36190382450108904,1329.5250281485842,,"{""S002-WAT-04"": 1223.8089909673017}"
Kafa36261eaeaaede,C,"[""S001-FOD-01"", ""S001-MED-01"", ""S001-MED-02"", ""S001-WAT-01"", ""S001-WAT-06"", ""S010-MED-01"", ""S010-WAT-01"", ""S013-MED-01"", ""S013-WAT-01""]","[""S010"", ""S013"", ""S001""]",570.0,2760.2433635962584,5.920412907401133,0.2599483865748584,2436.7784957544736,1151.6561750683213,"{""S010-MED-01"": 1306.159205522987, ""S010-WAT-01"": 1306.159205522987, ""S013-MED-01"": 1787.2440463483085, ""S013-WAT-01"": 1787.2440463483085, ""S001-FOD-01"": 2448.3438249316787, ""S001-MED-01"": 2448.3438249316787, ""S001-MED-02"": 2448.3438249316787, ""S001-WAT-01"": 2448.3438249316787, ""S001-WAT-06"": 2448.3438249316787}"
Kb0c184a98a9d64aa,C,"[""S010-MED-01"", ""S010-WAT-01"", ""S013-FOD-01"", ""S013-MED-01"", ""S013-WAT-01""]","[""S010"", ""S013""]",450.0,2181.260512854431,4.009434541585077,0.4988206823018654,1919.2218550126252,1896.7559536516915,"{""S010-MED-01"": 1186.159205522987, ""S010-WAT-01"": 1186.159205522987, ""S013-FOD-01"": 1703.2440463483085, ""S013-MED-01"": 1703.2440463483085, ""S013-WAT-01"": 1703.2440463483085}"
Kb0ffdd333957c0a6,C,"[""S001-FOD-01"", ""S001-FOD-02"", ""S001-FOD-03"", ""S001-HYG-01"", ""S001-MED-01"", ""S001-MED-02"", ""S001-WAT-07""]","[""S001""]",510.0,1560.1690773291593,2.309532357648675,0.7113084552939156,1458.8316801965161,2351.7304613354204,"{""S001-FOD-01"": 1248.2695386645796, ""S001-FOD-02"": 1248.2695386645796, ""S001-FOD-03"": 1248.2695386645796, ""S001-HYG-01"": 1248.2695386645796, ""S001-MED-01"": 1248.2695386645796, ""S001-MED-02"": 1248.2695386645796, ""S001-WAT-07"": 1248.2695386645796}"
Kb14215cb4e7729df,C,"[""S002-FOD-01"", ""S002-FOD-02"", ""S002-HYG-01"", ""S002-MED-01"", ""S002-WAT-01"", ""S009-FOD-01"", ""S009-MED-01"", ""S009-WAT-01""]","[""S009"", ""S002""]",540.0,2495.343010518778,5.933883780794544,0.25826452740068195,2440.4268572985225,1725.1531818888523,"{""S009-FOD-01"": 1306.1690186032997, ""S009-MED-01"": 1306.1690186032997, ""S009-WAT-01"": 1306.1690186032997, ""S002-FOD-01"": 1874.8468181111477, ""S002-FOD-02"": 1874.8468181111477, ""S002-HYG-01"": 1874.8468181111477, ""S002-MED-01"": 1874.8468181111477, ""S002-WAT-01"": 1874.8468181111477}"
Kb14eb1909d1eeffa,C,"[""S002-MED-01"", ""S002-WAT-01"", ""S002-WAT-03""]","[""S002""]",390.0,1909.8123848152607,4.994095245354581,0.3757380943306774,2185.9007956168653,2310.6838075923697,"{""S002-MED-01"": 1289.3161924076303, ""S002-WAT-01"": 1289.3161924076303, ""S002-WAT-03"": 1289.3161924076303}"
Kb1808f2bff8c9987,C,"[""S001-HYG-01"", ""S001-HYG-02"", ""S001-MED-01"", ""S001-MED-02"", ""S001-WAT-01"", ""S001-WAT-02"", ""S010-MED-01"", ""S010-WAT-01"", ""S013-MED-01"", ""S013-WAT-01""]","[""S010"", ""S013"", ""S001""]",600.0,2826.2433635962584,6.2617427785339075,0.21728215268326156,2529.2220025196,1085.6561750683213,"{""S010-MED-01"": 1336.159205522987, ""S010-WAT-01"": 1336.159205522987, ""S013-MED-01"": 1817.2440463483085, ""S013-WAT-01"": 1817.2440463483085, ""S001-HYG-01"": 2514.3438249316787, ""S001-HYG-02"": 2514.3438249316787, ""S001-MED-01"": 2514.3438249316787, ""S001-MED-02"": 2514.3438249316787, ""S001-WAT-01"": 2514.3438249316787, ""S001-WAT-02"": 2514.3438249316787}"
Kb1b8f7453b9aceae,C,"[""S001-FOD-01"", ""S001-FOD-02"", ""S001-FOD-03"", ""S001-MED-01"", ""S001-MED-02"", ""S001-WAT-01"", ""S001-WAT-05""]","[""S001""]",510.0,1560.1690773291593,2.4411673154656004,0.6948540855668,1494.4828146052669,2351.7304613354204,"{""S001-FOD-01"": 1248.2695386645796, ""S001-FOD-02"": 1248.2695386645796, ""S001-FOD-03"": 1248.2695386645796, ""S001-MED-01"": 1248.2695386645796, ""S001-MED-02"": 1248.2695386645796, ""S001-WAT-01"": 1248.2695386645796, ""S001-WAT-05"": 1248.2695386645796}"
Kb1bde8092390e2fd,C,"[""S010-MED-01"", ""S014-FOD-01"", ""S014-MED-01"", ""S014-WAT-01""]","[""S014"", ""S010""]",420.0,2382.5152698513334,4.136261691183858,0.48296728860201776,1953.5708746956282,1724.0339356716536,"{""S014-FOD-01"": 1375.479439473324, ""S014-MED-01"": 1375.479439473324, ""S014-WAT-01"": 1375.479439473324, ""S010-MED-01"": 1875.9660643283464}"
Kb1ff87af1cfd48ba,C,"[""S001-FOD-01"", ""S001-MED-01"", ""S001-MED-02"", ""S001-WAT-01"", ""S001-WAT-05""]","[""S001""]",450.0,1428.1690773291593,2.206548017721392,0.724181497784826,1430.940088132877,2483.7304613354204,"{""S001-FOD-01"": 1116.2695386645796, ""S001-MED-01"": 1116.2695386645796, ""S001-MED-02"": 1116.2695386645796, ""S001-WAT-01"": 1116.2695386645796, ""S001-WAT-05"": 1116.2695386645796}"
Kb23c43fa66e20a70,C,"[""S001-FOD-01"", ""S001-HYG-02"", ""S001-MED-01"", ""S001-MED-02"", ""S001-WAT-01"", ""S001-WAT-02"", ""S001-WAT-03"", ""S013-MED-01"", ""S013-WAT-01""]","[""S001"", ""S013""]",570.0,2322.6157837540727,4.584623578989929,0.42692205262625893,2075.0022193097725,1755.40068275205,"{""S001-FOD-01"": 1308.2695386645796, ""S001-HYG-02"": 1308.2695386645796, ""S001-MED-01"": 1308.2695386645796, ""S001-MED-02"": 1308.2695386645796, ""S001-WAT-01"": 1308.2695386645796, ""S001-WAT-02"": 1308.2695386645796, ""S001-WAT-03"": 1308.2695386645796, ""S013-MED-01"": 1844.59931724795, ""S013-WAT-01"": 1844.59931724795}"
Kb265085c2c88e8d6,C,"[""S001-FOD-01"", ""S001-FOD-02"", ""S001-MED-01"", ""S001-MED-02"", ""S011-FOD-01"", ""S011-MED-01"", ""S011-WAT-01""]","[""S011"", ""S001""]",510.0,1958.6486826804871,2.985689498282401,0.6267888127146999,1641.9575724514837,1953.2508559840926,"{""S011-FOD-01"": 1093.9005286794275, ""S011-MED-01"": 1093.9005286794275, ""S011-WAT-01"": 1093.9005286794275, ""S001-FOD-01"": 1646.7491440159074, ""S001-FOD-02"": 1646.7491440159074, ""S001-MED-01"": 1646.7491440159074, ""S001-MED-02"": 1646.7491440159074}"
Kb416b63a32900839,C,"[""S004-FOD-01"", ""S004-MED-01"", ""S005-FOD-01"", ""S005-HYG-01"", ""S005-MED-01"", ""S005-WAT-01"", ""S005-WAT-02"", ""S005-WAT-03""]","[""S005"", ""S004""]",540.0,2713.7406336996287,6.306570627113795,0.21167867161077558,2541.362878176653,5203.817712541972,"{""S005-FOD-01"": 1433.2302622628904, ""S005-HYG-01"": 1433.2302622628904, ""S005-MED-01"": 1433.2302622628904, ""S005-WAT-01"": 1433.2302622628904, ""S005-WAT-02"": 1433.2302622628904, ""S005-WAT-03"": 1433.2302622628904, ""S004-FOD-01"": 1996.1822874580284, ""S004-MED-01"": 1996.1822874580284}"
Kb440e5b1db38e3d4,C,"[""S006-FOD-01"", ""S006-MED-01"", ""S007-FOD-01"", ""S007-HYG-01"", ""S007-MED-01"", ""S007-WAT-01"", ""S007-WAT-02"", ""S015-FOD-01"", ""S015-MED-01""]","[""S006"", ""S015"", ""S007""]",570.0,3099.0403580985267,6.392836903097404,0.2008953871128245,2564.726661255547,1060.7828705664901,"{""S006-FOD-01"": 1155.4219339808324, ""S006-MED-01"": 1155.4219339808324, ""S015-FOD-01"": 1942.6834423711057, ""S015-MED-01"": 1942.6834423711057, ""S007-FOD-01"": 2539.21712943351, ""S007-HYG-01"": 2539.21712943351, ""S007-MED-01"": 2539.21712943351, ""S007-WAT-01"": 2539.21712943351, ""S007-WAT-02"": 2539.21712943351}"
Kb44ef1fa9941757e,B,"[""S009-WAT-01""]","[""S009""]",330.0,1438.4417330887613,1.8240624318615795,0.5439843920346051,1457.0937204733514,9829.18913345562,"{""S009-WAT-01"": 970.8108665443806}"
Kb4794f02ffa582db,C,"[""S005-MED-01"", ""S008-FOD-01"", ""S008-HYG-01"", ""S008-MED-01"", ""S008-WAT-01"", ""S008-WAT-02""]","[""S005"", ""S008""]",480.0,2574.577351244426,6.053747929400453,0.24328150882494337,2472.8900642126227,5327.433255298305,"{""S005-MED-01"": 1193.2302622628904, ""S008-FOD-01"": 1872.5667447016954, ""S008-HYG-01"": 1872.5667447016954, ""S008-MED-01"": 1872.5667447016954, ""S008-WAT-01"": 1872.5667447016954, ""S008-WAT-02"": 1872.5667447016954}"
Kb49d000082a19594,C,"[""S005-HYG-01""]","[""S005""]",330.0,1547.1905245257808,3.3596219904313864,0.5800472511960767,1743.2309557418337,,"{""S005-HYG-01"": 1043.2302622628904}"
Kb4c0c17910721ae8,C,"[""S010-FOD-01"", ""S010-MED-01"", ""S010-WAT-01"", ""S013-FOD-01"", ""S013-MED-01"", ""S013-WAT-01""]","[""S013"", ""S010""]",480.0,2247.260512854431,4.17351686861939,0.47831039142257625,1963.6608185844182,1859.288692668556,"{""S013-FOD-01"": 1223.6164665061224, ""S013-MED-01"": 1223.6164665061224, ""S013-WAT-01"": 1223.6164665061224, ""S010-FOD-01"": 1740.711307331444, ""S010-MED-01"": 1740.711307331444, ""S010-WAT-01"": 1740.711307331444}"
Kb4c3694b66330e7a,C,"[""S010-FOD-01"", ""S010-MED-01"", ""S012-FOD-01"", ""S012-MED-01"", ""S013-FOD-01"", ""S013-MED-01"", ""S013-WAT-01""]","[""S010"", ""S012"", ""S013""]",510.0,2968.3589731475963,6.110674633372496,0.23616567082843798,2488.307713205051,1109.6574933585266,"{""S010-FOD-01"": 1246.159205522987, ""S010-MED-01"": 1246.159205522987, ""S012-FOD-01"": 1906.890783856576, ""S012-MED-01"": 1906.890783856576, ""S013-FOD-01"": 2490.3425066414734, ""S013-MED-01"": 2490.3425066414734, ""S013-WAT-01"": 2490.3425066414734}"
Kb52434349b96a23f,A,"[""S009-FOD-01""]","[""S009""]",330.0,1628.6132318313294,2.1580442414771177,0.520434613005085,1123.4350030933895,,"{""S009-FOD-01"": 1065.8966159156646}"
Kb52e1f117b64f0c1,C,"[""S009-FOD-01""]","[""S009""]",330.0,1512.5680372066,3.606797264837633,0.5491503418952959,1810.1742592268588,,"{""S009-FOD-01"": 1024.1690186033}"
Kb54386f56a2f4d01,C,"[""S012-FOD-01""]","[""S012""]",330.0,1908.5906823685345,4.706908128328687,0.41163648395891417,2108.120951422353,,"{""S012-FOD-01"": 1219.6903411842673}"
Kb561a24884f681f6,C,"[""S008-FOD-01"", ""S008-HYG-01"", ""S008-MED-01""]","[""S008""]",390.0,2067.7012130854614,5.217768224058373,0.34777897199270336,2246.478894015809,5834.30939345727,"{""S008-FOD-01"": 1365.6906065427306, ""S008-HYG-01"": 1365.6906065427306, ""S008-MED-01"": 1365.6906065427306}"
Kb5d2ef2579c87a8d,C,"[""S010-FOD-01"", ""S010-MED-01"", ""S010-WAT-01"", ""S012-MED-01"", ""S013-FOD-01"", ""S013-MED-01"", ""S013-WAT-01""]","[""S010"", ""S012"", ""S013""]",510.0,2968.3589731475963,6.161709108443669,0.22978636144454134,2502.1295502034936,1109.6574933585266,"{""S010-FOD-01"": 1282.159205522987, ""S010-MED-01"": 1282.159205522987, ""S010-WAT-01"": 1282.159205522987, ""S012-MED-01"": 1906.890783856576, ""S013-FOD-01"": 2490.3425066414734, ""S013-MED-01"": 2490.3425066414734, ""S013-WAT-01"": 2490.3425066414734}"
Kb607828bb6d02aa1,C,"[""S005-MED-01"", ""S008-FOD-01"", ""S008-HYG-01"", ""S008-MED-01"", ""S008-WAT-01"", ""S008-WAT-02"", ""S011-FOD-01"", ""S011-MED-01""]","[""S011"", ""S008"", ""S005""]",540.0,3001.2695986353096,6.293978192260072,0.213252725967491,2537.952427070436,5245.617146066385,"{""S011-FOD-01"": 1087.9005286794275, ""S011-MED-01"": 1087.9005286794275, ""S008-FOD-01"": 1954.3828539336143, ""S008-HYG-01"": 1954.3828539336143, ""S008-MED-01"": 1954.3828539336143, ""S008-WAT-01"": 1954.3828539336143, ""S008-WAT-02"": 1954.3828539336143, ""S005-MED-01"": 2497.3093363724192}"
Kb63fbd72362f9c87,C,"[""S011-FOD-01""]","[""S011""]",330.0,1146.241057358855,1.814471577235606,0.7731910528455492,1324.7527188346435,,"{""S011-FOD-01"": 841.9005286794275}"
Kb65afbafe776f2f0,C,"[""S001-FOD-01"", ""S001-MED-01"", ""S001-MED-02"", ""S001-WAT-01"", ""S001-WAT-02"", ""S001-WAT-03"", ""S013-MED-01"", ""S013-WAT-01""]","[""S013"", ""S001""]",540.0,2256.6157837540723,5.237394257753939,0.3453257177807576,2251.794278141692,1655.2837549105072,"{""S013-MED-01"": 1247.6164665061224, ""S013-WAT-01"": 1247.6164665061224, ""S001-FOD-01"": 1944.7162450894928, ""S001-MED-01"": 1944.7162450894928, ""S001-MED-02"": 1944.7162450894928, ""S001-WAT-01"": 1944.7162450894928, ""S001-WAT-02"": 1944.7162450894928, ""S001-WAT-03"": 1944.7162450894928}"
Kb665122dc4c06a21,B,"[""S013-MED-01""]","[""S013""]",330.0,1390.4723251020891,1.4765650936951282,0.630858726576218,1306.511540601222,2657.2305041156224,"{""S013-MED-01"": 942.7694958843779}"
Kb68425cf95950d9d,B,"[""S001-MED-01"", ""S002-MED-01"", ""S002-WAT-03"", ""S012-MED-01""]","[""S001"", ""S002"", ""S012""]",420.0,2616.4620869372434,3.0956468699984,0.22608828250040003,2008.113643665973,1634.978088434849,"{""S001-MED-01"": 887.6734369800093, ""S002-MED-01"": 1466.0261574447395, ""S002-WAT-03"": 1466.0261574447395, ""S012-MED-01"": 1965.021911565151}"
Kb6a528215fb36530,C,"[""S001-FOD-03"", ""S001-HYG-01"", ""S001-MED-01"", ""S001-MED-02"", ""S001-WAT-01"", ""S001-WAT-02"", ""S001-WAT-03"", ""S013-MED-01"", ""S013-WAT-01""]","[""S001"", ""S013""]",570.0,2322.6157837540727,4.584623578989929,0.42692205262625893,2075.0022193097725,1755.40068275205,"{""S001-FOD-03"": 1308.2695386645796, ""S001-HYG-01"": 1308.2695386645796, ""S001-MED-01"": 1308.2695386645796, ""S001-MED-02"": 1308.2695386645796, ""S001-WAT-01"": 1308.2695386645796, ""S001-WAT-02"": 1308.2695386645796, ""S001-WAT-03"": 1308.2695386645796, ""S013-MED-01"": 1844.59931724795, ""S013-WAT-01"": 1844.59931724795}"
Kb8345016010bad07,C,"[""S001-MED-01"", ""S001-MED-02"", ""S001-WAT-01"", ""S001-WAT-02"", ""S001-WAT-03"", ""S001-WAT-06"", ""S013-MED-01"", ""S013-WAT-01""]","[""S001"", ""S013""]",540.0,2256.6157837540727,4.584623578989929,0.42692205262625893,2075.0022193097725,1821.40068275205,"{""S001-MED-01"": 1242.2695386645796, ""S001-MED-02"": 1242.2695386645796, ""S001-WAT-01"": 1242.2695386645796, ""S001-WAT-02"": 1242.2695386645796, ""S001-WAT-03"": 1242.2695386645796, ""S001-WAT-06"": 1242.2695386645796, ""S013-MED-01"": 1778.59931724795, ""S013-WAT-01"": 1778.59931724795}"
Kb86003c631f0bc63,C,"[""S005-FOD-01"", ""S005-MED-01"", ""S008-FOD-01"", ""S008-HYG-01"", ""S008-MED-01"", ""S008-WAT-01"", ""S008-WAT-02""]","[""S008"", ""S005""]",510.0,2640.577351244426,6.398488233624697,0.2001889707969129,2566.257229940022,5642.309393457269,"{""S008-FOD-01"": 1557.6906065427308, ""S008-HYG-01"": 1557.6906065427308, ""S008-MED-01"": 1557.6906065427308, ""S008-WAT-01"": 1557.6906065427308, ""S008-WAT-02"": 1557.6906065427308, ""S005-FOD-01"": 2136.6170889815357, ""S005-MED-01"": 2136.6170889815357}"
Kb8a705ac52e93a03,C,"[""S003-WAT-01""]","[""S003""]",330.0,2106.0913496046687,4.758279991234723,0.40521500109565967,2122.0341642927374,5884.494325197666,"{""S003-WAT-01"": 1315.5056748023344}"
Kb8cd32f0da6a0971,C,"[""S001-FOD-01"", ""S001-FOD-02"", ""S001-FOD-03"", ""S001-MED-01"", ""S001-MED-02"", ""S001-WAT-01"", ""S011-FOD-01"", ""S011-MED-01"", ""S011-WAT-01""]","[""S001"", ""S011""]",570.0,2090.648682680487,3.447572388276881,0.5690534514653899,1767.050855158322,2327.7304613354204,"{""S001-FOD-01"": 1272.2695386645796, ""S001-FOD-02"": 1272.2695386645796, ""S001-FOD-03"": 1272.2695386645796, ""S001-MED-01"": 1272.2695386645796, ""S001-MED-02"": 1272.2695386645796, ""S001-WAT-01"": 1272.2695386645796, ""S011-FOD-01"": 1786.3081540010596, ""S011-MED-01"": 1786.3081540010596, ""S011-WAT-01"": 1786.3081540010596}"
Kb8d6a3ee1e6906df,C,"[""S007-FOD-01"", ""S007-HYG-01"", ""S007-MED-01"", ""S007-WAT-01"", ""S007-WAT-02"", ""S011-MED-01"", ""S015-FOD-01"", ""S015-MED-01"", ""S015-WAT-01""]","[""S011"", ""S015"", ""S007""]",570.0,2964.7714887282978,6.157000115235215,0.2303749855955981,2500.854197876204,1195.051739936719,"{""S011-MED-01"": 1081.9005286794275, ""S015-FOD-01"": 1808.4145730008763, ""S015-MED-01"": 1808.4145730008763, ""S015-WAT-01"": 1808.4145730008763, ""S007-FOD-01"": 2404.948260063281, ""S007-HYG-01"": 2404.948260063281, ""S007-MED-01"": 2404.948260063281, ""S007-WAT-01"": 2404.948260063281, ""S007-WAT-02"": 2404.948260063281}"
Kb97b3236aa9f6bb5,C,"[""S001-WAT-07""]","[""S001""]",330.0,1164.1690773291593,1.9876500839774989,0.7515437395028126,1371.6552310772393,,"{""S001-WAT-07"": 852.2695386645796}"
Kb9a5d3127686f58b,A,"[""S004-WAT-02""]","[""S004""]",330.0,2118.800185367184,3.0353555177221425,0.3254765516173017,1376.8804828975078,,"{""S004-WAT-02"": 1311.0467593502588}"
Kba546f3b2925e2cc,B,"[""S003-WAT-03""]","[""S003""]",330.0,1960.5233035434708,2.424118782124915,0.39397030446877124,1717.1181389207966,,"{""S003-WAT-03"": 1228.2349851050687}"
Kba54f22feb69d59c,C,"[""S001-FOD-01"", ""S001-MED-01"", ""S001-MED-02"", ""S001-WAT-01"", ""S002-MED-01"", ""S002-WAT-01"", ""S005-HYG-01"", ""S005-MED-01"", ""S005-WAT-01""]","[""S001"", ""S002"", ""S005""]",570.0,3042.4419079377626,6.302535842145836,0.21218301973177045,2540.270123914497,1762.0536004491407,"{""S001-FOD-01"": 1200.2695386645796, ""S001-MED-01"": 1200.2695386645796, ""S001-MED-02"": 1200.2695386645796, ""S001-WAT-01"": 1200.2695386645796, ""S002-MED-01"": 1837.9463995508593, ""S002-WAT-01"": 1837.9463995508593, ""S005-HYG-01"": 2538.481645674872, ""S005-MED-01"": 2538.481645674872, ""S005-WAT-01"": 2538.481645674872}"
Kba60d47b6c53cc67,B,"[""S001-WAT-03""]","[""S001""]",330.0,1089.100207293352,1.0069748039987942,0.7482562990003014,1103.022415066144,,"{""S001-WAT-03"": 797.6734369800093}"
Kbaf78437a81cfc57,C,"[""S003-HYG-01"", ""S003-MED-01"", ""S003-WAT-01"", ""S006-MED-01"", ""S006-WAT-01"", ""S007-MED-01"", ""S007-WAT-01""]","[""S006"", ""S003"", ""S007""]",510.0,3058.5280653291543,5.883912123736585,0.2645109845329269,2426.8928668453254,1101.2951633358625,"{""S006-MED-01"": 1095.4219339808324, ""S006-WAT-01"": 1095.4219339808324, ""S003-HYG-01"": 2004.441321739172, ""S003-MED-01"": 2004.441321739172, ""S003-WAT-01"": 2004.441321739172, ""S007-MED-01"": 2498.7048366641375, ""S007-WAT-01"": 2498.7048366641375}"
Kbb417a31d643d55c,C,"[""S002-FOD-01"", ""S002-FOD-02"", ""S002-MED-01"", ""S002-WAT-01"", ""S002-WAT-02""]","[""S002""]",450.0,2041.8123848152609,5.39459446330835,0.3256756920864563,2294.3693338126777,2178.6838075923697,"{""S002-FOD-01"": 1421.3161924076305, ""S002-FOD-02"": 1421.3161924076305, ""S002-MED-01"": 1421.3161924076305, ""S002-WAT-01"": 1421.3161924076305, ""S002-WAT-02"": 1421.3161924076305}"
Kbb585d3f817d88ce,C,"[""S001-HYG-02"", ""S001-MED-01"", ""S001-MED-02"", ""S001-WAT-01"", ""S001-WAT-02"", ""S001-WAT-03"", ""S013-MED-01"", ""S013-WAT-01""]","[""S013"", ""S001""]",540.0,2256.6157837540723,5.106070305768449,0.3617412117789439,2216.2273744789545,1655.2837549105072,"{""S013-MED-01"": 1247.6164665061224, ""S013-WAT-01"": 1247.6164665061224, ""S001-HYG-02"": 1944.7162450894928, ""S001-MED-01"": 1944.7162450894928, ""S001-MED-02"": 1944.7162450894928, ""S001-WAT-01"": 1944.7162450894928, ""S001-WAT-02"": 1944.7162450894928, ""S001-WAT-03"": 1944.7162450894928}"
Kbb7ed22b94eb3c46,C,"[""S001-FOD-01"", ""S001-FOD-02"", ""S001-FOD-03"", ""S001-HYG-01"", ""S001-MED-01"", ""S001-MED-02"", ""S001-WAT-01"", ""S001-WAT-03""]","[""S001""]",540.0,1626.1690773291593,2.565578385924292,0.6793027017594635,1528.1774795211625,2285.7304613354204,"{""S001-FOD-01"": 1314.2695386645796, ""S001-FOD-02"": 1314.2695386645796, ""S001-FOD-03"": 1314.2695386645796, ""S001-HYG-01"": 1314.2695386645796, ""S001-MED-01"": 1314.2695386645796, ""S001-MED-02"": 1314.2695386645796, ""S001-WAT-01"": 1314.2695386645796, ""S001-WAT-03"": 1314.2695386645796}"
Kbb8810fa0c50fafd,C,"[""S003-MED-01"", ""S003-WAT-01"", ""S003-WAT-03"", ""S006-HYG-01"", ""S006-MED-01"", ""S006-WAT-01"", ""S007-MED-01"", ""S007-WAT-01""]","[""S006"", ""S003"", ""S007""]",540.0,3124.5280653291543,6.386023636025624,0.201747045496797,2562.8814014236063,1035.2951633358625,"{""S006-HYG-01"": 1161.4219339808324, ""S006-MED-01"": 1161.4219339808324, ""S006-WAT-01"": 1161.4219339808324, ""S003-MED-01"": 2070.441321739172, ""S003-WAT-01"": 2070.441321739172, ""S003-WAT-03"": 2070.441321739172, ""S007-MED-01"": 2564.7048366641375, ""S007-WAT-01"": 2564.7048366641375}"
Kbbf1d391eb26027d,C,"[""S001-MED-01"", ""S001-MED-02"", ""S002-MED-01"", ""S002-WAT-01"", ""S002-WAT-02"", ""S012-MED-01""]","[""S001"", ""S002"", ""S012""]",480.0,2961.258870384509,6.157436743865111,0.23032040701686107,2500.9724514634677,1327.6414707997578,"{""S001-MED-01"": 1038.2695386645796, ""S001-MED-02"": 1038.2695386645796, ""S002-MED-01"": 1711.9463995508593, ""S002-WAT-01"": 1711.9463995508593, ""S002-WAT-02"": 1711.9463995508593, ""S012-MED-01"": 2272.358529200242}"
Kbd267cb7f1650fd9,C,"[""S001-FOD-01"", ""S001-FOD-02"", ""S001-MED-01"", ""S001-MED-02"", ""S001-WAT-06""]","[""S001""]",450.0,1428.1690773291593,2.1435782470816216,0.7320527191147973,1413.8857752512727,2483.7304613354204,"{""S001-FOD-01"": 1116.2695386645796, ""S001-FOD-02"": 1116.2695386645796, ""S001-MED-01"": 1116.2695386645796, ""S001-MED-02"": 1116.2695386645796, ""S001-WAT-06"": 1116.2695386645796}"
Kbd5e2c91419c1a8d,A,"[""S007-MED-01""]","[""S007""]",330.0,1667.4240845409602,1.7887263229726846,0.6025052615616256,1016.7431599698865,2518.64795772952,"{""S007-MED-01"": 1081.35204227048}"
Kbd7c6dc81386deee,A,"[""S001-WAT-06""]","[""S001""]",330.0,1190.8995020773023,1.2195257371607946,0.7289942806309345,852.3074351797851,,"{""S001-WAT-06"": 848.5730843719844}"
Kbe0b914994b33c65,C,"[""S008-FOD-01"", ""S008-HYG-01"", ""S008-MED-01"", ""S008-WAT-01"", ""S008-WAT-02""]","[""S008""]",450.0,2199.7012130854614,5.8360117114838115,0.27049853606452356,2413.9198385268655,5702.309393457269,"{""S008-FOD-01"": 1497.6906065427308, ""S008-HYG-01"": 1497.6906065427308, ""S008-MED-01"": 1497.6906065427308, ""S008-WAT-01"": 1497.6906065427308, ""S008-WAT-02"": 1497.6906065427308}"
Kbe6cf8d53133775e,C,"[""S001-HYG-02"", ""S001-MED-01"", ""S001-MED-02"", ""S001-WAT-01"", ""S001-WAT-02"", ""S010-MED-01"", ""S010-WAT-01"", ""S013-MED-01"", ""S013-WAT-01""]","[""S001"", ""S013"", ""S010""]",570.0,2760.243363596259,5.000009283002193,0.3749988396247259,2187.502514146427,1346.3058419267281,"{""S001-HYG-02"": 1236.2695386645796, ""S001-MED-01"": 1236.2695386645796, ""S001-MED-02"": 1236.2695386645796, ""S001-WAT-01"": 1236.2695386645796, ""S001-WAT-02"": 1236.2695386645796, ""S013-MED-01"": 1772.59931724795, ""S013-WAT-01"": 1772.59931724795, ""S010-MED-01"": 2253.694158073272, ""S010-WAT-01"": 2253.694158073272}"
Kbe74761ce277f933,C,"[""S008-MED-01""]","[""S008""]",330.0,1935.7012130854614,5.076112664908252,0.3654859168864685,2208.113846745985,5966.30939345727,"{""S008-MED-01"": 1233.6906065427306}"
Kbe8f0a461cca0c3d,C,"[""S006-WAT-02""]","[""S006""]",330.0,1231.5538679616645,2.090246603441646,0.7387191745697943,1399.4417884321122,,"{""S006-WAT-02"": 879.4219339808323}"
Kbf26d0c0e57562dd,C,"[""S001-HYG-01""]","[""S001""]",330.0,1164.1690773291593,1.9551958552640434,0.7556005180919946,1362.8655441340118,,"{""S001-HYG-01"": 852.2695386645796}"
Kbf4dbad4725bf8d4,C,"[""S001-FOD-01"", ""S001-FOD-02"", ""S001-MED-01"", ""S001-MED-02"", ""S001-WAT-01"", ""S011-FOD-01"", ""S011-MED-01"", ""S011-WAT-01""]","[""S011"", ""S001""]",540.0,2024.6486826804871,3.2839238278611296,0.5895095215173588,1722.7293700457226,1887.2508559840926,"{""S011-FOD-01"": 1123.9005286794275, ""S011-MED-01"": 1123.9005286794275, ""S011-WAT-01"": 1123.9005286794275, ""S001-FOD-01"": 1712.7491440159074, ""S001-FOD-02"": 1712.7491440159074, ""S001-MED-01"": 1712.7491440159074, ""S001-MED-02"": 1712.7491440159074, ""S001-WAT-01"": 1712.7491440159074}"
Kbf7baee403ac686c,A,"[""S005-WAT-01""]","[""S005""]",330.0,1632.1904595309243,2.0859597097381597,0.5364533978359645,1102.610582813246,9731.148103567872,"{""S005-WAT-01"": 1068.8518964321288}"
Kbfe35ac9f304fb72,C,"[""S002-FOD-01"", ""S002-FOD-02"", ""S002-HYG-01"", ""S002-MED-01"", ""S009-FOD-01"", ""S009-MED-01"", ""S009-WAT-01""]","[""S009"", ""S002""]",510.0,2429.343010518778,5.391990428114352,0.326001196485706,2293.66407428097,1791.1531818888523,"{""S009-FOD-01"": 1276.1690186032997, ""S009-MED-01"": 1276.1690186032997, ""S009-WAT-01"": 1276.1690186032997, ""S002-FOD-01"": 1808.8468181111477, ""S002-FOD-02"": 1808.8468181111477, ""S002-HYG-01"": 1808.8468181111477, ""S002-MED-01"": 1808.8468181111477}"
Kc05a89185d0da673,A,"[""S001-HYG-01""]","[""S001""]",330.0,1190.8995020773023,1.1780743378537417,0.7382057026991685,840.3325864910809,,"{""S001-HYG-01"": 848.5730843719844}"
Kc0c7f7ce0b426cc4,C,"[""S001-FOD-01"", ""S001-FOD-02"", ""S001-FOD-03"", ""S001-HYG-01"", ""S001-HYG-02"", ""S001-MED-01"", ""S001-MED-02"", ""S001-WAT-01"", ""S001-WAT-07""]","[""S001""]",570.0,1692.1690773291593,2.720392502747031,0.6599509371566211,1570.106302827321,2219.7304613354204,"{""S001-FOD-01"": 1380.2695386645796, ""S001-FOD-02"": 1380.2695386645796, ""S001-FOD-03"": 1380.2695386645796, ""S001-HYG-01"": 1380.2695386645796, ""S001-HYG-02"": 1380.2695386645796, ""S001-MED-01"": 1380.2695386645796, ""S001-MED-02"": 1380.2695386645796, ""S001-WAT-01"": 1380.2695386645796, ""S001-WAT-07"": 1380.2695386645796}"
Kc0ed842721e89a44,B,"[""S008-FOD-01"", ""S008-MED-01"", ""S008-WAT-02""]","[""S008""]",390.0,1961.8314356603312,2.975216526368167,0.25619586840795827,1955.9271614262054,5908.857615503168,"{""S008-FOD-01"": 1291.1423844968324, ""S008-MED-01"": 1291.1423844968324, ""S008-WAT-02"": 1291.1423844968324}"
Kc11cab02f0311cc0,B,"[""S001-WAT-07""]","[""S001""]",330.0,1089.100207293352,1.0069748039987942,0.7482562990003014,1103.022415066144,,"{""S001-WAT-07"": 797.6734369800093}"
Kc17efc4c089a0f7a,C,"[""S001-FOD-02"", ""S001-MED-01"", ""S001-MED-02"", ""S001-WAT-01"", ""S001-WAT-02"", ""S001-WAT-03"", ""S013-MED-01"", ""S013-WAT-01""]","[""S013"", ""S001""]",540.0,2256.6157837540723,5.237394257753939,0.3453257177807576,2251.794278141692,1655.2837549105072,"{""S013-MED-01"": 1247.6164665061224, ""S013-WAT-01"": 1247.6164665061224, ""S001-FOD-02"": 1944.7162450894928, ""S001-MED-01"": 1944.7162450894928, ""S001-MED-02"": 1944.7162450894928, ""S001-WAT-01"": 1944.7162450894928, ""S001-WAT-02"": 1944.7162450894928, ""S001-WAT-03"": 1944.7162450894928}"
Kc281360ba511bbb7,C,"[""S001-HYG-01"", ""S001-MED-01"", ""S001-MED-02"", ""S001-WAT-01"", ""S002-MED-01"", ""S002-WAT-01"", ""S005-FOD-01"", ""S005-MED-01"", ""S005-WAT-03""]","[""S001"", ""S002"", ""S005""]",570.0,3042.4419079377626,6.34926452256007,0.2063419346799913,2552.925808193352,1762.0536004491407,"{""S001-HYG-01"": 1200.2695386645796, ""S001-MED-01"": 1200.2695386645796, ""S001-MED-02"": 1200.2695386645796, ""S001-WAT-01"": 1200.2695386645796, ""S002-MED-01"": 1837.9463995508593, ""S002-WAT-01"": 1837.9463995508593, ""S005-FOD-01"": 2538.481645674872, ""S005-MED-01"": 2538.481645674872, ""S005-WAT-03"": 2538.481645674872}"
Kc348ab0d847c11f2,C,"[""S003-FOD-02"", ""S003-MED-01"", ""S003-WAT-01"", ""S003-WAT-02"", ""S003-WAT-03"", ""S007-MED-01"", ""S007-WAT-01""]","[""S007"", ""S003""]",510.0,2693.5924183923166,6.2065278199671665,0.22418402250410419,2514.2679512411073,2300.256771334983,"{""S007-MED-01"": 1299.7432286650169, ""S007-WAT-01"": 1299.7432286650169, ""S003-FOD-02"": 1903.0067435899823, ""S003-MED-01"": 1903.0067435899823, ""S003-WAT-01"": 1903.0067435899823, ""S003-WAT-02"": 1903.0067435899823, ""S003-WAT-03"": 1903.0067435899823}"
Kc34d2ccc820a6052,C,"[""S001-FOD-01"", ""S001-FOD-02"", ""S001-FOD-03"", ""S001-HYG-01"", ""S001-HYG-02"", ""S001-MED-01"", ""S001-MED-02"", ""S001-WAT-03""]","[""S001""]",540.0,1626.1690773291593,2.405026168043529,0.6993717289945589,1484.6945871784558,2285.7304613354204,"{""S001-FOD-01"": 1314.2695386645796, ""S001-FOD-02"": 1314.2695386645796, ""S001-FOD-03"": 1314.2695386645796, ""S001-HYG-01"": 1314.2695386645796, ""S001-HYG-02"": 1314.2695386645796, ""S001-MED-01"": 1314.2695386645796, ""S001-MED-02"": 1314.2695386645796, ""S001-WAT-03"": 1314.2695386645796}"
Kc38c95c0e12aec6b,C,"[""S002-FOD-02""]","[""S002""]",330.0,1777.8123848152607,4.677413450589066,0.41532331867636674,2100.132809534539,,"{""S002-FOD-02"": 1157.3161924076303}"
Kc395dfba57b92f13,C,"[""S003-FOD-01"", ""S003-HYG-01"", ""S003-MED-01"", ""S003-WAT-01"", ""S006-MED-01"", ""S006-WAT-01"", ""S007-MED-01"", ""S007-WAT-01""]","[""S007"", ""S003"", ""S006""]",540.0,3124.5280653291543,6.3097051807649285,0.21128685240438394,2542.2118197905015,827.6038686516781,"{""S007-MED-01"": 1329.7432286650169, ""S007-WAT-01"": 1329.7432286650169, ""S003-FOD-01"": 1897.0067435899823, ""S003-HYG-01"": 1897.0067435899823, ""S003-MED-01"": 1897.0067435899823, ""S003-WAT-01"": 1897.0067435899823, ""S006-MED-01"": 2772.396131348322, ""S006-WAT-01"": 2772.396131348322}"
Kc4291bbf3ee957ee,A,"[""S002-WAT-03""]","[""S002""]",330.0,1943.7379819346033,2.871432789745099,0.36190382450108904,1329.5250281485842,,"{""S002-WAT-03"": 1223.8089909673017}"
Kc44789376da6d1ab,C,"[""S003-FOD-01"", ""S003-FOD-02"", ""S003-MED-01"", ""S003-WAT-01"", ""S006-MED-01"", ""S006-WAT-01"", ""S007-MED-01"", ""S007-WAT-01""]","[""S006"", ""S003"", ""S007""]",540.0,3124.5280653291543,6.313599011065693,0.21080012361678835,2543.266398830292,1035.2951633358625,"{""S006-MED-01"": 1125.4219339808324, ""S006-WAT-01"": 1125.4219339808324, ""S003-FOD-01"": 2070.441321739172, ""S003-FOD-02"": 2070.441321739172, ""S003-MED-01"": 2070.441321739172, ""S003-WAT-01"": 2070.441321739172, ""S007-MED-01"": 2564.7048366641375, ""S007-WAT-01"": 2564.7048366641375}"
Kc451c2af340d8065,C,"[""S006-FOD-01"", ""S006-HYG-01"", ""S006-MED-01"", ""S006-WAT-01"", ""S006-WAT-02"", ""S006-WAT-03"", ""S007-MED-01"", ""S007-WAT-01""]","[""S006"", ""S007""]",540.0,2479.5631413430933,4.43043270979413,0.44619591127573377,2033.2421922359104,1680.260087321924,"{""S006-FOD-01"": 1269.4219339808324, ""S006-HYG-01"": 1269.4219339808324, ""S006-MED-01"": 1269.4219339808324, ""S006-WAT-01"": 1269.4219339808324, ""S006-WAT-02"": 1269.4219339808324, ""S006-WAT-03"": 1269.4219339808324, ""S007-MED-01"": 1919.739912678076, ""S007-WAT-01"": 1919.739912678076}"
Kc45737df6dbd955b,C,"[""S001-MED-01"", ""S001-MED-02"", ""S002-MED-01"", ""S002-WAT-01"", ""S004-WAT-03""]","[""S004"", ""S002"", ""S001""]",450.0,2827.7149751507354,6.104319273686554,0.2369600907891808,2486.5864699567746,1084.1845635138443,"{""S004-WAT-03"": 1373.4983462416003, ""S002-MED-01"": 1874.5885755998759, ""S002-WAT-01"": 1874.5885755998759, ""S001-MED-01"": 2515.8154364861557, ""S001-MED-02"": 2515.8154364861557}"
Kc4b86382df90ed51,C,"[""S002-FOD-01"", ""S002-MED-01"", ""S002-WAT-03""]","[""S002""]",390.0,1909.8123848152607,4.886352576868622,0.3892059278914223,2156.720489568585,2310.6838075923697,"{""S002-FOD-01"": 1289.3161924076303, ""S002-MED-01"": 1289.3161924076303, ""S002-WAT-03"": 1289.3161924076303}"
Kc4cf665baa3734de,C,"[""S002-WAT-02""]","[""S002""]",330.0,1777.8123848152607,4.735608319420081,0.4080489600724899,2115.8939198429384,,"{""S002-WAT-02"": 1157.3161924076303}"
Kc51c188edc58ddb3,A,"[""S014-MED-01""]","[""S014""]",330.0,1930.409811655315,2.151333838868478,0.5219258135847826,1121.4964423397826,2387.2384275056756,"{""S014-MED-01"": 1212.7615724943241}"
Kc5a86760de742345,B,"[""S002-WAT-03""]","[""S002""]",330.0,1696.6943000984638,2.3612623728015567,0.4096844067996108,1689.8803615473412,,"{""S002-WAT-03"": 1100.287150049232}"
Kc5dcc2dc90ef8a82,C,"[""S001-FOD-01"", ""S001-MED-01"", ""S001-MED-02"", ""S001-WAT-01"", ""S001-WAT-07"", ""S010-MED-01"", ""S010-WAT-01"", ""S013-MED-01"", ""S013-WAT-01""]","[""S001"", ""S013"", ""S010""]",570.0,2760.243363596259,5.071440438133765,0.3660699452332794,2206.8484519945614,1346.3058419267281,"{""S001-FOD-01"": 1236.2695386645796, ""S001-MED-01"": 1236.2695386645796, ""S001-MED-02"": 1236.2695386645796, ""S001-WAT-01"": 1236.2695386645796, ""S001-WAT-07"": 1236.2695386645796, ""S013-MED-01"": 1772.59931724795, ""S013-WAT-01"": 1772.59931724795, ""S010-MED-01"": 2253.694158073272, ""S010-WAT-01"": 2253.694158073272}"
Kc6ac177660872711,C,"[""S001-FOD-01"", ""S001-FOD-02"", ""S001-FOD-03"", ""S001-MED-01"", ""S001-MED-02"", ""S001-WAT-07""]","[""S001""]",480.0,1494.1690773291593,2.230065907384514,0.7212417615769358,1437.309516583306,2417.7304613354204,"{""S001-FOD-01"": 1182.2695386645796, ""S001-FOD-02"": 1182.2695386645796, ""S001-FOD-03"": 1182.2695386645796, ""S001-MED-01"": 1182.2695386645796, ""S001-MED-02"": 1182.2695386645796, ""S001-WAT-07"": 1182.2695386645796}"
Kc709d9d3f7f7a670,C,"[""S010-FOD-01"", ""S010-MED-01"", ""S010-WAT-01"", ""S012-MED-01"", ""S013-FOD-01"", ""S013-MED-01"", ""S013-WAT-01""]","[""S010"", ""S013"", ""S012""]",510.0,3006.7861103174723,5.966364309800058,0.25420446127499274,2449.2236672375157,1282.1142308667945,"{""S010-FOD-01"": 1282.159205522987, ""S010-MED-01"": 1282.159205522987, ""S010-WAT-01"": 1282.159205522987, ""S013-FOD-01"": 1799.2440463483085, ""S013-MED-01"": 1799.2440463483085, ""S013-WAT-01"": 1799.2440463483085, ""S012-MED-01"": 2317.8857691332055}"
Kc726d140ca45ea91,C,"[""S006-MED-01"", ""S006-WAT-01"", ""S007-HYG-01"", ""S007-MED-01"", ""S007-WAT-01"", ""S007-WAT-02"", ""S015-FOD-01"", ""S015-MED-01"", ""S015-WAT-01""]","[""S006"", ""S007"", ""S015""]",570.0,3051.268461015817,6.254296148802672,0.21821298139966605,2527.2052069673905,1722.260087321924,"{""S006-MED-01"": 1155.4219339808324, ""S006-WAT-01"": 1155.4219339808324, ""S007-HYG-01"": 1877.739912678076, ""S007-MED-01"": 1877.739912678076, ""S007-WAT-01"": 1877.739912678076, ""S007-WAT-02"": 1877.739912678076, ""S015-FOD-01"": 2389.6735997404803, ""S015-MED-01"": 2389.6735997404803, ""S015-WAT-01"": 2389.6735997404803}"
Kc78c052ba144f9e0,C,"[""S001-MED-01"", ""S001-MED-02"", ""S001-WAT-01"", ""S002-MED-01"", ""S002-WAT-01"", ""S009-FOD-01"", ""S009-MED-01"", ""S009-WAT-01""]","[""S009"", ""S002"", ""S001""]",540.0,2755.9732176620073,5.96837626298544,0.25395296712682003,2449.7685712252232,1155.9263210025724,"{""S009-FOD-01"": 1306.1690186032997, ""S009-MED-01"": 1306.1690186032997, ""S009-WAT-01"": 1306.1690186032997, ""S002-MED-01"": 1766.8468181111477, ""S002-WAT-01"": 1766.8468181111477, ""S001-MED-01"": 2444.0736789974276, ""S001-MED-02"": 2444.0736789974276, ""S001-WAT-01"": 2444.0736789974276}"
Kc7bf0d71818745aa,C,"[""S010-WAT-01""]","[""S010""]",330.0,1536.7084110459737,3.124731224797272,0.609408596900341,1679.614706715928,2569.8407944770133,"{""S010-WAT-01"": 1030.159205522987}"
Kc7c4cb7af294043b,C,"[""S002-FOD-01"", ""S002-MED-01"", ""S002-WAT-01"", ""S009-FOD-01"", ""S009-MED-01"", ""S009-WAT-01""]","[""S009"", ""S002""]",480.0,2363.343010518778,5.391990428114352,0.326001196485706,2293.66407428097,1857.1531818888523,"{""S009-FOD-01"": 1246.1690186032997, ""S009-MED-01"": 1246.1690186032997, ""S009-WAT-01"": 1246.1690186032997, ""S002-FOD-01"": 1742.8468181111477, ""S002-MED-01"": 1742.8468181111477, ""S002-WAT-01"": 1742.8468181111477}"
Kc7fd61080da676f2,C,"[""S001-HYG-01"", ""S001-MED-01"", ""S001-MED-02"", ""S001-WAT-01"", ""S001-WAT-02"", ""S001-WAT-03"", ""S011-FOD-01"", ""S011-MED-01"", ""S011-WAT-01""]","[""S001"", ""S011""]",570.0,2090.648682680487,3.79322926692024,0.52584634163497,1860.6662597908983,2327.7304613354204,"{""S001-HYG-01"": 1272.2695386645796, ""S001-MED-01"": 1272.2695386645796, ""S001-MED-02"": 1272.2695386645796, ""S001-WAT-01"": 1272.2695386645796, ""S001-WAT-02"": 1272.2695386645796, ""S001-WAT-03"": 1272.2695386645796, ""S011-FOD-01"": 1786.3081540010596, ""S011-MED-01"": 1786.3081540010596, ""S011-WAT-01"": 1786.3081540010596}"
Kc8444e22aaa436ec,C,"[""S001-FOD-01"", ""S001-FOD-02"", ""S001-FOD-03"", ""S001-HYG-01"", ""S001-HYG-02"", ""S001-MED-01"", ""S001-MED-02"", ""S001-WAT-01"", ""S001-WAT-02""]","[""S001""]",570.0,1692.1690773291593,2.720392502747031,0.6599509371566211,1570.106302827321,2219.7304613354204,"{""S001-FOD-01"": 1380.2695386645796, ""S001-FOD-02"": 1380.2695386645796, ""S001-FOD-03"": 1380.2695386645796, ""S001-HYG-01"": 1380.2695386645796, ""S001-HYG-02"": 1380.2695386645796, ""S001-MED-01"": 1380.2695386645796, ""S001-MED-02"": 1380.2695386645796, ""S001-WAT-01"": 1380.2695386645796, ""S001-WAT-02"": 1380.2695386645796}"
Kc93b57027edb5441,C,"[""S001-MED-01"", ""S001-MED-02"", ""S001-WAT-01"", ""S005-MED-01"", ""S005-WAT-01"", ""S005-WAT-02"", ""S005-WAT-03""]","[""S005"", ""S001""]",510.0,2240.8566861927434,4.754640604266298,0.4056699244667128,2121.048496988789,1671.0428524718363,"{""S005-MED-01"": 1331.2302622628904, ""S005-WAT-01"": 1331.2302622628904, ""S005-WAT-02"": 1331.2302622628904, ""S005-WAT-03"": 1331.2302622628904, ""S001-MED-01"": 1928.9571475281637, ""S001-MED-02"": 1928.9571475281637, ""S001-WAT-01"": 1928.9571475281637}"
Kc96f84fef34d1b7f,B,"[""S006-WAT-01""]","[""S006""]",330.0,1147.271254843175,1.0662736390720797,0.7334315902319801,1128.7185769312343,2777.6010392450794,"{""S006-WAT-01"": 822.3989607549207}"
Kc97bd8d8615e3359,C,"[""S003-MED-01"", ""S003-WAT-04"", ""S006-MED-01"", ""S006-WAT-01"", ""S007-MED-01"", ""S007-WAT-01""]","[""S006"", ""S007"", ""S003""]",480.0,3001.589102405376,5.677286239854604,0.29033922001817447,2370.931689960622,1884.260087321924,"{""S006-MED-01"": 1065.4219339808324, ""S006-WAT-01"": 1065.4219339808324, ""S007-MED-01"": 1715.739912678076, ""S007-WAT-01"": 1715.739912678076, ""S003-MED-01"": 2211.0034276030415, ""S003-WAT-04"": 2211.0034276030415}"
Kc988af05449728ca,B,"[""S006-WAT-02""]","[""S006""]",330.0,1147.271254843175,1.0662736390720797,0.7334315902319801,1128.7185769312343,,"{""S006-WAT-02"": 822.3989607549207}"
Kc99ca7cef33ac754,C,"[""S001-MED-01"", ""S001-MED-02"", ""S001-WAT-01"", ""S006-HYG-01"", ""S006-MED-01"", ""S006-WAT-01"", ""S006-WAT-02"", ""S007-MED-01"", ""S007-WAT-01""]","[""S006"", ""S007"", ""S001""]",570.0,2987.3561519330365,5.757559385810909,0.28030507677363636,2392.6723336571213,924.5433867315433,"{""S006-HYG-01"": 1227.4219339808324, ""S006-MED-01"": 1227.4219339808324, ""S006-WAT-01"": 1227.4219339808324, ""S006-WAT-02"": 1227.4219339808324, ""S007-MED-01"": 1877.739912678076, ""S007-WAT-01"": 1877.739912678076, ""S001-MED-01"": 2675.4566132684567, ""S001-MED-02"": 2675.4566132684567, ""S001-WAT-01"": 2675.4566132684567}"
Kc9e3192012b1ea18,B,"[""S015-WAT-01""]","[""S015""]",330.0,1708.276637426976,2.0095375213772284,0.4976156196556929,1537.4662592634656,9702.421681286512,"{""S015-WAT-01"": 1097.578318713488}"
Kc9f0a3704a77eac7,C,"[""S010-FOD-01"", ""S010-MED-01"", ""S010-WAT-01"", ""S013-FOD-01"", ""S013-MED-01"", ""S013-WAT-01"", ""S014-MED-01"", ""S014-WAT-01""]","[""S014"", ""S010"", ""S013""]",540.0,3027.0673716597908,5.927217500340743,0.25909781245740715,2438.6214063422844,1050.9490948463322,"{""S014-MED-01"": 1459.479439473324, ""S014-WAT-01"": 1459.479439473324, ""S010-FOD-01"": 2031.9660643283464, ""S010-MED-01"": 2031.9660643283464, ""S010-WAT-01"": 2031.9660643283464, ""S013-FOD-01"": 2549.050905153668, ""S013-MED-01"": 2549.050905153668, ""S013-WAT-01"": 2549.050905153668}"
Kca246831473e6f0f,C,"[""S007-HYG-01"", ""S007-MED-01"", ""S007-WAT-01"", ""S008-HYG-01"", ""S008-MED-01"", ""S015-MED-01""]","[""S007"", ""S015"", ""S008""]",480.0,3275.7696270249335,6.375372223846151,0.20307847201923113,2559.9966439583327,2294.256771334983,"{""S007-HYG-01"": 1305.7432286650169, ""S007-MED-01"": 1305.7432286650169, ""S007-WAT-01"": 1305.7432286650169, ""S015-MED-01"": 1745.6769157274211, ""S008-HYG-01"": 2573.7590204822027, ""S008-MED-01"": 2573.7590204822027}"
Kca41c6d3b452875f,C,"[""S002-HYG-01"", ""S002-MED-01"", ""S002-WAT-01"", ""S012-MED-01"", ""S012-WAT-01""]","[""S012"", ""S002""]",450.0,2634.6286632412807,6.307253886381284,0.21159326420233948,2541.5479275615976,1585.86752916635,"{""S012-MED-01"": 1375.690341184267, ""S012-WAT-01"": 1375.690341184267, ""S002-HYG-01"": 2014.13247083365, ""S002-MED-01"": 2014.13247083365, ""S002-WAT-01"": 2014.13247083365}"
Kca633c7ad4121092,C,"[""S003-HYG-01"", ""S003-MED-01"", ""S003-WAT-01"", ""S003-WAT-02"", ""S007-MED-01"", ""S007-WAT-01""]","[""S007"", ""S003""]",480.0,2627.5924183923166,5.5013447389006,0.312331907637425,2323.2808667855793,2330.256771334983,"{""S007-MED-01"": 1269.7432286650169, ""S007-WAT-01"": 1269.7432286650169, ""S003-HYG-01"": 1837.0067435899823, ""S003-MED-01"": 1837.0067435899823, ""S003-WAT-01"": 1837.0067435899823, ""S003-WAT-02"": 1837.0067435899823}"
Kcada57f1221fcf69,C,"[""S006-WAT-01""]","[""S006""]",330.0,1231.5538679616645,2.090246603441646,0.7387191745697943,1399.4417884321122,2720.5780660191676,"{""S006-WAT-01"": 879.4219339808323}"
Kcb051379ee7ae03b,C,"[""S003-FOD-01"", ""S003-FOD-02"", ""S003-MED-01"", ""S007-FOD-01"", ""S007-HYG-01"", ""S007-MED-01"", ""S015-FOD-01"", ""S015-MED-01"", ""S015-WAT-01""]","[""S007"", ""S003"", ""S015""]",570.0,3117.485043196172,6.287355731204105,0.21408053359948687,2536.1588438677786,2204.256771334983,"{""S007-FOD-01"": 1395.7432286650169, ""S007-HYG-01"": 1395.7432286650169, ""S007-MED-01"": 1395.7432286650169, ""S003-FOD-01"": 1927.0067435899823, ""S003-FOD-02"": 1927.0067435899823, ""S003-MED-01"": 1927.0067435899823, ""S015-FOD-01"": 2455.8901819208345, ""S015-MED-01"": 2455.8901819208345, ""S015-WAT-01"": 2455.8901819208345}"
Kcb31c05a7356a68d,A,"[""S001-MED-01"", ""S001-MED-02"", ""S008-WAT-02""]","[""S001"", ""S008""]",390.0,2520.547312803576,3.4029509350408897,0.24378868110202445,1483.0747145673681,2661.4269156280156,"{""S001-MED-01"": 938.5730843719844, ""S001-MED-02"": 938.5730843719844, ""S008-WAT-02"": 1715.2077097663569}"
Kcb3a7296162eec73,A,"[""S001-WAT-04""]","[""S001""]",330.0,1190.8995020773023,1.2195257371607946,0.7289942806309345,852.3074351797851,,"{""S001-WAT-04"": 848.5730843719844}"
Kcb6876b5f5df03ec,C,"[""S001-MED-01"", ""S001-MED-02"", ""S002-MED-01"", ""S002-WAT-01"", ""S004-WAT-03""]","[""S001"", ""S002"", ""S004""]",450.0,2827.714975150735,5.954973680670236,0.25562828991622055,2446.1387051815223,1954.0536004491407,"{""S001-MED-01"": 1008.2695386645796, ""S001-MED-02"": 1008.2695386645796, ""S002-MED-01"": 1645.9463995508593, ""S002-WAT-01"": 1645.9463995508593, ""S004-WAT-03"": 2110.1566289091347}"
Kcc77c2028af2eb5b,C,"[""S002-MED-01"", ""S002-WAT-01"", ""S004-MED-01"", ""S004-WAT-02""]","[""S004"", ""S002""]",420.0,2501.084768007506,5.965308560688566,0.25433642991392924,2448.9377351864864,1719.4114244001241,"{""S004-MED-01"": 1379.4983462416003, ""S004-WAT-02"": 1379.4983462416003, ""S002-MED-01"": 1880.5885755998759, ""S002-WAT-01"": 1880.5885755998759}"
Kcc9a098b2911bff1,C,"[""S002-MED-01"", ""S002-WAT-01"", ""S004-MED-01"", ""S004-WAT-03""]","[""S002"", ""S004""]",420.0,2501.084768007506,5.938016702869495,0.2577479121413131,2441.5461903604883,2316.6838075923697,"{""S002-MED-01"": 1283.3161924076303, ""S002-WAT-01"": 1283.3161924076303, ""S004-MED-01"": 1783.5264217659058, ""S004-WAT-03"": 1783.5264217659058}"
Kcccb43d17c62a05f,C,"[""S003-MED-01"", ""S003-WAT-01"", ""S003-WAT-02"", ""S003-WAT-03"", ""S007-MED-01"", ""S007-WAT-01""]","[""S007"", ""S003""]",480.0,2627.5924183923166,5.806817572434802,0.2741478034456497,2406.0130925344256,2330.256771334983,"{""S007-MED-01"": 1269.7432286650169, ""S007-WAT-01"": 1269.7432286650169, ""S003-MED-01"": 1837.0067435899823, ""S003-WAT-01"": 1837.0067435899823, ""S003-WAT-02"": 1837.0067435899823, ""S003-WAT-03"": 1837.0067435899823}"
Kcce3967a092150f1,C,"[""S002-FOD-01"", ""S002-FOD-02"", ""S002-HYG-01"", ""S002-MED-01"", ""S002-WAT-01"", ""S002-WAT-04""]","[""S002""]",480.0,2107.812384815261,5.601832518844596,0.29977093514442554,2350.496307187078,2112.6838075923697,"{""S002-FOD-01"": 1487.3161924076305, ""S002-FOD-02"": 1487.3161924076305, ""S002-HYG-01"": 1487.3161924076305, ""S002-MED-01"": 1487.3161924076305, ""S002-WAT-01"": 1487.3161924076305, ""S002-WAT-04"": 1487.3161924076305}"
Kccf53d41fad928a7,C,"[""S001-FOD-01"", ""S001-FOD-02"", ""S001-FOD-03"", ""S001-MED-01"", ""S001-MED-02"", ""S001-WAT-02""]","[""S001""]",480.0,1494.1690773291593,2.230065907384514,0.7212417615769358,1437.309516583306,2417.7304613354204,"{""S001-FOD-01"": 1182.2695386645796, ""S001-FOD-02"": 1182.2695386645796, ""S001-FOD-03"": 1182.2695386645796, ""S001-MED-01"": 1182.2695386645796, ""S001-MED-02"": 1182.2695386645796, ""S001-WAT-02"": 1182.2695386645796}"
Kcd243e8db1529590,C,"[""S001-MED-01"", ""S001-MED-02"", ""S002-MED-01"", ""S002-WAT-01"", ""S004-WAT-02""]","[""S004"", ""S002"", ""S001""]",450.0,2827.7149751507354,6.104319273686554,0.2369600907891808,2486.5864699567746,1084.1845635138443,"{""S004-WAT-02"": 1373.4983462416003, ""S002-MED-01"": 1874.5885755998759, ""S002-WAT-01"": 1874.5885755998759, ""S001-MED-01"": 2515.8154364861557, ""S001-MED-02"": 2515.8154364861557}"
Kcd94211c7199b196,A,"[""S007-WAT-02""]","[""S007""]",330.0,1667.4240845409602,1.8725482434819618,0.5838781681151196,1040.9583814503444,,"{""S007-WAT-02"": 1081.35204227048}"
Kcda0c2908eb94c1e,C,"[""S005-MED-01"", ""S008-FOD-01"", ""S008-HYG-01"", ""S008-MED-01"", ""S008-WAT-01"", ""S008-WAT-02""]","[""S008"", ""S005""]",480.0,2574.577351244426,6.050148584207745,0.24373142697403183,2471.915241556265,5672.309393457269,"{""S008-FOD-01"": 1527.6906065427308, ""S008-HYG-01"": 1527.6906065427308, ""S008-MED-01"": 1527.6906065427308, ""S008-WAT-01"": 1527.6906065427308, ""S008-WAT-02"": 1527.6906065427308, ""S005-MED-01"": 2070.6170889815357}"
Kce6ecb36c21e7d4a,C,"[""S007-MED-01""]","[""S007""]",330.0,1643.566457330034,2.9451848448393427,0.6318518943950822,1630.9875621439885,2516.256771334983,"{""S007-MED-01"": 1083.7432286650169}"
Kceb2a619949fe9d9,C,"[""S002-FOD-01"", ""S002-FOD-02"", ""S002-MED-01"", ""S002-WAT-04""]","[""S002""]",420.0,1975.8123848152607,5.03450444596961,0.3706869442537988,2196.8449541167697,2244.6838075923697,"{""S002-FOD-01"": 1355.3161924076303, ""S002-FOD-02"": 1355.3161924076303, ""S002-MED-01"": 1355.3161924076303, ""S002-WAT-04"": 1355.3161924076303}"
Kceca17ff4f03ae58,C,"[""S006-FOD-01"", ""S006-HYG-01"", ""S006-MED-01"", ""S006-WAT-01"", ""S006-WAT-02"", ""S006-WAT-03"", ""S007-MED-01""]","[""S007"", ""S006""]",510.0,2413.563141343093,4.680007244545645,0.4149990944317944,2100.8352953977787,1538.5687926377395,"{""S007-MED-01"": 1263.7432286650169, ""S006-FOD-01"": 2061.4312073622605, ""S006-HYG-01"": 2061.4312073622605, ""S006-MED-01"": 2061.4312073622605, ""S006-WAT-01"": 2061.4312073622605, ""S006-WAT-02"": 2061.4312073622605, ""S006-WAT-03"": 2061.4312073622605}"
Kd0ff12fc66066717,C,"[""S001-WAT-03""]","[""S001""]",330.0,1164.1690773291593,1.9876500839774989,0.7515437395028126,1371.6552310772393,,"{""S001-WAT-03"": 852.2695386645796}"
Kd102cec3d8358d1b,C,"[""S003-MED-01"", ""S003-WAT-04"", ""S006-MED-01"", ""S006-WAT-01"", ""S007-MED-01"", ""S007-WAT-01""]","[""S006"", ""S003"", ""S007""]",480.0,2992.5280653291543,5.682890667369622,0.2896386665787972,2372.4495557459395,1167.2951633358625,"{""S006-MED-01"": 1065.4219339808324, ""S006-WAT-01"": 1065.4219339808324, ""S003-MED-01"": 1938.441321739172, ""S003-WAT-04"": 1938.441321739172, ""S007-MED-01"": 2432.7048366641375, ""S007-WAT-01"": 2432.7048366641375}"
Kd13a8e08be3ee8c6,C,"[""S001-MED-01"", ""S001-MED-02"", ""S001-WAT-01"", ""S002-MED-01"", ""S002-WAT-01"", ""S004-WAT-02""]","[""S001"", ""S002"", ""S004""]",480.0,2893.714975150735,6.125863254738126,0.2342670931577342,2492.4212981582427,1888.0536004491407,"{""S001-MED-01"": 1074.2695386645796, ""S001-MED-02"": 1074.2695386645796, ""S001-WAT-01"": 1074.2695386645796, ""S002-MED-01"": 1711.9463995508593, ""S002-WAT-01"": 1711.9463995508593, ""S004-WAT-02"": 2176.1566289091347}"
Kd13a9484c712c682,C,"[""S001-MED-01"", ""S001-MED-02"", ""S001-WAT-01"", ""S002-MED-01"", ""S002-WAT-01"", ""S009-FOD-01"", ""S009-MED-01"", ""S009-WAT-01""]","[""S001"", ""S009"", ""S002""]",540.0,2755.496136622616,5.526650500566856,0.30916868742914305,2330.13451057019,1465.0000557850144,"{""S001-MED-01"": 1134.2695386645796, ""S001-MED-02"": 1134.2695386645796, ""S001-WAT-01"": 1134.2695386645796, ""S009-FOD-01"": 1674.3221447071376, ""S009-MED-01"": 1674.3221447071376, ""S009-WAT-01"": 1674.3221447071376, ""S002-MED-01"": 2134.9999442149856, ""S002-WAT-01"": 2134.9999442149856}"
Kd27047ae3c47c33f,A,"[""S005-WAT-03""]","[""S005""]",330.0,1632.1904595309243,2.0859597097381597,0.5364533978359645,1102.610582813246,,"{""S005-WAT-03"": 1068.8518964321288}"
Kd2e4808522574141,C,"[""S003-FOD-02"", ""S003-MED-01"", ""S003-WAT-01"", ""S003-WAT-02"", ""S007-MED-01"", ""S007-WAT-01""]","[""S007"", ""S003""]",480.0,2627.5924183923166,5.570627284205972,0.30367158947425354,2342.0448894724504,2330.256771334983,"{""S007-MED-01"": 1269.7432286650169, ""S007-WAT-01"": 1269.7432286650169, ""S003-FOD-02"": 1837.0067435899823, ""S003-MED-01"": 1837.0067435899823, ""S003-WAT-01"": 1837.0067435899823, ""S003-WAT-02"": 1837.0067435899823}"
Kd2f37681d2d2cd21,C,"[""S010-FOD-01"", ""S010-MED-01"", ""S014-FOD-01"", ""S014-MED-01"", ""S014-WAT-01""]","[""S014"", ""S010""]",450.0,2448.5152698513334,4.283484890063903,0.4645643887420121,1993.443824392307,1658.0339356716536,"{""S014-FOD-01"": 1405.479439473324, ""S014-MED-01"": 1405.479439473324, ""S014-WAT-01"": 1405.479439473324, ""S010-FOD-01"": 1941.9660643283464, ""S010-MED-01"": 1941.9660643283464}"
Kd3602ca3b563fe08,C,"[""S002-FOD-01"", ""S002-MED-01"", ""S002-WAT-01"", ""S012-MED-01"", ""S012-WAT-01""]","[""S012"", ""S002""]",450.0,2634.6286632412807,6.37402618839217,0.20324672645097874,2559.632092689546,1585.86752916635,"{""S012-MED-01"": 1375.690341184267, ""S012-WAT-01"": 1375.690341184267, ""S002-FOD-01"": 2014.13247083365, ""S002-MED-01"": 2014.13247083365, ""S002-WAT-01"": 2014.13247083365}"
Kd3709e583eed371f,C,"[""S005-FOD-01"", ""S005-HYG-01"", ""S005-MED-01"", ""S005-WAT-01"", ""S005-WAT-02""]","[""S005""]",450.0,1811.1905245257808,3.8483673183871083,0.5189540852016115,1875.5994820631752,9492.76973773711,"{""S005-FOD-01"": 1307.2302622628904, ""S005-HYG-01"": 1307.2302622628904, ""S005-MED-01"": 1307.2302622628904, ""S005-WAT-01"": 1307.2302622628904, ""S005-WAT-02"": 1307.2302622628904}"
Kd38bf7ab5ed430fa,A,"[""S011-WAT-01""]","[""S011""]",330.0,1162.0229466578785,1.1325068400047704,0.7483318133322732,827.1686426680449,9966.801860004394,"{""S011-WAT-01"": 833.198139995606}"
Kd3db39aaf4864368,A,"[""S001-MED-01"", ""S001-MED-02"", ""S008-WAT-01""]","[""S008"", ""S001""]",390.0,2520.547312803576,3.4816572429503285,0.2262983904554825,1505.8120924078728,1421.779104901742,"{""S008-WAT-01"": 1365.792936370552, ""S001-MED-01"": 2178.220895098258, ""S001-MED-02"": 2178.220895098258}"
Kd4702621ca469b16,B,"[""S001-MED-01"", ""S001-MED-02"", ""S002-MED-01"", ""S004-WAT-03""]","[""S001"", ""S002"", ""S004""]",420.0,2555.2651714804874,3.0120836902152632,0.2469790774461842,1971.9029324266141,2133.9738425552605,"{""S001-MED-01"": 917.6734369800093, ""S001-MED-02"": 917.6734369800093, ""S002-MED-01"": 1466.0261574447395, ""S004-WAT-03"": 1876.090019615515}"
Kd4876b38ce1adb23,C,"[""S004-WAT-03""]","[""S004""]",330.0,1971.0566924832005,4.975782019883122,0.3780272475146097,2180.9409637183458,,"{""S004-WAT-03"": 1253.4983462416003}"
Kd4e68e8fb4ac9ff6,C,"[""S001-FOD-01"", ""S001-FOD-02"", ""S001-FOD-03"", ""S001-HYG-01"", ""S001-MED-01"", ""S001-MED-02"", ""S001-WAT-01"", ""S001-WAT-06""]","[""S001""]",540.0,1626.1690773291593,2.565578385924292,0.6793027017594635,1528.1774795211625,2285.7304613354204,"{""S001-FOD-01"": 1314.2695386645796, ""S001-FOD-02"": 1314.2695386645796, ""S001-FOD-03"": 1314.2695386645796, ""S001-HYG-01"": 1314.2695386645796, ""S001-MED-01"": 1314.2695386645796, ""S001-MED-02"": 1314.2695386645796, ""S001-WAT-01"": 1314.2695386645796, ""S001-WAT-06"": 1314.2695386645796}"
Kd4ee451b68f1d775,C,"[""S006-FOD-01"", ""S006-MED-01"", ""S007-FOD-01"", ""S007-HYG-01"", ""S007-MED-01"", ""S007-WAT-01"", ""S007-WAT-02"", ""S015-FOD-01"", ""S015-MED-01""]","[""S006"", ""S007"", ""S015""]",570.0,3051.268461015817,5.6752167450343585,0.2905979068707052,2370.3712017801386,1686.260087321924,"{""S006-FOD-01"": 1155.4219339808324, ""S006-MED-01"": 1155.4219339808324, ""S007-FOD-01"": 1913.739912678076, ""S007-HYG-01"": 1913.739912678076, ""S007-MED-01"": 1913.739912678076, ""S007-WAT-01"": 1913.739912678076, ""S007-WAT-02"": 1913.739912678076, ""S015-FOD-01"": 2389.6735997404803, ""S015-MED-01"": 2389.6735997404803}"
Kd5448cc856d4c100,A,"[""S001-HYG-02""]","[""S001""]",330.0,1190.8995020773023,1.1780743378537417,0.7382057026991685,840.3325864910809,,"{""S001-HYG-02"": 848.5730843719844}"
Kd587ce0e412a6b04,C,"[""S002-FOD-01"", ""S002-FOD-02"", ""S002-MED-01"", ""S009-FOD-01"", ""S009-MED-01"", ""S009-WAT-01""]","[""S009"", ""S002""]",480.0,2363.343010518778,5.223886466194617,0.3470141917256728,2248.1359179277088,1857.1531818888523,"{""S009-FOD-01"": 1246.1690186032997, ""S009-MED-01"": 1246.1690186032997, ""S009-WAT-01"": 1246.1690186032997, ""S002-FOD-01"": 1742.8468181111477, ""S002-FOD-02"": 1742.8468181111477, ""S002-MED-01"": 1742.8468181111477}"
Kd5990b683c8a809a,C,"[""S010-MED-01"", ""S010-WAT-01"", ""S012-MED-01"", ""S012-WAT-01"", ""S013-MED-01"", ""S013-WAT-01""]","[""S010"", ""S012"", ""S013""]",480.0,2902.3589731475963,6.129190139982843,0.23385123250214468,2493.3223295786865,1175.6574933585266,"{""S010-MED-01"": 1216.159205522987, ""S010-WAT-01"": 1216.159205522987, ""S012-MED-01"": 1876.890783856576, ""S012-WAT-01"": 1876.890783856576, ""S013-MED-01"": 2424.3425066414734, ""S013-WAT-01"": 2424.3425066414734}"
Kd60442e49e04e7ad,C,"[""S001-FOD-01"", ""S001-FOD-02"", ""S001-FOD-03"", ""S001-MED-01"", ""S001-MED-02"", ""S005-MED-01"", ""S011-FOD-01"", ""S011-MED-01"", ""S011-WAT-01""]","[""S005"", ""S001"", ""S011""]",570.0,2771.336291544071,5.605981142202251,0.29925235722471866,2351.619892679776,1647.0428524718363,"{""S005-MED-01"": 1283.2302622628904, ""S001-FOD-01"": 1952.9571475281637, ""S001-FOD-02"": 1952.9571475281637, ""S001-FOD-03"": 1952.9571475281637, ""S001-MED-01"": 1952.9571475281637, ""S001-MED-02"": 1952.9571475281637, ""S011-FOD-01"": 2466.9957628646434, ""S011-MED-01"": 2466.9957628646434, ""S011-WAT-01"": 2466.9957628646434}"
Kd604bf1bae867efe,C,"[""S008-FOD-01"", ""S008-HYG-01"", ""S008-MED-01"", ""S008-WAT-01""]","[""S008""]",420.0,2133.7012130854614,5.463414980120069,0.3170731274849914,2313.0082237825186,5768.309393457269,"{""S008-FOD-01"": 1431.6906065427308, ""S008-HYG-01"": 1431.6906065427308, ""S008-MED-01"": 1431.6906065427308, ""S008-WAT-01"": 1431.6906065427308}"
Kd673203466ef82d5,C,"[""S010-FOD-01"", ""S010-MED-01"", ""S010-WAT-01"", ""S013-FOD-01"", ""S013-MED-01"", ""S013-WAT-01"", ""S014-FOD-01"", ""S014-MED-01""]","[""S014"", ""S010"", ""S013""]",540.0,3027.0673716597908,5.676873587935918,0.2903908015080102,2370.8199300659776,1050.9490948463322,"{""S014-FOD-01"": 1459.479439473324, ""S014-MED-01"": 1459.479439473324, ""S010-FOD-01"": 2031.9660643283464, ""S010-MED-01"": 2031.9660643283464, ""S010-WAT-01"": 2031.9660643283464, ""S013-FOD-01"": 2549.050905153668, ""S013-MED-01"": 2549.050905153668, ""S013-WAT-01"": 2549.050905153668}"
Kd6735cb61bf234c7,C,"[""S001-FOD-01"", ""S001-FOD-02"", ""S001-FOD-03"", ""S001-MED-01"", ""S001-MED-02"", ""S005-FOD-01"", ""S005-MED-01"", ""S011-FOD-01"", ""S011-MED-01"", ""S011-WAT-01""]","[""S005"", ""S001"", ""S011""]",600.0,2837.336291544071,5.902059170169979,0.26224260372875263,2431.807691921036,1581.0428524718363,"{""S005-FOD-01"": 1349.2302622628904, ""S005-MED-01"": 1349.2302622628904, ""S001-FOD-01"": 2018.9571475281637, ""S001-FOD-02"": 2018.9571475281637, ""S001-FOD-03"": 2018.9571475281637, ""S001-MED-01"": 2018.9571475281637, ""S001-MED-02"": 2018.9571475281637, ""S011-FOD-01"": 2532.9957628646434, ""S011-MED-01"": 2532.9957628646434, ""S011-WAT-01"": 2532.9957628646434}"
Kd6dadfc0fd732a6f,C,"[""S001-FOD-01"", ""S001-FOD-02"", ""S001-FOD-03"", ""S001-HYG-01"", ""S001-HYG-02"", ""S001-MED-01"", ""S001-MED-02"", ""S001-WAT-08""]","[""S001""]",540.0,1626.1690773291593,2.405026168043529,0.6993717289945589,1484.6945871784558,2285.7304613354204,"{""S001-FOD-01"": 1314.2695386645796, ""S001-FOD-02"": 1314.2695386645796, ""S001-FOD-03"": 1314.2695386645796, ""S001-HYG-01"": 1314.2695386645796, ""S001-HYG-02"": 1314.2695386645796, ""S001-MED-01"": 1314.2695386645796, ""S001-MED-02"": 1314.2695386645796, ""S001-WAT-08"": 1314.2695386645796}"
Kd8bd2159ff6bf443,C,"[""S010-FOD-01"", ""S010-MED-01"", ""S012-FOD-01"", ""S012-MED-01"", ""S013-FOD-01"", ""S013-MED-01"", ""S013-WAT-01""]","[""S010"", ""S013"", ""S012""]",510.0,3006.7861103174723,5.885882759206273,0.26426465509921593,2427.4265806183653,1282.1142308667945,"{""S010-FOD-01"": 1246.159205522987, ""S010-MED-01"": 1246.159205522987, ""S013-FOD-01"": 1763.2440463483085, ""S013-MED-01"": 1763.2440463483085, ""S013-WAT-01"": 1763.2440463483085, ""S012-FOD-01"": 2317.8857691332055, ""S012-MED-01"": 2317.8857691332055}"
Kd97b97b016d72708,C,"[""S008-FOD-01""]","[""S008""]",330.0,1935.7012130854614,5.11405602497062,0.3607429968786725,2218.3901734295428,,"{""S008-FOD-01"": 1233.6906065427306}"
Kd9a354409eb41ecc,C,"[""S001-FOD-01"", ""S001-MED-01"", ""S001-MED-02"", ""S001-WAT-01"", ""S001-WAT-08"", ""S010-MED-01"", ""S010-WAT-01"", ""S013-MED-01"", ""S013-WAT-01""]","[""S010"", ""S013"", ""S001""]",570.0,2760.2433635962584,5.920412907401133,0.2599483865748584,2436.7784957544736,1151.6561750683213,"{""S010-MED-01"": 1306.159205522987, ""S010-WAT-01"": 1306.159205522987, ""S013-MED-01"": 1787.2440463483085, ""S013-WAT-01"": 1787.2440463483085, ""S001-FOD-01"": 2448.3438249316787, ""S001-MED-01"": 2448.3438249316787, ""S001-MED-02"": 2448.3438249316787, ""S001-WAT-01"": 2448.3438249316787, ""S001-WAT-08"": 2448.3438249316787}"
Kda482161233134be,B,"[""S009-MED-01""]","[""S009""]",330.0,1438.4417330887613,1.6993942932492263,0.5751514266876934,1403.0708604079982,9829.18913345562,"{""S009-MED-01"": 970.8108665443806}"
Kda4c5d6b7c2b2122,B,"[""S001-MED-01"", ""S001-MED-02"", ""S002-MED-01"", ""S008-HYG-01""]","[""S001"", ""S002"", ""S008""]",420.0,2735.36381791663,3.1996819221425556,0.2000795194643611,2053.1954995951073,2133.9738425552605,"{""S001-MED-01"": 917.6734369800093, ""S001-MED-02"": 917.6734369800093, ""S002-MED-01"": 1466.0261574447395, ""S008-HYG-01"": 2064.674766753131}"
Kdb900927c1af46e3,C,"[""S001-MED-01"", ""S001-MED-02"", ""S001-WAT-01"", ""S001-WAT-02"", ""S001-WAT-05"", ""S013-MED-01"", ""S013-WAT-01""]","[""S013"", ""S001""]",510.0,2190.6157837540723,4.767036500834545,0.4041204373956818,2124.4057189760224,1721.2837549105072,"{""S013-MED-01"": 1217.6164665061224, ""S013-WAT-01"": 1217.6164665061224, ""S001-MED-01"": 1878.7162450894928, ""S001-MED-02"": 1878.7162450894928, ""S001-WAT-01"": 1878.7162450894928, ""S001-WAT-02"": 1878.7162450894928, ""S001-WAT-05"": 1878.7162450894928}"
Kdb92cc73ce44397a,C,"[""S001-FOD-01"", ""S001-FOD-02"", ""S001-FOD-03"", ""S001-HYG-01"", ""S001-HYG-02"", ""S001-MED-01"", ""S001-MED-02"", ""S011-FOD-01"", ""S011-MED-01"", ""S011-WAT-01""]","[""S011"", ""S001""]",600.0,2156.648682680487,3.459434649640057,0.5675706687949928,1770.263550944182,1755.2508559840926,"{""S011-FOD-01"": 1183.9005286794275, ""S011-MED-01"": 1183.9005286794275, ""S011-WAT-01"": 1183.9005286794275, ""S001-FOD-01"": 1844.7491440159074, ""S001-FOD-02"": 1844.7491440159074, ""S001-FOD-03"": 1844.7491440159074, ""S001-HYG-01"": 1844.7491440159074, ""S001-HYG-02"": 1844.7491440159074, ""S001-MED-01"": 1844.7491440159074, ""S001-MED-02"": 1844.7491440159074}"
Kdbf33ddabcbcb97a,C,"[""S001-FOD-01"", ""S001-FOD-02"", ""S001-FOD-03"", ""S001-MED-01"", ""S001-MED-02"", ""S005-FOD-01"", ""S005-MED-01"", ""S011-FOD-01"", ""S011-MED-01"", ""S011-WAT-01""]","[""S001"", ""S011"", ""S005""]",600.0,2853.569964327538,5.13978763605191,0.35752654549351126,2225.3591514307254,2333.7304613354204,"{""S001-FOD-01"": 1266.2695386645796, ""S001-FOD-02"": 1266.2695386645796, ""S001-FOD-03"": 1266.2695386645796, ""S001-MED-01"": 1266.2695386645796, ""S001-MED-02"": 1266.2695386645796, ""S011-FOD-01"": 1780.3081540010596, ""S011-MED-01"": 1780.3081540010596, ""S011-WAT-01"": 1780.3081540010596, ""S005-FOD-01"": 2349.6097020646475, ""S005-MED-01"": 2349.6097020646475}"
Kdd180531d280b838,C,"[""S002-FOD-01"", ""S002-FOD-02"", ""S002-HYG-01"", ""S002-MED-01"", ""S002-WAT-01"", ""S002-WAT-02""]","[""S002""]",480.0,2107.812384815261,5.601832518844596,0.29977093514442554,2350.496307187078,2112.6838075923697,"{""S002-FOD-01"": 1487.3161924076305, ""S002-FOD-02"": 1487.3161924076305, ""S002-HYG-01"": 1487.3161924076305, ""S002-MED-01"": 1487.3161924076305, ""S002-WAT-01"": 1487.3161924076305, ""S002-WAT-02"": 1487.3161924076305}"
Kdd40cebf3a1fccd2,C,"[""S003-MED-01"", ""S003-WAT-03"", ""S006-MED-01"", ""S006-WAT-01"", ""S007-MED-01"", ""S007-WAT-01""]","[""S007"", ""S003"", ""S006""]",480.0,2992.5280653291543,5.771052316913291,0.2786184603858386,2396.3266691640165,959.6038686516781,"{""S007-MED-01"": 1269.7432286650169, ""S007-WAT-01"": 1269.7432286650169, ""S003-MED-01"": 1765.0067435899823, ""S003-WAT-03"": 1765.0067435899823, ""S006-MED-01"": 2640.396131348322, ""S006-WAT-01"": 2640.396131348322}"
Kddd0efc2418e7a92,A,"[""S011-MED-01""]","[""S011""]",330.0,1162.0229466578785,1.083525178551533,0.7592166269885482,813.0183849148874,9966.801860004394,"{""S011-MED-01"": 833.198139995606}"
Kde0eaf0579d7de53,C,"[""S001-FOD-01"", ""S001-FOD-02"", ""S001-FOD-03"", ""S001-HYG-01"", ""S001-MED-01"", ""S001-MED-02"", ""S001-WAT-01"", ""S011-FOD-01"", ""S011-MED-01"", ""S011-WAT-01""]","[""S011"", ""S001""]",600.0,2156.648682680487,3.761389011157789,0.5298263736052764,1852.042857188568,1755.2508559840926,"{""S011-FOD-01"": 1183.9005286794275, ""S011-MED-01"": 1183.9005286794275, ""S011-WAT-01"": 1183.9005286794275, ""S001-FOD-01"": 1844.7491440159074, ""S001-FOD-02"": 1844.7491440159074, ""S001-FOD-03"": 1844.7491440159074, ""S001-HYG-01"": 1844.7491440159074, ""S001-MED-01"": 1844.7491440159074, ""S001-MED-02"": 1844.7491440159074, ""S001-WAT-01"": 1844.7491440159074}"
Kde324370c9642815,C,"[""S009-MED-01"", ""S012-FOD-01"", ""S012-MED-01"", ""S012-WAT-01"", ""S013-FOD-01"", ""S013-MED-01"", ""S013-WAT-01""]","[""S013"", ""S012"", ""S009""]",510.0,2844.744985029804,5.961859873103084,0.25476751586211455,2448.003715632085,1755.7418107089807,"{""S013-FOD-01"": 1253.6164665061224, ""S013-MED-01"": 1253.6164665061224, ""S013-WAT-01"": 1253.6164665061224, ""S012-FOD-01"": 1844.2581892910193, ""S012-MED-01"": 1844.2581892910193, ""S012-WAT-01"": 1844.2581892910193, ""S009-MED-01"": 2356.345966426504}"
Kdebd8b90cc56db14,C,"[""S004-FOD-01"", ""S004-HYG-01"", ""S004-MED-01"", ""S004-WAT-02""]","[""S004""]",420.0,2169.0566924832005,5.250117475526193,0.3437353155592259,2255.2401496216776,5748.5016537584,"{""S004-FOD-01"": 1451.4983462416003, ""S004-HYG-01"": 1451.4983462416003, ""S004-MED-01"": 1451.4983462416003, ""S004-WAT-02"": 1451.4983462416003}"
Kdedd34a8a2d6dd18,C,"[""S001-FOD-01"", ""S001-MED-01"", ""S001-MED-02"", ""S001-WAT-01"", ""S001-WAT-04""]","[""S001""]",450.0,1428.1690773291593,2.206548017721392,0.724181497784826,1430.940088132877,2483.7304613354204,"{""S001-FOD-01"": 1116.2695386645796, ""S001-MED-01"": 1116.2695386645796, ""S001-MED-02"": 1116.2695386645796, ""S001-WAT-01"": 1116.2695386645796, ""S001-WAT-04"": 1116.2695386645796}"
Kdf0935a3f7793fd9,C,"[""S001-WAT-04""]","[""S001""]",330.0,1164.1690773291593,1.9876500839774989,0.7515437395028126,1371.6552310772393,,"{""S001-WAT-04"": 852.2695386645796}"
Kdf0ebbbcc1fbc5d3,C,"[""S002-MED-01"", ""S012-FOD-01"", ""S012-MED-01"", ""S012-WAT-01"", ""S013-MED-01"", ""S013-WAT-01""]","[""S013"", ""S012"", ""S002""]",480.0,2965.196511348033,6.35711430467309,0.2053607119158638,2555.051790848962,1255.2996810595978,"{""S013-MED-01"": 1187.6164665061224, ""S013-WAT-01"": 1187.6164665061224, ""S012-FOD-01"": 1778.2581892910193, ""S012-MED-01"": 1778.2581892910193, ""S012-WAT-01"": 1778.2581892910193, ""S002-MED-01"": 2344.700318940402}"
Kdf1016b52def4fec,B,"[""S013-WAT-01""]","[""S013""]",330.0,1390.4723251020891,1.5879750297365172,0.6030062425658707,1354.7891795524909,2657.2305041156224,"{""S013-WAT-01"": 942.7694958843779}"
Kdf94a14a5b462078,A,"[""S005-MED-01"", ""S008-MED-01"", ""S008-WAT-02""]","[""S005"", ""S008""]",390.0,2493.1562941072098,3.3311081201948873,0.25975375106780285,1462.3201236118564,5512.183308930009,"{""S005-MED-01"": 1128.8518964321288, ""S008-MED-01"": 1687.8166910699906, ""S008-WAT-02"": 1687.8166910699906}"
Kdfb7d6534c664afa,A,"[""S013-WAT-01""]","[""S013""]",330.0,1552.1137376764395,1.9244651365064214,0.5723410807763508,1055.956594990744,2576.409797828447,"{""S013-WAT-01"": 1023.5902021715531}"
Kdfe0e48e61b55f89,C,"[""S010-FOD-01"", ""S010-MED-01"", ""S010-WAT-01"", ""S013-MED-01"", ""S013-WAT-01"", ""S014-FOD-01"", ""S014-MED-01"", ""S014-WAT-01""]","[""S013"", ""S014"", ""S010""]",540.0,2986.899946790136,6.231561707116116,0.2210547866104855,2521.047962343948,1119.6492587328512,"{""S013-MED-01"": 1247.6164665061224, ""S013-WAT-01"": 1247.6164665061224, ""S014-FOD-01"": 1907.8641164121264, ""S014-MED-01"": 1907.8641164121264, ""S014-WAT-01"": 1907.8641164121264, ""S010-FOD-01"": 2480.350741267149, ""S010-MED-01"": 2480.350741267149, ""S010-WAT-01"": 2480.350741267149}"
Ke05effb8d5c311d2,C,"[""S003-FOD-01"", ""S003-FOD-02"", ""S003-MED-01"", ""S003-WAT-01"", ""S003-WAT-04""]","[""S003""]",450.0,2370.0913496046687,5.436127225018304,0.32048409687271195,2305.617790109124,5620.494325197666,"{""S003-FOD-01"": 1579.5056748023344, ""S003-FOD-02"": 1579.5056748023344, ""S003-MED-01"": 1579.5056748023344, ""S003-WAT-01"": 1579.5056748023344, ""S003-WAT-04"": 1579.5056748023344}"
Ke0885eb608e6ce16,C,"[""S001-MED-01"", ""S002-MED-01"", ""S002-WAT-01"", ""S002-WAT-03"", ""S012-MED-01""]","[""S012"", ""S002"", ""S001""]",450.0,2895.2588703845095,6.3494038172656895,0.20632452284178882,2552.963533842791,1016.6406682800703,"{""S012-MED-01"": 1339.690341184267, ""S002-MED-01"": 1978.13247083365, ""S002-WAT-01"": 1978.13247083365, ""S002-WAT-03"": 1978.13247083365, ""S001-MED-01"": 2583.3593317199297}"
Ke09e5d2f0cf2b871,C,"[""S006-FOD-01"", ""S006-HYG-01"", ""S006-MED-01"", ""S006-WAT-01"", ""S006-WAT-02"", ""S006-WAT-03"", ""S007-FOD-01"", ""S007-MED-01"", ""S011-MED-01""]","[""S006"", ""S011"", ""S007""]",570.0,3008.113799839396,5.5004728354421495,0.3124408955697313,2323.0447262655825,1151.7094288256208,"{""S006-FOD-01"": 1299.4219339808324, ""S006-HYG-01"": 1299.4219339808324, ""S006-MED-01"": 1299.4219339808324, ""S006-WAT-01"": 1299.4219339808324, ""S006-WAT-02"": 1299.4219339808324, ""S006-WAT-03"": 1299.4219339808324, ""S011-MED-01"": 1871.1875208006832, ""S007-FOD-01"": 2448.2905711743792, ""S007-MED-01"": 2448.2905711743792}"
Ke0b96f1855406159,C,"[""S001-FOD-01"", ""S001-FOD-02"", ""S001-FOD-03"", ""S001-HYG-01"", ""S001-HYG-02"", ""S001-MED-01"", ""S001-MED-02"", ""S001-WAT-01"", ""S001-WAT-03""]","[""S001""]",570.0,1692.1690773291593,2.720392502747031,0.6599509371566211,1570.106302827321,2219.7304613354204,"{""S001-FOD-01"": 1380.2695386645796, ""S001-FOD-02"": 1380.2695386645796, ""S001-FOD-03"": 1380.2695386645796, ""S001-HYG-01"": 1380.2695386645796, ""S001-HYG-02"": 1380.2695386645796, ""S001-MED-01"": 1380.2695386645796, ""S001-MED-02"": 1380.2695386645796, ""S001-WAT-01"": 1380.2695386645796, ""S001-WAT-03"": 1380.2695386645796}"
Ke0d42083c4edd6b5,C,"[""S001-FOD-01"", ""S001-FOD-02"", ""S001-FOD-03"", ""S001-MED-01"", ""S001-MED-02"", ""S001-WAT-01"", ""S001-WAT-02""]","[""S001""]",510.0,1560.1690773291593,2.4411673154656004,0.6948540855668,1494.4828146052669,2351.7304613354204,"{""S001-FOD-01"": 1248.2695386645796, ""S001-FOD-02"": 1248.2695386645796, ""S001-FOD-03"": 1248.2695386645796, ""S001-MED-01"": 1248.2695386645796, ""S001-MED-02"": 1248.2695386645796, ""S001-WAT-01"": 1248.2695386645796, ""S001-WAT-02"": 1248.2695386645796}"
Ke11ef715a9a75feb,C,"[""S001-FOD-01"", ""S001-MED-01"", ""S001-MED-02"", ""S001-WAT-01"", ""S001-WAT-08"", ""S010-MED-01"", ""S010-WAT-01"", ""S013-MED-01"", ""S013-WAT-01""]","[""S013"", ""S010"", ""S001""]",570.0,2833.268837928043,6.276180015900267,0.21547749801246663,2533.1320876396553,1078.6307007365367,"{""S013-MED-01"": 1277.6164665061226, ""S013-WAT-01"": 1277.6164665061226, ""S010-MED-01"": 1758.7113073314442, ""S010-WAT-01"": 1758.7113073314442, ""S001-FOD-01"": 2521.3692992634633, ""S001-MED-01"": 2521.3692992634633, ""S001-MED-02"": 2521.3692992634633, ""S001-WAT-01"": 2521.3692992634633, ""S001-WAT-08"": 2521.3692992634633}"
Ke13a144bc8f0a0b9,C,"[""S001-MED-01"", ""S001-MED-02"", ""S001-WAT-01"", ""S002-MED-01"", ""S002-WAT-01"", ""S004-HYG-01""]","[""S001"", ""S002"", ""S004""]",480.0,2893.714975150735,5.913038920970039,0.2608701348787451,2434.781374429386,1888.0536004491407,"{""S001-MED-01"": 1074.2695386645796, ""S001-MED-02"": 1074.2695386645796, ""S001-WAT-01"": 1074.2695386645796, ""S002-MED-01"": 1711.9463995508593, ""S002-WAT-01"": 1711.9463995508593, ""S004-HYG-01"": 2176.1566289091347}"
Ke13dc6c79d054970,C,"[""S001-MED-01"", ""S001-MED-02"", ""S001-WAT-01"", ""S002-MED-01"", ""S002-WAT-01"", ""S004-WAT-02""]","[""S001"", ""S004"", ""S002""]",480.0,2920.517823328535,6.25829631286927,0.2177129608913413,2528.288584735427,1299.9783690790955,"{""S001-MED-01"": 1074.2695386645796, ""S001-MED-02"": 1074.2695386645796, ""S001-WAT-01"": 1074.2695386645796, ""S004-WAT-02"": 1798.9314015626292, ""S002-MED-01"": 2300.0216309209045, ""S002-WAT-01"": 2300.0216309209045}"
Ke15138dee83f8f59,C,"[""S001-MED-01"", ""S001-MED-02"", ""S001-WAT-01"", ""S001-WAT-02"", ""S007-MED-01"", ""S007-WAT-01"", ""S011-FOD-01"", ""S011-MED-01"", ""S011-WAT-01""]","[""S011"", ""S007"", ""S001""]",570.0,2876.6198183080837,5.995981413935886,0.25050232325801425,2457.2449662743024,1035.279720356496,"{""S011-FOD-01"": 1153.9005286794275, ""S011-MED-01"": 1153.9005286794275, ""S011-WAT-01"": 1153.9005286794275, ""S007-MED-01"": 1731.0035790531235, ""S007-WAT-01"": 1731.0035790531235, ""S001-MED-01"": 2564.720279643504, ""S001-MED-02"": 2564.720279643504, ""S001-WAT-01"": 2564.720279643504, ""S001-WAT-02"": 2564.720279643504}"
Ke18819f85ec9f2d3,C,"[""S006-FOD-01"", ""S006-HYG-01"", ""S006-MED-01"", ""S006-WAT-01"", ""S006-WAT-02"", ""S006-WAT-03"", ""S007-FOD-01"", ""S007-MED-01""]","[""S006"", ""S007""]",540.0,2479.5631413430933,4.195296083830945,0.4755879895211319,1969.5593560375473,1680.260087321924,"{""S006-FOD-01"": 1269.4219339808324, ""S006-HYG-01"": 1269.4219339808324, ""S006-MED-01"": 1269.4219339808324, ""S006-WAT-01"": 1269.4219339808324, ""S006-WAT-02"": 1269.4219339808324, ""S006-WAT-03"": 1269.4219339808324, ""S007-FOD-01"": 1919.739912678076, ""S007-MED-01"": 1919.739912678076}"
Ke2bfab836adff809,A,"[""S001-FOD-01""]","[""S001""]",330.0,1190.8995020773023,1.1865861251152634,0.7363141944188303,842.7915472555206,,"{""S001-FOD-01"": 848.5730843719844}"
Ke312e8687440da03,A,"[""S014-FOD-01""]","[""S014""]",330.0,1930.409811655315,2.1885852653565196,0.5136477188096623,1132.257965547439,,"{""S014-FOD-01"": 1212.7615724943241}"
Ke35dbfe385952666,C,"[""S001-FOD-01"", ""S001-MED-01"", ""S001-MED-02"", ""S001-WAT-01"", ""S002-MED-01"", ""S002-WAT-01"", ""S004-FOD-01"", ""S004-HYG-01"", ""S004-MED-01""]","[""S001"", ""S002"", ""S004""]",570.0,3091.714975150735,6.370647330665202,0.20366908366684977,2558.716985388492,1762.0536004491407,"{""S001-FOD-01"": 1200.2695386645796, ""S001-MED-01"": 1200.2695386645796, ""S001-MED-02"": 1200.2695386645796, ""S001-WAT-01"": 1200.2695386645796, ""S002-MED-01"": 1837.9463995508593, ""S002-WAT-01"": 1837.9463995508593, ""S004-FOD-01"": 2374.1566289091347, ""S004-HYG-01"": 2374.1566289091347, ""S004-MED-01"": 2374.1566289091347}"
Ke377570168e4b759,C,"[""S009-WAT-01""]","[""S009""]",330.0,1512.5680372066,3.652185480553051,0.5434768149308686,1822.4669009831177,9775.8309813967,"{""S009-WAT-01"": 1024.1690186033}"
Ke38111572f2bb2d8,B,"[""S007-FOD-01""]","[""S007""]",330.0,1516.2753989804246,1.4825721904209899,0.6293569523947525,1309.1146158490956,,"{""S007-FOD-01"": 1005.7776994902123}"
Ke3e078d496aac764,C,"[""S001-MED-01"", ""S001-MED-02"", ""S001-WAT-01"", ""S001-WAT-02"", ""S001-WAT-03"", ""S011-FOD-01"", ""S011-MED-01"", ""S011-WAT-01""]","[""S001"", ""S011""]",540.0,2024.6486826804871,3.5682389775723697,0.5539701278034538,1799.7313897591835,2393.7304613354204,"{""S001-MED-01"": 1206.2695386645796, ""S001-MED-02"": 1206.2695386645796, ""S001-WAT-01"": 1206.2695386645796, ""S001-WAT-02"": 1206.2695386645796, ""S001-WAT-03"": 1206.2695386645796, ""S011-FOD-01"": 1720.3081540010596, ""S011-MED-01"": 1720.3081540010596, ""S011-WAT-01"": 1720.3081540010596}"
Ke42d9d18a229654d,C,"[""S001-FOD-01"", ""S001-FOD-02"", ""S001-FOD-03"", ""S001-HYG-01"", ""S001-MED-01"", ""S001-MED-02"", ""S011-FOD-01"", ""S011-MED-01"", ""S011-WAT-01""]","[""S011"", ""S001""]",570.0,2090.648682680487,3.2839238278611296,0.5895095215173588,1722.7293700457226,1821.2508559840926,"{""S011-FOD-01"": 1153.9005286794275, ""S011-MED-01"": 1153.9005286794275, ""S011-WAT-01"": 1153.9005286794275, ""S001-FOD-01"": 1778.7491440159074, ""S001-FOD-02"": 1778.7491440159074, ""S001-FOD-03"": 1778.7491440159074, ""S001-HYG-01"": 1778.7491440159074, ""S001-MED-01"": 1778.7491440159074, ""S001-MED-02"": 1778.7491440159074}"
Ke508a385b6c7eea2,C,"[""S001-MED-01"", ""S001-MED-02"", ""S002-MED-01"", ""S002-WAT-01"", ""S004-WAT-03""]","[""S002"", ""S004"", ""S001""]",450.0,2854.5178233285355,6.147415954778123,0.23157300565273464,2498.258487752408,1057.3817153360442,"{""S002-MED-01"": 1313.3161924076305, ""S002-WAT-01"": 1313.3161924076305, ""S004-WAT-03"": 1777.526421765906, ""S001-MED-01"": 2542.618284663956, ""S001-MED-02"": 2542.618284663956}"
Ke6e462b84bb61ba0,B,"[""S002-WAT-04""]","[""S002""]",330.0,1696.6943000984638,2.3612623728015567,0.4096844067996108,1689.8803615473412,,"{""S002-WAT-04"": 1100.287150049232}"
Ke7aeaade3f9d2e76,C,"[""S001-HYG-01"", ""S001-MED-01"", ""S001-MED-02"", ""S001-WAT-01"", ""S001-WAT-02"", ""S001-WAT-03"", ""S013-MED-01"", ""S013-WAT-01""]","[""S001"", ""S013""]",540.0,2256.6157837540727,4.296833577009277,0.46289580287384036,1997.059093773346,1821.40068275205,"{""S001-HYG-01"": 1242.2695386645796, ""S001-MED-01"": 1242.2695386645796, ""S001-MED-02"": 1242.2695386645796, ""S001-WAT-01"": 1242.2695386645796, ""S001-WAT-02"": 1242.2695386645796, ""S001-WAT-03"": 1242.2695386645796, ""S013-MED-01"": 1778.59931724795, ""S013-WAT-01"": 1778.59931724795}"
Ke7f33fcd2a6ed4e4,C,"[""S001-MED-01"", ""S001-MED-02"", ""S002-MED-01"", ""S002-WAT-01"", ""S002-WAT-03"", ""S012-MED-01""]","[""S002"", ""S012"", ""S001""]",480.0,3004.9264117367898,6.382563367590201,0.20217957905122486,2561.944245389013,906.97312692779,"{""S002-MED-01"": 1379.3161924076305, ""S002-WAT-01"": 1379.3161924076305, ""S002-WAT-03"": 1379.3161924076305, ""S012-MED-01"": 1939.7283220570134, ""S001-MED-01"": 2693.02687307221, ""S001-MED-02"": 2693.02687307221}"
Ke82460d8192c0f14,C,"[""S001-MED-01"", ""S001-MED-02"", ""S001-WAT-01"", ""S002-MED-01"", ""S002-WAT-01"", ""S004-MED-01"", ""S004-WAT-03""]","[""S001"", ""S004"", ""S002""]",510.0,2986.517823328535,6.347316983953155,0.20658537700585566,2552.398349820646,1233.9783690790955,"{""S001-MED-01"": 1104.2695386645796, ""S001-MED-02"": 1104.2695386645796, ""S001-WAT-01"": 1104.2695386645796, ""S004-MED-01"": 1864.9314015626292, ""S004-WAT-03"": 1864.9314015626292, ""S002-MED-01"": 2366.0216309209045, ""S002-WAT-01"": 2366.0216309209045}"
Ke83508461ae1f747,C,"[""S001-FOD-01"", ""S001-MED-01"", ""S001-MED-02"", ""S001-WAT-01"", ""S001-WAT-04"", ""S010-MED-01"", ""S010-WAT-01"", ""S013-MED-01"", ""S013-WAT-01""]","[""S013"", ""S010"", ""S001""]",570.0,2833.268837928043,6.276180015900267,0.21547749801246663,2533.1320876396553,1078.6307007365367,"{""S013-MED-01"": 1277.6164665061226, ""S013-WAT-01"": 1277.6164665061226, ""S010-MED-01"": 1758.7113073314442, ""S010-WAT-01"": 1758.7113073314442, ""S001-FOD-01"": 2521.3692992634633, ""S001-MED-01"": 2521.3692992634633, ""S001-MED-02"": 2521.3692992634633, ""S001-WAT-01"": 2521.3692992634633, ""S001-WAT-04"": 2521.3692992634633}"
Ke861cbbc5439b617,C,"[""S008-HYG-01"", ""S008-MED-01"", ""S008-WAT-01""]","[""S008""]",390.0,2067.7012130854614,5.309935264806818,0.3362580918991478,2271.44080088518,5834.30939345727,"{""S008-HYG-01"": 1365.6906065427306, ""S008-MED-01"": 1365.6906065427306, ""S008-WAT-01"": 1365.6906065427306}"
Ke96e86afb834d11c,C,"[""S001-MED-01"", ""S001-MED-02"", ""S001-WAT-01"", ""S002-MED-01"", ""S002-WAT-01"", ""S004-WAT-01""]","[""S001"", ""S004"", ""S002""]",480.0,2920.517823328535,6.25829631286927,0.2177129608913413,2528.288584735427,1299.9783690790955,"{""S001-MED-01"": 1074.2695386645796, ""S001-MED-02"": 1074.2695386645796, ""S001-WAT-01"": 1074.2695386645796, ""S004-WAT-01"": 1798.9314015626292, ""S002-MED-01"": 2300.0216309209045, ""S002-WAT-01"": 2300.0216309209045}"
Ke9a7a159b1180c44,C,"[""S001-MED-01"", ""S001-MED-02"", ""S002-MED-01"", ""S002-WAT-01"", ""S002-WAT-04"", ""S012-MED-01""]","[""S002"", ""S012"", ""S001""]",480.0,3004.9264117367898,6.382563367590201,0.20217957905122486,2561.944245389013,906.97312692779,"{""S002-MED-01"": 1379.3161924076305, ""S002-WAT-01"": 1379.3161924076305, ""S002-WAT-04"": 1379.3161924076305, ""S012-MED-01"": 1939.7283220570134, ""S001-MED-01"": 2693.02687307221, ""S001-MED-02"": 2693.02687307221}"
Ke9aafb8be317b81c,C,"[""S006-FOD-01"", ""S006-HYG-01"", ""S006-MED-01"", ""S007-FOD-01"", ""S007-HYG-01"", ""S007-MED-01"", ""S007-WAT-01"", ""S007-WAT-02"", ""S015-FOD-01"", ""S015-MED-01""]","[""S006"", ""S007"", ""S015""]",600.0,3117.268461015817,5.858870354620009,0.2676412056724988,2420.1107210429195,1620.260087321924,"{""S006-FOD-01"": 1221.4219339808324, ""S006-HYG-01"": 1221.4219339808324, ""S006-MED-01"": 1221.4219339808324, ""S007-FOD-01"": 1979.739912678076, ""S007-HYG-01"": 1979.739912678076, ""S007-MED-01"": 1979.739912678076, ""S007-WAT-01"": 1979.739912678076, ""S007-WAT-02"": 1979.739912678076, ""S015-FOD-01"": 2455.6735997404803, ""S015-MED-01"": 2455.6735997404803}"
Ke9b2509a47f96fc5,A,"[""S015-WAT-01""]","[""S015""]",330.0,1908.5894031476528,2.429295287703197,0.46015660273262293,1201.7964164475902,9602.265298426173,"{""S015-WAT-01"": 1197.7347015738264}"
Ke9f49378e2aa97aa,C,"[""S006-WAT-03""]","[""S006""]",330.0,1231.5538679616645,2.090246603441646,0.7387191745697943,1399.4417884321122,,"{""S006-WAT-03"": 879.4219339808323}"
Ke9fb8a9cc4411c82,C,"[""S001-HYG-01"", ""S001-MED-01"", ""S001-MED-02"", ""S001-WAT-01"", ""S001-WAT-02"", ""S001-WAT-03"", ""S013-MED-01"", ""S013-WAT-01""]","[""S013"", ""S001""]",540.0,2256.6157837540723,5.106070305768449,0.3617412117789439,2216.2273744789545,1655.2837549105072,"{""S013-MED-01"": 1247.6164665061224, ""S013-WAT-01"": 1247.6164665061224, ""S001-HYG-01"": 1944.7162450894928, ""S001-MED-01"": 1944.7162450894928, ""S001-MED-02"": 1944.7162450894928, ""S001-WAT-01"": 1944.7162450894928, ""S001-WAT-02"": 1944.7162450894928, ""S001-WAT-03"": 1944.7162450894928}"
Kea1f52582845115e,B,"[""S008-MED-01""]","[""S008""]",330.0,1841.8314356603312,2.4123541460535005,0.39691146348662487,1712.0201299565167,6028.857615503168,"{""S008-MED-01"": 1171.1423844968322}"
Kea8f36fe95d03e6a,C,"[""S001-MED-01"", ""S001-MED-02"", ""S001-WAT-01"", ""S002-MED-01"", ""S002-WAT-01"", ""S004-MED-01"", ""S004-WAT-02""]","[""S001"", ""S002"", ""S004""]",510.0,2959.714975150735,6.220631050563222,0.22242111867959724,2518.087576194206,1858.0536004491407,"{""S001-MED-01"": 1104.2695386645796, ""S001-MED-02"": 1104.2695386645796, ""S001-WAT-01"": 1104.2695386645796, ""S002-MED-01"": 1741.9463995508593, ""S002-WAT-01"": 1741.9463995508593, ""S004-MED-01"": 2242.1566289091347, ""S004-WAT-02"": 2242.1566289091347}"
Keaa2eca724040fbd,A,"[""S002-FOD-02""]","[""S002""]",330.0,1943.7379819346033,2.795390182901146,0.3788021815775231,1307.55716394922,,"{""S002-FOD-02"": 1223.8089909673017}"
Keb06bec3e7878c56,C,"[""S001-FOD-01"", ""S001-FOD-02"", ""S001-MED-01"", ""S001-MED-02"", ""S001-WAT-07""]","[""S001""]",450.0,1428.1690773291593,2.1435782470816216,0.7320527191147973,1413.8857752512727,2483.7304613354204,"{""S001-FOD-01"": 1116.2695386645796, ""S001-FOD-02"": 1116.2695386645796, ""S001-MED-01"": 1116.2695386645796, ""S001-MED-02"": 1116.2695386645796, ""S001-WAT-07"": 1116.2695386645796}"
Keb0be20284d71bec,A,"[""S003-WAT-04""]","[""S003""]",330.0,2202.629278762021,2.9315124769532916,0.3485527828992685,1346.8813822309507,,"{""S003-WAT-04"": 1349.2879727143438}"
Keb43e186e5be409f,C,"[""S002-MED-01"", ""S002-WAT-01"", ""S004-MED-01"", ""S004-WAT-01"", ""S004-WAT-03""]","[""S002"", ""S004""]",450.0,2567.084768007506,6.379703769868861,0.20253702876639235,2561.16977100615,2286.6838075923697,"{""S002-MED-01"": 1313.3161924076305, ""S002-WAT-01"": 1313.3161924076305, ""S004-MED-01"": 1849.526421765906, ""S004-WAT-01"": 1849.526421765906, ""S004-WAT-03"": 1849.526421765906}"
Keb8f7345c3648b23,C,"[""S003-FOD-01"", ""S003-HYG-01"", ""S003-MED-01"", ""S003-WAT-01"", ""S006-MED-01"", ""S006-WAT-01"", ""S007-MED-01"", ""S007-WAT-01""]","[""S006"", ""S007"", ""S003""]",540.0,3133.589102405376,6.1769992714084845,0.22787509107393944,2506.2706360064644,1824.260087321924,"{""S006-MED-01"": 1125.4219339808324, ""S006-WAT-01"": 1125.4219339808324, ""S007-MED-01"": 1775.739912678076, ""S007-WAT-01"": 1775.739912678076, ""S003-FOD-01"": 2343.0034276030415, ""S003-HYG-01"": 2343.0034276030415, ""S003-MED-01"": 2343.0034276030415, ""S003-WAT-01"": 2343.0034276030415}"
Kebcaaa79db6176d2,C,"[""S001-MED-01"", ""S001-MED-02"", ""S001-WAT-01"", ""S002-MED-01"", ""S002-WAT-01"", ""S004-HYG-01"", ""S004-MED-01""]","[""S001"", ""S002"", ""S004""]",510.0,2959.714975150735,5.9864661056091375,0.2516917367988578,2454.667903602475,1858.0536004491407,"{""S001-MED-01"": 1104.2695386645796, ""S001-MED-02"": 1104.2695386645796, ""S001-WAT-01"": 1104.2695386645796, ""S002-MED-01"": 1741.9463995508593, ""S002-WAT-01"": 1741.9463995508593, ""S004-HYG-01"": 2242.1566289091347, ""S004-MED-01"": 2242.1566289091347}"
Kec1c49e8283c9a2a,C,"[""S001-MED-01"", ""S001-MED-02"", ""S002-MED-01"", ""S002-WAT-01"", ""S002-WAT-04"", ""S012-MED-01""]","[""S001"", ""S002"", ""S012""]",480.0,2961.258870384509,6.157436743865111,0.23032040701686107,2500.9724514634677,1327.6414707997578,"{""S001-MED-01"": 1038.2695386645796, ""S001-MED-02"": 1038.2695386645796, ""S002-MED-01"": 1711.9463995508593, ""S002-WAT-01"": 1711.9463995508593, ""S002-WAT-04"": 1711.9463995508593, ""S012-MED-01"": 2272.358529200242}"
Kec61da536a676380,C,"[""S008-HYG-01""]","[""S008""]",330.0,1935.7012130854614,5.096938898607622,0.36288263767404727,2213.7542850395644,,"{""S008-HYG-01"": 1233.6906065427306}"
Kec735021c55805df,C,"[""S001-FOD-01"", ""S001-FOD-02"", ""S001-FOD-03"", ""S001-HYG-01"", ""S001-HYG-02"", ""S001-MED-01"", ""S001-MED-02"", ""S001-WAT-01""]","[""S001""]",540.0,1626.1690773291593,2.405026168043529,0.6993717289945589,1484.6945871784558,2285.7304613354204,"{""S001-FOD-01"": 1314.2695386645796, ""S001-FOD-02"": 1314.2695386645796, ""S001-FOD-03"": 1314.2695386645796, ""S001-HYG-01"": 1314.2695386645796, ""S001-HYG-02"": 1314.2695386645796, ""S001-MED-01"": 1314.2695386645796, ""S001-MED-02"": 1314.2695386645796, ""S001-WAT-01"": 1314.2695386645796}"
Kecb00a871cfa6041,A,"[""S002-WAT-02""]","[""S002""]",330.0,1943.7379819346033,2.871432789745099,0.36190382450108904,1329.5250281485842,,"{""S002-WAT-02"": 1223.8089909673017}"
Ked1040c0b8b87500,A,"[""S012-MED-01""]","[""S012""]",330.0,2049.090073643448,2.786005222920073,0.38088772823998385,1304.845953288021,2325.5249631782763,"{""S012-MED-01"": 1274.475036821724}"
Ked3be24d37ed19d9,C,"[""S010-FOD-01"", ""S010-MED-01"", ""S010-WAT-01"", ""S014-FOD-01"", ""S014-MED-01"", ""S014-WAT-01""]","[""S010"", ""S014""]",480.0,2514.5152698513334,4.539111448629368,0.43261106892132895,2062.676017337121,1775.2941696219907,"{""S010-FOD-01"": 1252.159205522987, ""S010-MED-01"": 1252.159205522987, ""S010-WAT-01"": 1252.159205522987, ""S014-FOD-01"": 1824.7058303780093, ""S014-MED-01"": 1824.7058303780093, ""S014-WAT-01"": 1824.7058303780093}"
Ked6afcc0af10b93e,C,"[""S003-FOD-01"", ""S003-FOD-02"", ""S003-HYG-01"", ""S003-MED-01"", ""S003-WAT-04""]","[""S003""]",450.0,2370.0913496046687,5.209161832281397,0.3488547709648254,2244.147996242878,5620.494325197666,"{""S003-FOD-01"": 1579.5056748023344, ""S003-FOD-02"": 1579.5056748023344, ""S003-HYG-01"": 1579.5056748023344, ""S003-MED-01"": 1579.5056748023344, ""S003-WAT-04"": 1579.5056748023344}"
Kedcec18d3cca1df7,C,"[""S006-MED-01"", ""S006-WAT-01"", ""S007-MED-01"", ""S007-WAT-01"", ""S007-WAT-02"", ""S015-FOD-01"", ""S015-MED-01"", ""S015-WAT-01""]","[""S007"", ""S015"", ""S006""]",540.0,3033.0403580985267,6.335024428180801,0.2081219464773999,2549.069115965634,919.0915758823057,"{""S007-MED-01"": 1365.7432286650169, ""S007-WAT-01"": 1365.7432286650169, ""S007-WAT-02"": 1365.7432286650169, ""S015-FOD-01"": 1877.6769157274211, ""S015-MED-01"": 1877.6769157274211, ""S015-WAT-01"": 1877.6769157274211, ""S006-MED-01"": 2680.9084241176943, ""S006-WAT-01"": 2680.9084241176943}"
Kee07946002fc1576,B,"[""S015-FOD-01""]","[""S015""]",330.0,1708.276637426976,1.9174433328254907,0.5206391667936273,1497.5587775577128,,"{""S015-FOD-01"": 1097.578318713488}"
Keeaadb56376b87aa,B,"[""S012-WAT-01""]","[""S012""]",330.0,1802.7403507441854,2.3968782654930934,0.40078043362672666,1705.3139150470072,2448.699824627907,"{""S012-WAT-01"": 1151.3001753720928}"
Keed03d26d66571ac,C,"[""S001-FOD-01"", ""S001-FOD-02"", ""S001-FOD-03"", ""S001-HYG-01"", ""S001-HYG-02"", ""S001-MED-01"", ""S001-MED-02"", ""S001-WAT-01"", ""S001-WAT-05""]","[""S001""]",570.0,1692.1690773291593,2.720392502747031,0.6599509371566211,1570.106302827321,2219.7304613354204,"{""S001-FOD-01"": 1380.2695386645796, ""S001-FOD-02"": 1380.2695386645796, ""S001-FOD-03"": 1380.2695386645796, ""S001-HYG-01"": 1380.2695386645796, ""S001-HYG-02"": 1380.2695386645796, ""S001-MED-01"": 1380.2695386645796, ""S001-MED-02"": 1380.2695386645796, ""S001-WAT-01"": 1380.2695386645796, ""S001-WAT-05"": 1380.2695386645796}"
Kef1b36e8db174e68,B,"[""S001-FOD-01""]","[""S001""]",330.0,1089.100207293352,0.9619966608020939,0.7595008347994765,1083.531886347574,,"{""S001-FOD-01"": 797.6734369800093}"
Kef406cccf052ff4f,C,"[""S001-FOD-01"", ""S001-FOD-02"", ""S001-MED-01"", ""S001-MED-02"", ""S001-WAT-01"", ""S001-WAT-02""]","[""S001""]",480.0,1494.1690773291593,2.309532357648675,0.7113084552939156,1458.8316801965161,2417.7304613354204,"{""S001-FOD-01"": 1182.2695386645796, ""S001-FOD-02"": 1182.2695386645796, ""S001-MED-01"": 1182.2695386645796, ""S001-MED-02"": 1182.2695386645796, ""S001-WAT-01"": 1182.2695386645796, ""S001-WAT-02"": 1182.2695386645796}"
Kef56538a8760f347,C,"[""S006-FOD-01"", ""S006-HYG-01"", ""S006-MED-01"", ""S006-WAT-01"", ""S006-WAT-02"", ""S006-WAT-03"", ""S007-FOD-01"", ""S007-HYG-01"", ""S007-MED-01"", ""S011-MED-01""]","[""S006"", ""S007"", ""S011""]",600.0,2874.8234917311997,4.920610991973981,0.38492362600325236,2165.9988103262863,1584.260087321924,"{""S006-FOD-01"": 1329.4219339808324, ""S006-HYG-01"": 1329.4219339808324, ""S006-MED-01"": 1329.4219339808324, ""S006-WAT-01"": 1329.4219339808324, ""S006-WAT-02"": 1329.4219339808324, ""S006-WAT-03"": 1329.4219339808324, ""S007-FOD-01"": 2015.739912678076, ""S007-HYG-01"": 2015.739912678076, ""S007-MED-01"": 2015.739912678076, ""S011-MED-01"": 2570.482963051772}"
Kef7f572abebd0d6d,C,"[""S001-FOD-01"", ""S001-FOD-02"", ""S001-MED-01"", ""S001-MED-02"", ""S001-WAT-05""]","[""S001""]",450.0,1428.1690773291593,2.1435782470816216,0.7320527191147973,1413.8857752512727,2483.7304613354204,"{""S001-FOD-01"": 1116.2695386645796, ""S001-FOD-02"": 1116.2695386645796, ""S001-MED-01"": 1116.2695386645796, ""S001-MED-02"": 1116.2695386645796, ""S001-WAT-05"": 1116.2695386645796}"
Kefb8267100e0660e,C,"[""S001-MED-01"", ""S001-MED-02"", ""S001-WAT-01"", ""S006-HYG-01"", ""S006-MED-01"", ""S006-WAT-01"", ""S006-WAT-02"", ""S007-MED-01"", ""S007-WAT-01""]","[""S001"", ""S007"", ""S006""]",570.0,2987.356151933036,6.2990744756091255,0.21261569054885932,2539.3326704774713,964.7757820477964,"{""S001-MED-01"": 1164.2695386645796, ""S001-MED-02"": 1164.2695386645796, ""S001-WAT-01"": 1164.2695386645796, ""S007-MED-01"": 1909.5362392549603, ""S007-WAT-01"": 1909.5362392549603, ""S006-HYG-01"": 2635.2242179522036, ""S006-MED-01"": 2635.2242179522036, ""S006-WAT-01"": 2635.2242179522036, ""S006-WAT-02"": 2635.2242179522036}"
Keff0b97d62da73aa,C,"[""S003-FOD-01"", ""S003-MED-01"", ""S007-FOD-01"", ""S007-MED-01"", ""S015-FOD-01"", ""S015-MED-01"", ""S015-WAT-01""]","[""S007"", ""S003"", ""S015""]",510.0,2985.485043196172,5.858427213465828,0.2676965983167715,2419.9907036469954,2300.256771334983,"{""S007-FOD-01"": 1299.7432286650169, ""S007-MED-01"": 1299.7432286650169, ""S003-FOD-01"": 1795.0067435899823, ""S003-MED-01"": 1795.0067435899823, ""S015-FOD-01"": 2323.8901819208345, ""S015-MED-01"": 2323.8901819208345, ""S015-WAT-01"": 2323.8901819208345}"
Kf00abfde93d60e63,C,"[""S006-FOD-01"", ""S006-HYG-01"", ""S006-MED-01"", ""S006-WAT-01"", ""S006-WAT-02"", ""S006-WAT-03"", ""S007-FOD-01"", ""S007-HYG-01"", ""S007-MED-01"", ""S011-MED-01""]","[""S011"", ""S007"", ""S006""]",600.0,2874.8234917311997,6.073810945995489,0.24077363175056388,2478.3237978737784,1077.3084422496327,"{""S011-MED-01"": 1111.9005286794275, ""S007-FOD-01"": 1725.0035790531235, ""S007-HYG-01"": 1725.0035790531235, ""S007-MED-01"": 1725.0035790531235, ""S006-FOD-01"": 2522.6915577503673, ""S006-HYG-01"": 2522.6915577503673, ""S006-MED-01"": 2522.6915577503673, ""S006-WAT-01"": 2522.6915577503673, ""S006-WAT-02"": 2522.6915577503673, ""S006-WAT-03"": 2522.6915577503673}"
Kf05cb4f04d158a8b,C,"[""S001-FOD-01"", ""S001-FOD-02"", ""S001-FOD-03"", ""S001-HYG-01"", ""S001-MED-01"", ""S001-MED-02"", ""S011-FOD-01"", ""S011-MED-01"", ""S011-WAT-01""]","[""S001"", ""S011""]",570.0,2090.648682680487,3.255664741185348,0.5930419073518315,1715.0758674043652,2327.7304613354204,"{""S001-FOD-01"": 1272.2695386645796, ""S001-FOD-02"": 1272.2695386645796, ""S001-FOD-03"": 1272.2695386645796, ""S001-HYG-01"": 1272.2695386645796, ""S001-MED-01"": 1272.2695386645796, ""S001-MED-02"": 1272.2695386645796, ""S011-FOD-01"": 1786.3081540010596, ""S011-MED-01"": 1786.3081540010596, ""S011-WAT-01"": 1786.3081540010596}"
Kf0a773f1244e247f,C,"[""S001-FOD-01"", ""S001-FOD-02"", ""S001-FOD-03"", ""S001-MED-01"", ""S001-MED-02"", ""S005-MED-01"", ""S011-FOD-01"", ""S011-MED-01"", ""S011-WAT-01""]","[""S001"", ""S005"", ""S011""]",570.0,2668.828500672869,4.433628832100308,0.44579639598746146,2034.1078086938332,2363.7304613354204,"{""S001-FOD-01"": 1236.2695386645796, ""S001-FOD-02"": 1236.2695386645796, ""S001-FOD-03"": 1236.2695386645796, ""S001-MED-01"": 1236.2695386645796, ""S001-MED-02"": 1236.2695386645796, ""S005-MED-01"": 1760.896423929853, ""S011-FOD-01"": 2364.487971993441, ""S011-MED-01"": 2364.487971993441, ""S011-WAT-01"": 2364.487971993441}"
Kf0b0e3505e64cf5f,B,"[""S005-WAT-02""]","[""S005""]",330.0,1456.1702283018226,1.7198628869104358,0.5700342782723911,1411.9405843278555,,"{""S005-WAT-02"": 980.8417808175781}"
Kf0c352e277181077,C,"[""S010-MED-01"", ""S010-WAT-01"", ""S012-MED-01"", ""S012-WAT-01"", ""S013-MED-01"", ""S013-WAT-01""]","[""S013"", ""S012"", ""S010""]",480.0,2902.358973147595,6.0869564365233,0.2391304454345875,2481.884034891727,1204.1902323753916,"{""S013-MED-01"": 1187.6164665061224, ""S013-WAT-01"": 1187.6164665061224, ""S012-MED-01"": 1742.2581892910193, ""S012-WAT-01"": 1742.2581892910193, ""S010-MED-01"": 2395.8097676246084, ""S010-WAT-01"": 2395.8097676246084}"
Kf0d92456f68cb176,C,"[""S001-FOD-01"", ""S001-FOD-02"", ""S001-FOD-03"", ""S001-HYG-01"", ""S001-HYG-02"", ""S001-MED-01"", ""S001-MED-02"", ""S011-FOD-01"", ""S011-MED-01"", ""S011-WAT-01""]","[""S001"", ""S011""]",600.0,2156.648682680487,3.3940952337491783,0.5757380957813527,1752.5674591404027,2261.7304613354204,"{""S001-FOD-01"": 1338.2695386645796, ""S001-FOD-02"": 1338.2695386645796, ""S001-FOD-03"": 1338.2695386645796, ""S001-HYG-01"": 1338.2695386645796, ""S001-HYG-02"": 1338.2695386645796, ""S001-MED-01"": 1338.2695386645796, ""S001-MED-02"": 1338.2695386645796, ""S011-FOD-01"": 1852.3081540010596, ""S011-MED-01"": 1852.3081540010596, ""S011-WAT-01"": 1852.3081540010596}"
Kf0f8df8368aded9c,A,"[""S003-WAT-01""]","[""S003""]",330.0,2202.629278762021,2.9315124769532916,0.3485527828992685,1346.8813822309507,5850.712027285656,"{""S003-WAT-01"": 1349.2879727143438}"
Kf14a02aeeb955d62,C,"[""S006-FOD-01"", ""S006-HYG-01"", ""S006-MED-01"", ""S006-WAT-01"", ""S006-WAT-02"", ""S006-WAT-03""]","[""S006""]",480.0,1561.5538679616648,2.597987864912184,0.675251516885977,1536.95504674705,2390.5780660191676,"{""S006-FOD-01"": 1209.4219339808324, ""S006-HYG-01"": 1209.4219339808324, ""S006-MED-01"": 1209.4219339808324, ""S006-WAT-01"": 1209.4219339808324, ""S006-WAT-02"": 1209.4219339808324, ""S006-WAT-03"": 1209.4219339808324}"
Kf19d097f0a8dd4cb,B,"[""S001-WAT-02""]","[""S001""]",330.0,1089.100207293352,1.0069748039987942,0.7482562990003014,1103.022415066144,,"{""S001-WAT-02"": 797.6734369800093}"
Kf1b207122b936f21,C,"[""S002-MED-01"", ""S002-WAT-01"", ""S004-FOD-01"", ""S004-HYG-01"", ""S004-MED-01"", ""S004-WAT-01""]","[""S002"", ""S004""]",480.0,2633.084768007506,6.379703769868861,0.20253702876639235,2561.16977100615,2256.6838075923697,"{""S002-MED-01"": 1343.3161924076305, ""S002-WAT-01"": 1343.3161924076305, ""S004-FOD-01"": 1915.526421765906, ""S004-HYG-01"": 1915.526421765906, ""S004-MED-01"": 1915.526421765906, ""S004-WAT-01"": 1915.526421765906}"
Kf1b9106356637d8e,C,"[""S002-FOD-01"", ""S002-FOD-02"", ""S002-HYG-01"", ""S002-MED-01"", ""S002-WAT-02""]","[""S002""]",450.0,2041.8123848152609,5.170923949443319,0.35363450631958515,2233.791902974232,2178.6838075923697,"{""S002-FOD-01"": 1421.3161924076305, ""S002-FOD-02"": 1421.3161924076305, ""S002-HYG-01"": 1421.3161924076305, ""S002-MED-01"": 1421.3161924076305, ""S002-WAT-02"": 1421.3161924076305}"
Kf1db3b9ad40891f8,C,"[""S001-FOD-01"", ""S001-FOD-02"", ""S001-FOD-03"", ""S001-HYG-01"", ""S001-HYG-02"", ""S001-MED-01"", ""S001-MED-02"", ""S001-WAT-01"", ""S001-WAT-07"", ""S011-MED-01""]","[""S001"", ""S011""]",600.0,2156.648682680487,3.488180282396595,0.5639774647004256,1778.0488264824112,2189.7304613354204,"{""S001-FOD-01"": 1410.2695386645796, ""S001-FOD-02"": 1410.2695386645796, ""S001-FOD-03"": 1410.2695386645796, ""S001-HYG-01"": 1410.2695386645796, ""S001-HYG-02"": 1410.2695386645796, ""S001-MED-01"": 1410.2695386645796, ""S001-MED-02"": 1410.2695386645796, ""S001-WAT-01"": 1410.2695386645796, ""S001-WAT-07"": 1410.2695386645796, ""S011-MED-01"": 1852.3081540010596}"
Kf1e97aa3ed27b46b,C,"[""S003-MED-01"", ""S003-WAT-01"", ""S003-WAT-02"", ""S006-MED-01"", ""S006-WAT-01"", ""S007-MED-01"", ""S007-WAT-01""]","[""S007"", ""S003"", ""S006""]",510.0,3058.5280653291543,6.3097051807649285,0.21128685240438394,2542.2118197905015,893.6038686516781,"{""S007-MED-01"": 1299.7432286650169, ""S007-WAT-01"": 1299.7432286650169, ""S003-MED-01"": 1831.0067435899823, ""S003-WAT-01"": 1831.0067435899823, ""S003-WAT-02"": 1831.0067435899823, ""S006-MED-01"": 2706.396131348322, ""S006-WAT-01"": 2706.396131348322}"
Kf1fd5e0d441afb80,A,"[""S006-WAT-01""]","[""S006""]",330.0,1253.4781941236301,1.2888815532930935,0.7135818770459792,872.343559840227,2724.4975696048514,"{""S006-WAT-01"": 875.5024303951484}"
Kf2629d96f5d63643,C,"[""S006-FOD-01"", ""S006-HYG-01"", ""S006-MED-01"", ""S006-WAT-01"", ""S006-WAT-02"", ""S006-WAT-03"", ""S007-MED-01"", ""S007-WAT-01""]","[""S007"", ""S006""]",540.0,2479.563141343093,5.277500201582868,0.34031247480214155,2262.65630459536,1472.5687926377395,"{""S007-MED-01"": 1329.7432286650169, ""S007-WAT-01"": 1329.7432286650169, ""S006-FOD-01"": 2127.4312073622605, ""S006-HYG-01"": 2127.4312073622605, ""S006-MED-01"": 2127.4312073622605, ""S006-WAT-01"": 2127.4312073622605, ""S006-WAT-02"": 2127.4312073622605, ""S006-WAT-03"": 2127.4312073622605}"
Kf33df89ca61dab06,C,"[""S010-MED-01"", ""S010-WAT-01"", ""S012-MED-01"", ""S012-WAT-01"", ""S013-FOD-01"", ""S013-MED-01"", ""S013-WAT-01""]","[""S010"", ""S013"", ""S012""]",510.0,3006.7861103174723,6.246976234484041,0.21912797068949486,2525.222730172761,1282.1142308667945,"{""S010-MED-01"": 1246.159205522987, ""S010-WAT-01"": 1246.159205522987, ""S013-FOD-01"": 1763.2440463483085, ""S013-MED-01"": 1763.2440463483085, ""S013-WAT-01"": 1763.2440463483085, ""S012-MED-01"": 2317.8857691332055, ""S012-WAT-01"": 2317.8857691332055}"
Kf4671d727169136b,C,"[""S012-FOD-01"", ""S012-MED-01"", ""S012-WAT-01"", ""S013-MED-01"", ""S013-WAT-01""]","[""S013"", ""S012""]",450.0,2437.1585304752866,5.300929076061442,0.3373838654923198,2269.0016247666404,1851.7418107089807,"{""S013-MED-01"": 1157.6164665061224, ""S013-WAT-01"": 1157.6164665061224, ""S012-FOD-01"": 1748.2581892910193, ""S012-MED-01"": 1748.2581892910193, ""S012-WAT-01"": 1748.2581892910193}"
Kf4e420c8350933e7,B,"[""S002-FOD-01"", ""S002-MED-01"", ""S002-WAT-03""]","[""S002""]",390.0,1816.6943000984638,2.7134222874379024,0.3216444281405244,1842.4829912230912,2379.712849950768,"{""S002-FOD-01"": 1220.287150049232, ""S002-MED-01"": 1220.287150049232, ""S002-WAT-03"": 1220.287150049232}"
Kf58bfec389953212,C,"[""S001-FOD-01"", ""S001-MED-01"", ""S001-MED-02"", ""S001-WAT-01"", ""S002-MED-01"", ""S002-WAT-01"", ""S004-MED-01"", ""S004-WAT-01""]","[""S001"", ""S002"", ""S004""]",540.0,3025.714975150735,6.370647330665202,0.20366908366684977,2558.716985388492,1792.0536004491407,"{""S001-FOD-01"": 1170.2695386645796, ""S001-MED-01"": 1170.2695386645796, ""S001-MED-02"": 1170.2695386645796, ""S001-WAT-01"": 1170.2695386645796, ""S002-MED-01"": 1807.9463995508593, ""S002-WAT-01"": 1807.9463995508593, ""S004-MED-01"": 2308.1566289091347, ""S004-WAT-01"": 2308.1566289091347}"
Kf60ae6dae18a6492,A,"[""S001-WAT-02""]","[""S001""]",330.0,1190.8995020773023,1.2195257371607946,0.7289942806309345,852.3074351797851,,"{""S001-WAT-02"": 848.5730843719844}"
Kf66a81ce45238bdb,A,"[""S004-WAT-03""]","[""S004""]",330.0,2118.800185367184,3.0353555177221425,0.3254765516173017,1376.8804828975078,,"{""S004-WAT-03"": 1311.0467593502588}"
Kf6baa3509f3be1e8,C,"[""S002-MED-01"", ""S002-WAT-01"", ""S002-WAT-04"", ""S012-MED-01""]","[""S012"", ""S002""]",420.0,2568.6286632412803,6.224217006814229,0.22197287414822142,2519.0587726788535,1651.86752916635,"{""S012-MED-01"": 1309.690341184267, ""S002-MED-01"": 1948.13247083365, ""S002-WAT-01"": 1948.13247083365, ""S002-WAT-04"": 1948.13247083365}"
Kf71164ec670e3259,C,"[""S001-MED-01"", ""S002-MED-01"", ""S002-WAT-01"", ""S002-WAT-04"", ""S012-MED-01""]","[""S002"", ""S012"", ""S001""]",450.0,2938.9264117367898,6.285828073061564,0.21427149086730446,2535.74510312084,972.97312692779,"{""S002-MED-01"": 1349.3161924076305, ""S002-WAT-01"": 1349.3161924076305, ""S002-WAT-04"": 1349.3161924076305, ""S012-MED-01"": 1909.7283220570134, ""S001-MED-01"": 2627.02687307221}"
Kf71e6d8f238b7afc,A,"[""S010-WAT-01""]","[""S010""]",330.0,1594.8627275525841,1.9213638848168428,0.5730302478184794,1055.0606778359768,2555.0319695570415,"{""S010-WAT-01"": 1044.9680304429587}"
Kf759bfc8d294f341,C,"[""S010-FOD-01"", ""S010-MED-01"", ""S010-WAT-01"", ""S013-MED-01"", ""S013-WAT-01"", ""S014-FOD-01"", ""S014-MED-01"", ""S014-WAT-01""]","[""S010"", ""S014"", ""S013""]",540.0,2986.8999467901363,6.003782501640985,0.24952718729487688,2459.3577608611,1091.1165197159867,"{""S010-FOD-01"": 1312.159205522987, ""S010-MED-01"": 1312.159205522987, ""S010-WAT-01"": 1312.159205522987, ""S014-FOD-01"": 1884.7058303780093, ""S014-MED-01"": 1884.7058303780093, ""S014-WAT-01"": 1884.7058303780093, ""S013-MED-01"": 2508.8834802840133, ""S013-WAT-01"": 2508.8834802840133}"
Kf78acd599c5c48ad,C,"[""S012-FOD-01"", ""S012-MED-01"", ""S012-WAT-01"", ""S013-MED-01"", ""S013-WAT-01""]","[""S012"", ""S013""]",450.0,2437.1585304752866,5.464348656952524,0.31695641788093454,2313.2610945913084,1640.8579360308358,"{""S012-FOD-01"": 1411.690341184267, ""S012-MED-01"": 1411.690341184267, ""S012-WAT-01"": 1411.690341184267, ""S013-MED-01"": 1959.1420639691642, ""S013-WAT-01"": 1959.1420639691642}"
Kf827f129141a965a,C,"[""S007-FOD-01"", ""S007-HYG-01"", ""S007-MED-01"", ""S007-WAT-01"", ""S007-WAT-02"", ""S015-FOD-01"", ""S015-MED-01""]","[""S015"", ""S007""]",510.0,2545.2717770027584,5.24677277625306,0.3441534029683675,2254.3342935685373,1614.5514516622586,"{""S015-FOD-01"": 1388.914861275337, ""S015-MED-01"": 1388.914861275337, ""S007-FOD-01"": 1985.4485483377414, ""S007-HYG-01"": 1985.4485483377414, ""S007-MED-01"": 1985.4485483377414, ""S007-WAT-01"": 1985.4485483377414, ""S007-WAT-02"": 1985.4485483377414}"
Kf84ba8d16fd19d39,B,"[""S003-WAT-02""]","[""S003""]",330.0,1960.5233035434708,2.424118782124915,0.39397030446877124,1717.1181389207966,,"{""S003-WAT-02"": 1228.2349851050687}"
Kf87ffe1d1d7a6196,C,"[""S001-MED-01"", ""S001-MED-02"", ""S001-WAT-01"", ""S002-MED-01"", ""S002-WAT-01"", ""S004-FOD-01""]","[""S001"", ""S002"", ""S004""]",480.0,2893.714975150735,5.96117077515148,0.254853653106065,2447.817084936859,1888.0536004491407,"{""S001-MED-01"": 1074.2695386645796, ""S001-MED-02"": 1074.2695386645796, ""S001-WAT-01"": 1074.2695386645796, ""S002-MED-01"": 1711.9463995508593, ""S002-WAT-01"": 1711.9463995508593, ""S004-FOD-01"": 2176.1566289091347}"
Kf89214e4f0d369b2,C,"[""S001-FOD-01"", ""S001-FOD-02"", ""S001-FOD-03"", ""S001-HYG-01"", ""S001-HYG-02"", ""S001-MED-01"", ""S001-MED-02"", ""S001-WAT-01"", ""S001-WAT-08"", ""S011-MED-01""]","[""S011"", ""S001""]",600.0,2156.648682680487,4.011353538088952,0.498580807738881,1919.7415832324245,1755.2508559840926,"{""S011-MED-01"": 1111.9005286794275, ""S001-FOD-01"": 1844.7491440159074, ""S001-FOD-02"": 1844.7491440159074, ""S001-FOD-03"": 1844.7491440159074, ""S001-HYG-01"": 1844.7491440159074, ""S001-HYG-02"": 1844.7491440159074, ""S001-MED-01"": 1844.7491440159074, ""S001-MED-02"": 1844.7491440159074, ""S001-WAT-01"": 1844.7491440159074, ""S001-WAT-08"": 1844.7491440159074}"
Kf922d93e3fab5b3e,C,"[""S001-FOD-01"", ""S001-FOD-02"", ""S001-FOD-03"", ""S001-MED-01"", ""S001-MED-02"", ""S001-WAT-05""]","[""S001""]",480.0,1494.1690773291593,2.230065907384514,0.7212417615769358,1437.309516583306,2417.7304613354204,"{""S001-FOD-01"": 1182.2695386645796, ""S001-FOD-02"": 1182.2695386645796, ""S001-FOD-03"": 1182.2695386645796, ""S001-MED-01"": 1182.2695386645796, ""S001-MED-02"": 1182.2695386645796, ""S001-WAT-05"": 1182.2695386645796}"
Kf967a08b04f135eb,C,"[""S014-MED-01""]","[""S014""]",330.0,1903.288878946648,3.5335176619810253,0.5583102922523718,1790.3277001198612,2386.520560526676,"{""S014-MED-01"": 1213.479439473324}"
Kf96f9a6bd778c96a,C,"[""S001-FOD-01"", ""S001-MED-01"", ""S001-MED-02"", ""S001-WAT-01"", ""S001-WAT-06"", ""S010-MED-01"", ""S010-WAT-01"", ""S013-MED-01"", ""S013-WAT-01""]","[""S001"", ""S010"", ""S013""]",570.0,2833.268837928043,5.395775519811769,0.32552806002352885,2294.6892032823544,1244.74762857808,"{""S001-FOD-01"": 1236.2695386645796, ""S001-MED-01"": 1236.2695386645796, ""S001-MED-02"": 1236.2695386645796, ""S001-WAT-01"": 1236.2695386645796, ""S001-WAT-06"": 1236.2695386645796, ""S010-MED-01"": 1874.1675305965987, ""S010-WAT-01"": 1874.1675305965987, ""S013-MED-01"": 2355.25237142192, ""S013-WAT-01"": 2355.25237142192}"
Kf977006a97e78e63,B,"[""S004-MED-01"", ""S005-MED-01"", ""S008-HYG-01"", ""S008-MED-01""]","[""S005"", ""S004"", ""S008""]",420.0,2690.669414248849,3.0419247925589445,0.23951880186026386,1984.8340767755426,5180.019636914651,"{""S005-MED-01"": 1070.8417808175782, ""S004-MED-01"": 1536.6560427477425, ""S008-HYG-01"": 2019.9803630853498, ""S008-MED-01"": 2019.9803630853498}"
Kfa08563541d45ddb,C,"[""S001-MED-01"", ""S001-MED-02"", ""S001-WAT-01"", ""S006-HYG-01"", ""S006-MED-01"", ""S006-WAT-01"", ""S006-WAT-02"", ""S007-HYG-01"", ""S007-MED-01"", ""S007-WAT-01""]","[""S006"", ""S007"", ""S001""]",600.0,3053.3561519330365,6.062021108654724,0.2422473614181595,2475.130716927321,858.5433867315433,"{""S006-HYG-01"": 1257.4219339808324, ""S006-MED-01"": 1257.4219339808324, ""S006-WAT-01"": 1257.4219339808324, ""S006-WAT-02"": 1257.4219339808324, ""S007-HYG-01"": 1943.739912678076, ""S007-MED-01"": 1943.739912678076, ""S007-WAT-01"": 1943.739912678076, ""S001-MED-01"": 2741.4566132684567, ""S001-MED-02"": 2741.4566132684567, ""S001-WAT-01"": 2741.4566132684567}"
Kfa37925549ef4043,C,"[""S001-FOD-01"", ""S001-FOD-02"", ""S001-FOD-03"", ""S001-HYG-01"", ""S001-HYG-02"", ""S001-MED-01"", ""S001-MED-02"", ""S001-WAT-01"", ""S001-WAT-04"", ""S011-MED-01""]","[""S001"", ""S011""]",600.0,2156.648682680487,3.488180282396595,0.5639774647004256,1778.0488264824112,2189.7304613354204,"{""S001-FOD-01"": 1410.2695386645796, ""S001-FOD-02"": 1410.2695386645796, ""S001-FOD-03"": 1410.2695386645796, ""S001-HYG-01"": 1410.2695386645796, ""S001-HYG-02"": 1410.2695386645796, ""S001-MED-01"": 1410.2695386645796, ""S001-MED-02"": 1410.2695386645796, ""S001-WAT-01"": 1410.2695386645796, ""S001-WAT-04"": 1410.2695386645796, ""S011-MED-01"": 1852.3081540010596}"
Kfa4d4f8933fce1bf,C,"[""S001-FOD-01"", ""S001-MED-01"", ""S001-MED-02"", ""S001-WAT-01"", ""S001-WAT-05"", ""S010-MED-01"", ""S010-WAT-01"", ""S013-MED-01"", ""S013-WAT-01""]","[""S010"", ""S013"", ""S001""]",570.0,2760.2433635962584,5.920412907401133,0.2599483865748584,2436.7784957544736,1151.6561750683213,"{""S010-MED-01"": 1306.159205522987, ""S010-WAT-01"": 1306.159205522987, ""S013-MED-01"": 1787.2440463483085, ""S013-WAT-01"": 1787.2440463483085, ""S001-FOD-01"": 2448.3438249316787, ""S001-MED-01"": 2448.3438249316787, ""S001-MED-02"": 2448.3438249316787, ""S001-WAT-01"": 2448.3438249316787, ""S001-WAT-05"": 2448.3438249316787}"
Kfa680957f5135077,C,"[""S006-MED-01"", ""S006-WAT-01"", ""S007-FOD-01"", ""S007-HYG-01"", ""S007-MED-01"", ""S007-WAT-01"", ""S007-WAT-02""]","[""S007"", ""S006""]",510.0,2413.563141343093,4.2852380668139025,0.4643452416482622,1993.9186430954317,1538.5687926377395,"{""S007-FOD-01"": 1407.7432286650169, ""S007-HYG-01"": 1407.7432286650169, ""S007-MED-01"": 1407.7432286650169, ""S007-WAT-01"": 1407.7432286650169, ""S007-WAT-02"": 1407.7432286650169, ""S006-MED-01"": 2061.4312073622605, ""S006-WAT-01"": 2061.4312073622605}"
Kfa9ced7543732c27,C,"[""S008-FOD-01"", ""S008-MED-01"", ""S008-WAT-01"", ""S008-WAT-02""]","[""S008""]",420.0,2133.7012130854614,5.6576170595863235,0.29279786755170956,2365.6046203046294,5768.309393457269,"{""S008-FOD-01"": 1431.6906065427308, ""S008-MED-01"": 1431.6906065427308, ""S008-WAT-01"": 1431.6906065427308, ""S008-WAT-02"": 1431.6906065427308}"
Kfac36e6e3ebf4f9f,B,"[""S002-FOD-01"", ""S002-MED-01"", ""S002-WAT-02""]","[""S002""]",390.0,1816.6943000984638,2.7134222874379024,0.3216444281405244,1842.4829912230912,2379.712849950768,"{""S002-FOD-01"": 1220.287150049232, ""S002-MED-01"": 1220.287150049232, ""S002-WAT-02"": 1220.287150049232}"
Kfae4a7a3588fc948,C,"[""S006-FOD-01"", ""S006-HYG-01"", ""S006-MED-01"", ""S006-WAT-01"", ""S006-WAT-02"", ""S006-WAT-03"", ""S007-MED-01"", ""S007-WAT-01"", ""S011-MED-01""]","[""S011"", ""S007"", ""S006""]",570.0,2808.8234917311997,6.073810945995489,0.24077363175056388,2478.3237978737784,1143.3084422496327,"{""S011-MED-01"": 1081.9005286794275, ""S007-MED-01"": 1659.0035790531235, ""S007-WAT-01"": 1659.0035790531235, ""S006-FOD-01"": 2456.6915577503673, ""S006-HYG-01"": 2456.6915577503673, ""S006-MED-01"": 2456.6915577503673, ""S006-WAT-01"": 2456.6915577503673, ""S006-WAT-02"": 2456.6915577503673, ""S006-WAT-03"": 2456.6915577503673}"
Kfaebb255d58fd335,C,"[""S001-FOD-01"", ""S001-MED-01"", ""S001-MED-02"", ""S001-WAT-01"", ""S001-WAT-05"", ""S010-MED-01"", ""S010-WAT-01"", ""S013-MED-01"", ""S013-WAT-01""]","[""S001"", ""S010"", ""S013""]",570.0,2833.268837928043,5.395775519811769,0.32552806002352885,2294.6892032823544,1244.74762857808,"{""S001-FOD-01"": 1236.2695386645796, ""S001-MED-01"": 1236.2695386645796, ""S001-MED-02"": 1236.2695386645796, ""S001-WAT-01"": 1236.2695386645796, ""S001-WAT-05"": 1236.2695386645796, ""S010-MED-01"": 1874.1675305965987, ""S010-WAT-01"": 1874.1675305965987, ""S013-MED-01"": 2355.25237142192, ""S013-WAT-01"": 2355.25237142192}"
Kfb8609d18c2c0b68,C,"[""S004-FOD-01"", ""S004-HYG-01"", ""S004-MED-01"", ""S004-WAT-01"", ""S004-WAT-02""]","[""S004""]",450.0,2235.0566924832005,5.607839428260601,0.29902007146742493,2352.123178487246,5682.5016537584,"{""S004-FOD-01"": 1517.4983462416003, ""S004-HYG-01"": 1517.4983462416003, ""S004-MED-01"": 1517.4983462416003, ""S004-WAT-01"": 1517.4983462416003, ""S004-WAT-02"": 1517.4983462416003}"
Kfb993eaa7a899af9,C,"[""S001-FOD-02"", ""S001-HYG-01"", ""S001-MED-01"", ""S001-MED-02"", ""S001-WAT-01"", ""S001-WAT-02"", ""S001-WAT-03"", ""S013-MED-01"", ""S013-WAT-01""]","[""S001"", ""S013""]",570.0,2322.6157837540727,4.584623578989929,0.42692205262625893,2075.0022193097725,1755.40068275205,"{""S001-FOD-02"": 1308.2695386645796, ""S001-HYG-01"": 1308.2695386645796, ""S001-MED-01"": 1308.2695386645796, ""S001-MED-02"": 1308.2695386645796, ""S001-WAT-01"": 1308.2695386645796, ""S001-WAT-02"": 1308.2695386645796, ""S001-WAT-03"": 1308.2695386645796, ""S013-MED-01"": 1844.59931724795, ""S013-WAT-01"": 1844.59931724795}"
Kfbb8a945d7b274c8,B,"[""S003-FOD-01""]","[""S003""]",330.0,1960.5233035434708,2.315141136394266,0.42121471590143345,1669.8944924375153,,"{""S003-FOD-01"": 1228.2349851050687}"
Kfbd2e39d890999d0,C,"[""S001-FOD-01"", ""S001-MED-01"", ""S001-MED-02"", ""S001-WAT-01"", ""S011-FOD-01"", ""S011-MED-01"", ""S011-WAT-01""]","[""S011"", ""S001""]",510.0,1958.6486826804871,3.0978304552117333,0.6127711930985333,1672.3290816198444,1953.2508559840926,"{""S011-FOD-01"": 1093.9005286794275, ""S011-MED-01"": 1093.9005286794275, ""S011-WAT-01"": 1093.9005286794275, ""S001-FOD-01"": 1646.7491440159074, ""S001-MED-01"": 1646.7491440159074, ""S001-MED-02"": 1646.7491440159074, ""S001-WAT-01"": 1646.7491440159074}"
Kfc2cdca837a90197,C,"[""S003-FOD-01"", ""S003-FOD-02"", ""S003-HYG-01"", ""S003-MED-01"", ""S003-WAT-01"", ""S003-WAT-02"", ""S003-WAT-03""]","[""S003""]",510.0,2502.0913496046687,6.3240577359260435,0.20949278300924457,2546.098970146637,5488.494325197666,"{""S003-FOD-01"": 1711.5056748023344, ""S003-FOD-02"": 1711.5056748023344, ""S003-HYG-01"": 1711.5056748023344, ""S003-MED-01"": 1711.5056748023344, ""S003-WAT-01"": 1711.5056748023344, ""S003-WAT-02"": 1711.5056748023344, ""S003-WAT-03"": 1711.5056748023344}"
Kfca7f4cf9ffea002,B,"[""S011-MED-01""]","[""S011""]",330.0,1068.420472235157,0.8714508826909235,0.7821372793272692,1044.2953824994001,10013.603097215755,"{""S011-MED-01"": 786.3969027842452}"
Kfd05fea77b754f08,C,"[""S003-FOD-01"", ""S003-FOD-02"", ""S003-MED-01"", ""S003-WAT-01"", ""S006-MED-01"", ""S006-WAT-01"", ""S007-MED-01"", ""S007-WAT-01""]","[""S006"", ""S007"", ""S003""]",540.0,3133.589102405376,6.268469083216697,0.21644136459791286,2531.0437100378554,1824.260087321924,"{""S006-MED-01"": 1125.4219339808324, ""S006-WAT-01"": 1125.4219339808324, ""S007-MED-01"": 1775.739912678076, ""S007-WAT-01"": 1775.739912678076, ""S003-FOD-01"": 2343.0034276030415, ""S003-FOD-02"": 2343.0034276030415, ""S003-MED-01"": 2343.0034276030415, ""S003-WAT-01"": 2343.0034276030415}"
Kfd683f4331bdf59a,C,"[""S001-MED-01"", ""S001-MED-02"", ""S001-WAT-01"", ""S001-WAT-02"", ""S001-WAT-08"", ""S013-MED-01"", ""S013-WAT-01""]","[""S013"", ""S001""]",510.0,2190.6157837540723,4.767036500834545,0.4041204373956818,2124.4057189760224,1721.2837549105072,"{""S013-MED-01"": 1217.6164665061224, ""S013-WAT-01"": 1217.6164665061224, ""S001-MED-01"": 1878.7162450894928, ""S001-MED-02"": 1878.7162450894928, ""S001-WAT-01"": 1878.7162450894928, ""S001-WAT-02"": 1878.7162450894928, ""S001-WAT-08"": 1878.7162450894928}"
Kfe00427a6327ae9b,C,"[""S002-FOD-01"", ""S002-FOD-02"", ""S002-HYG-01"", ""S002-MED-01"", ""S002-WAT-03""]","[""S002""]",450.0,2041.8123848152609,5.170923949443319,0.35363450631958515,2233.791902974232,2178.6838075923697,"{""S002-FOD-01"": 1421.3161924076305, ""S002-FOD-02"": 1421.3161924076305, ""S002-HYG-01"": 1421.3161924076305, ""S002-MED-01"": 1421.3161924076305, ""S002-WAT-03"": 1421.3161924076305}"
Kfe1dffc499a7d436,C,"[""S015-MED-01""]","[""S015""]",330.0,1834.509722550674,3.853610855485568,0.518298643064304,1877.0196066940082,6027.085138724663,"{""S015-MED-01"": 1172.914861275337}"
Kfe9bfe39ff113d49,C,"[""S003-MED-01"", ""S003-WAT-01"", ""S003-WAT-03"", ""S006-MED-01"", ""S006-WAT-01"", ""S007-MED-01"", ""S007-WAT-01""]","[""S006"", ""S007"", ""S003""]",510.0,3067.589102405376,6.1769992714084845,0.22787509107393944,2506.2706360064644,1854.260087321924,"{""S006-MED-01"": 1095.4219339808324, ""S006-WAT-01"": 1095.4219339808324, ""S007-MED-01"": 1745.739912678076, ""S007-WAT-01"": 1745.739912678076, ""S003-MED-01"": 2277.0034276030415, ""S003-WAT-01"": 2277.0034276030415, ""S003-WAT-03"": 2277.0034276030415}"
Kfed722a513733279,C,"[""S002-FOD-01"", ""S002-FOD-02"", ""S002-HYG-01"", ""S002-MED-01"", ""S002-WAT-01""]","[""S002""]",450.0,2041.8123848152609,5.170923949443319,0.35363450631958515,2233.791902974232,2178.6838075923697,"{""S002-FOD-01"": 1421.3161924076305, ""S002-FOD-02"": 1421.3161924076305, ""S002-HYG-01"": 1421.3161924076305, ""S002-MED-01"": 1421.3161924076305, ""S002-WAT-01"": 1421.3161924076305}"
Kff05c85031b3a524,B,"[""S004-MED-01"", ""S005-MED-01"", ""S008-HYG-01"", ""S008-MED-01""]","[""S005"", ""S008"", ""S004""]",420.0,2714.4765403906035,3.0383959516023906,0.24040101209940234,1983.304912361036,5164.698611474369,"{""S005-MED-01"": 1070.8417808175782, ""S008-HYG-01"": 1579.137068188024, ""S008-MED-01"": 1579.137068188024, ""S004-MED-01"": 2035.3013885256314}"
Kffe4fbd12c9b3da0,B,"[""S007-WAT-01""]","[""S007""]",330.0,1516.2753989804246,1.5531797132313567,0.6117050716921608,1339.7112090669214,2594.2223005097876,"{""S007-WAT-01"": 1005.7776994902123}"
